pair,strategy,params,n_trades,win_rate,total_pnl,profit_factor,expectancy,max_drawdown,sharpe,avg_mfe,avg_mae,final_equity,score
ADA-USDT,EMASTACK,"{'max_pb': 0.01, 'vol_thresh': 1.5, 'rsi_lo': 38, 'rsi_hi': 66, 'rsi_exit': 73, 'min_adx': 15, 'allowed_hours': [], 'risk_pct': 0.01, 'max_hold_bars': 144, 'use_trail': True, 'trail_ema': 21, 'tp_atr_mult': 2.5, 'stop_extra': 0.002}",5,0.8,30.7563,13.4263,6.1513,0.2511,17.0714,0.0135,0.0023,3030.76,22.7004852
ADA-USDT,EMASTACK,"{'max_pb': 0.005, 'vol_thresh': 1.5, 'rsi_lo': 38, 'rsi_hi': 66, 'rsi_exit': 73, 'min_adx': 15, 'allowed_hours': [], 'risk_pct': 0.01, 'max_hold_bars': 144, 'use_trail': True, 'trail_ema': 21, 'tp_atr_mult': 2.5, 'stop_extra': 0.002}",5,0.8,30.7563,13.4263,6.1513,0.2511,17.0714,0.0135,0.0023,3030.76,22.7004852
ADA-USDT,EMASTACK,"{'max_pb': 0.005, 'vol_thresh': 1.5, 'rsi_lo': 38, 'rsi_hi': 66, 'rsi_exit': 73, 'min_adx': 20, 'allowed_hours': [], 'risk_pct': 0.01, 'max_hold_bars': 144, 'use_trail': True, 'trail_ema': 21, 'tp_atr_mult': 2.5, 'stop_extra': 0.002}",5,0.8,30.7563,13.4263,6.1513,0.2511,17.0714,0.0135,0.0023,3030.76,22.7004852
ADA-USDT,EMASTACK,"{'max_pb': 0.015, 'vol_thresh': 1.5, 'rsi_lo': 38, 'rsi_hi': 66, 'rsi_exit': 73, 'min_adx': 20, 'allowed_hours': [], 'risk_pct': 0.01, 'max_hold_bars': 144, 'use_trail': True, 'trail_ema': 21, 'tp_atr_mult': 2.5, 'stop_extra': 0.002}",5,0.8,30.7563,13.4263,6.1513,0.2511,17.0714,0.0135,0.0023,3030.76,22.7004852
ADA-USDT,EMASTACK,"{'max_pb': 0.015, 'vol_thresh': 1.5, 'rsi_lo': 38, 'rsi_hi': 66, 'rsi_exit': 73, 'min_adx': 15, 'allowed_hours': [], 'risk_pct': 0.01, 'max_hold_bars': 144, 'use_trail': True, 'trail_ema': 21, 'tp_atr_mult': 2.5, 'stop_extra': 0.002}",5,0.8,30.7563,13.4263,6.1513,0.2511,17.0714,0.0135,0.0023,3030.76,22.7004852
ADA-USDT,EMASTACK,"{'max_pb': 0.01, 'vol_thresh': 1.5, 'rsi_lo': 38, 'rsi_hi': 66, 'rsi_exit': 73, 'min_adx': 20, 'allowed_hours': [], 'risk_pct': 0.01, 'max_hold_bars': 144, 'use_trail': True, 'trail_ema': 21, 'tp_atr_mult': 2.5, 'stop_extra': 0.002}",5,0.8,30.7563,13.4263,6.1513,0.2511,17.0714,0.0135,0.0023,3030.76,22.7004852
SUI-USDT,STAB,"{'min_squeeze_bars': 5, 'vol_thresh': 2.0, 'stop_atr_mult': 1.5, 'adx_exit': 20, 'tp_atr_mult': 3.0, 'allowed_hours': [8, 9, 10, 14, 15, 16, 17, 18, 19, 20, 21], 'risk_pct': 0.01, 'max_hold_bars': 240, 'use_trail': True, 'trail_ema': 21}",5,1.0,27.1216,inf,5.4243,0.2506,15.9584,0.0059,0.0023,3027.12,22.2412464
SUI-USDT,STAB,"{'min_squeeze_bars': 5, 'vol_thresh': 2.0, 'stop_atr_mult': 1.5, 'adx_exit': 15, 'tp_atr_mult': 3.0, 'allowed_hours': [8, 9, 10, 14, 15, 16, 17, 18, 19, 20, 21], 'risk_pct': 0.01, 'max_hold_bars': 240, 'use_trail': True, 'trail_ema': 21}",5,1.0,27.1216,inf,5.4243,0.2506,15.9584,0.0059,0.0023,3027.12,22.2412464
SUI-USDT,STAB,"{'min_squeeze_bars': 5, 'vol_thresh': 2.5, 'stop_atr_mult': 1.5, 'adx_exit': 15, 'tp_atr_mult': 3.0, 'allowed_hours': [8, 9, 10, 14, 15, 16, 17, 18, 19, 20, 21], 'risk_pct': 0.01, 'max_hold_bars': 240, 'use_trail': True, 'trail_ema': 21}",5,1.0,27.1216,inf,5.4243,0.2506,15.9584,0.0059,0.0023,3027.12,22.2412464
SUI-USDT,STAB,"{'min_squeeze_bars': 5, 'vol_thresh': 2.5, 'stop_atr_mult': 1.5, 'adx_exit': 20, 'tp_atr_mult': 3.0, 'allowed_hours': [8, 9, 10, 14, 15, 16, 17, 18, 19, 20, 21], 'risk_pct': 0.01, 'max_hold_bars': 240, 'use_trail': True, 'trail_ema': 21}",5,1.0,27.1216,inf,5.4243,0.2506,15.9584,0.0059,0.0023,3027.12,22.2412464
SUI-USDT,STAB,"{'min_squeeze_bars': 5, 'vol_thresh': 1.5, 'stop_atr_mult': 1.5, 'adx_exit': 15, 'tp_atr_mult': 3.0, 'allowed_hours': [8, 9, 10, 14, 15, 16, 17, 18, 19, 20, 21], 'risk_pct': 0.01, 'max_hold_bars': 240, 'use_trail': True, 'trail_ema': 21}",6,1.0,30.0891,inf,5.0148,0.2506,15.8904,0.0055,0.0021,3030.09,22.225916400000003
SUI-USDT,STAB,"{'min_squeeze_bars': 5, 'vol_thresh': 1.5, 'stop_atr_mult': 1.5, 'adx_exit': 20, 'tp_atr_mult': 3.0, 'allowed_hours': [8, 9, 10, 14, 15, 16, 17, 18, 19, 20, 21], 'risk_pct': 0.01, 'max_hold_bars': 240, 'use_trail': True, 'trail_ema': 21}",6,1.0,30.0891,inf,5.0148,0.2506,15.8904,0.0055,0.0021,3030.09,22.225916400000003
SUI-USDT,STAB,"{'min_squeeze_bars': 5, 'vol_thresh': 1.5, 'stop_atr_mult': 2.5, 'adx_exit': 15, 'tp_atr_mult': 3.0, 'allowed_hours': [8, 9, 10, 14, 15, 16, 17, 18, 19, 20, 21], 'risk_pct': 0.01, 'max_hold_bars': 240, 'use_trail': True, 'trail_ema': 21}",6,1.0,28.4515,inf,4.7419,0.2506,15.8265,0.006,0.0021,3028.45,22.193806000000002
SUI-USDT,STAB,"{'min_squeeze_bars': 5, 'vol_thresh': 1.5, 'stop_atr_mult': 2.5, 'adx_exit': 20, 'tp_atr_mult': 3.0, 'allowed_hours': [8, 9, 10, 14, 15, 16, 17, 18, 19, 20, 21], 'risk_pct': 0.01, 'max_hold_bars': 240, 'use_trail': True, 'trail_ema': 21}",6,1.0,28.4515,inf,4.7419,0.2506,15.8265,0.006,0.0021,3028.45,22.193806000000002
SUI-USDT,STAB,"{'min_squeeze_bars': 5, 'vol_thresh': 2.0, 'stop_atr_mult': 2.0, 'adx_exit': 15, 'tp_atr_mult': 3.0, 'allowed_hours': [8, 9, 10, 14, 15, 16, 17, 18, 19, 20, 21], 'risk_pct': 0.01, 'max_hold_bars': 240, 'use_trail': True, 'trail_ema': 21}",5,1.0,30.6925,inf,6.1385,0.2506,15.8029,0.0059,0.0023,3030.69,22.19333
SUI-USDT,STAB,"{'min_squeeze_bars': 5, 'vol_thresh': 2.0, 'stop_atr_mult': 2.0, 'adx_exit': 20, 'tp_atr_mult': 3.0, 'allowed_hours': [8, 9, 10, 14, 15, 16, 17, 18, 19, 20, 21], 'risk_pct': 0.01, 'max_hold_bars': 240, 'use_trail': True, 'trail_ema': 21}",5,1.0,30.6925,inf,6.1385,0.2506,15.8029,0.0059,0.0023,3030.69,22.19333
SUI-USDT,STAB,"{'min_squeeze_bars': 5, 'vol_thresh': 2.5, 'stop_atr_mult': 2.0, 'adx_exit': 15, 'tp_atr_mult': 3.0, 'allowed_hours': [8, 9, 10, 14, 15, 16, 17, 18, 19, 20, 21], 'risk_pct': 0.01, 'max_hold_bars': 240, 'use_trail': True, 'trail_ema': 21}",5,1.0,30.6925,inf,6.1385,0.2506,15.8029,0.0059,0.0023,3030.69,22.19333
SUI-USDT,STAB,"{'min_squeeze_bars': 5, 'vol_thresh': 2.5, 'stop_atr_mult': 2.0, 'adx_exit': 20, 'tp_atr_mult': 3.0, 'allowed_hours': [8, 9, 10, 14, 15, 16, 17, 18, 19, 20, 21], 'risk_pct': 0.01, 'max_hold_bars': 240, 'use_trail': True, 'trail_ema': 21}",5,1.0,30.6925,inf,6.1385,0.2506,15.8029,0.0059,0.0023,3030.69,22.19333
SUI-USDT,STAB,"{'min_squeeze_bars': 5, 'vol_thresh': 2.0, 'stop_atr_mult': 2.5, 'adx_exit': 20, 'tp_atr_mult': 3.0, 'allowed_hours': [8, 9, 10, 14, 15, 16, 17, 18, 19, 20, 21], 'risk_pct': 0.01, 'max_hold_bars': 240, 'use_trail': True, 'trail_ema': 21}",5,1.0,25.4856,inf,5.0971,0.2506,15.7503,0.0064,0.0023,3025.49,22.1514624
SUI-USDT,STAB,"{'min_squeeze_bars': 5, 'vol_thresh': 2.5, 'stop_atr_mult': 2.5, 'adx_exit': 15, 'tp_atr_mult': 3.0, 'allowed_hours': [8, 9, 10, 14, 15, 16, 17, 18, 19, 20, 21], 'risk_pct': 0.01, 'max_hold_bars': 240, 'use_trail': True, 'trail_ema': 21}",5,1.0,25.4856,inf,5.0971,0.2506,15.7503,0.0064,0.0023,3025.49,22.1514624
SUI-USDT,STAB,"{'min_squeeze_bars': 5, 'vol_thresh': 2.0, 'stop_atr_mult': 2.5, 'adx_exit': 15, 'tp_atr_mult': 3.0, 'allowed_hours': [8, 9, 10, 14, 15, 16, 17, 18, 19, 20, 21], 'risk_pct': 0.01, 'max_hold_bars': 240, 'use_trail': True, 'trail_ema': 21}",5,1.0,25.4856,inf,5.0971,0.2506,15.7503,0.0064,0.0023,3025.49,22.1514624
SUI-USDT,STAB,"{'min_squeeze_bars': 5, 'vol_thresh': 2.5, 'stop_atr_mult': 2.5, 'adx_exit': 20, 'tp_atr_mult': 3.0, 'allowed_hours': [8, 9, 10, 14, 15, 16, 17, 18, 19, 20, 21], 'risk_pct': 0.01, 'max_hold_bars': 240, 'use_trail': True, 'trail_ema': 21}",5,1.0,25.4856,inf,5.0971,0.2506,15.7503,0.0064,0.0023,3025.49,22.1514624
SUI-USDT,STAB,"{'min_squeeze_bars': 5, 'vol_thresh': 1.5, 'stop_atr_mult': 2.0, 'adx_exit': 15, 'tp_atr_mult': 3.0, 'allowed_hours': [8, 9, 10, 14, 15, 16, 17, 18, 19, 20, 21], 'risk_pct': 0.01, 'max_hold_bars': 240, 'use_trail': True, 'trail_ema': 21}",6,1.0,33.6634,inf,5.6106,0.2506,15.486,0.0055,0.0021,3033.66,22.078453600000003
SUI-USDT,STAB,"{'min_squeeze_bars': 5, 'vol_thresh': 1.5, 'stop_atr_mult': 2.0, 'adx_exit': 20, 'tp_atr_mult': 3.0, 'allowed_hours': [8, 9, 10, 14, 15, 16, 17, 18, 19, 20, 21], 'risk_pct': 0.01, 'max_hold_bars': 240, 'use_trail': True, 'trail_ema': 21}",6,1.0,33.6634,inf,5.6106,0.2506,15.486,0.0055,0.0021,3033.66,22.078453600000003
ADA-USDT,EMASTACK,"{'max_pb': 0.015, 'vol_thresh': 1.5, 'rsi_lo': 45, 'rsi_hi': 73, 'rsi_exit': 80, 'min_adx': 20, 'allowed_hours': [], 'risk_pct': 0.01, 'max_hold_bars': 144, 'use_trail': True, 'trail_ema': 21, 'tp_atr_mult': 2.5, 'stop_extra': 0.002}",5,0.8,19.981,9.0728,3.9962,0.2511,11.9847,0.0137,0.0023,3019.98,19.231904
ADA-USDT,EMASTACK,"{'max_pb': 0.005, 'vol_thresh': 1.5, 'rsi_lo': 50, 'rsi_hi': 78, 'rsi_exit': 85, 'min_adx': 20, 'allowed_hours': [], 'risk_pct': 0.01, 'max_hold_bars': 144, 'use_trail': True, 'trail_ema': 21, 'tp_atr_mult': 2.5, 'stop_extra': 0.002}",5,0.8,19.981,9.0728,3.9962,0.2511,11.9847,0.0137,0.0023,3019.98,19.231904
ADA-USDT,EMASTACK,"{'max_pb': 0.01, 'vol_thresh': 1.5, 'rsi_lo': 45, 'rsi_hi': 73, 'rsi_exit': 80, 'min_adx': 20, 'allowed_hours': [], 'risk_pct': 0.01, 'max_hold_bars': 144, 'use_trail': True, 'trail_ema': 21, 'tp_atr_mult': 2.5, 'stop_extra': 0.002}",5,0.8,19.981,9.0728,3.9962,0.2511,11.9847,0.0137,0.0023,3019.98,19.231904
ADA-USDT,EMASTACK,"{'max_pb': 0.01, 'vol_thresh': 1.5, 'rsi_lo': 50, 'rsi_hi': 78, 'rsi_exit': 85, 'min_adx': 15, 'allowed_hours': [], 'risk_pct': 0.01, 'max_hold_bars': 144, 'use_trail': True, 'trail_ema': 21, 'tp_atr_mult': 2.5, 'stop_extra': 0.002}",5,0.8,19.981,9.0728,3.9962,0.2511,11.9847,0.0137,0.0023,3019.98,19.231904
ADA-USDT,EMASTACK,"{'max_pb': 0.01, 'vol_thresh': 1.5, 'rsi_lo': 50, 'rsi_hi': 78, 'rsi_exit': 85, 'min_adx': 20, 'allowed_hours': [], 'risk_pct': 0.01, 'max_hold_bars': 144, 'use_trail': True, 'trail_ema': 21, 'tp_atr_mult': 2.5, 'stop_extra': 0.002}",5,0.8,19.981,9.0728,3.9962,0.2511,11.9847,0.0137,0.0023,3019.98,19.231904
ADA-USDT,EMASTACK,"{'max_pb': 0.015, 'vol_thresh': 1.5, 'rsi_lo': 50, 'rsi_hi': 78, 'rsi_exit': 85, 'min_adx': 15, 'allowed_hours': [], 'risk_pct': 0.01, 'max_hold_bars': 144, 'use_trail': True, 'trail_ema': 21, 'tp_atr_mult': 2.5, 'stop_extra': 0.002}",5,0.8,19.981,9.0728,3.9962,0.2511,11.9847,0.0137,0.0023,3019.98,19.231904
ADA-USDT,EMASTACK,"{'max_pb': 0.015, 'vol_thresh': 1.5, 'rsi_lo': 50, 'rsi_hi': 78, 'rsi_exit': 85, 'min_adx': 20, 'allowed_hours': [], 'risk_pct': 0.01, 'max_hold_bars': 144, 'use_trail': True, 'trail_ema': 21, 'tp_atr_mult': 2.5, 'stop_extra': 0.002}",5,0.8,19.981,9.0728,3.9962,0.2511,11.9847,0.0137,0.0023,3019.98,19.231904
ADA-USDT,EMASTACK,"{'max_pb': 0.01, 'vol_thresh': 1.5, 'rsi_lo': 45, 'rsi_hi': 73, 'rsi_exit': 80, 'min_adx': 15, 'allowed_hours': [], 'risk_pct': 0.01, 'max_hold_bars': 144, 'use_trail': True, 'trail_ema': 21, 'tp_atr_mult': 2.5, 'stop_extra': 0.002}",5,0.8,19.981,9.0728,3.9962,0.2511,11.9847,0.0137,0.0023,3019.98,19.231904
ADA-USDT,EMASTACK,"{'max_pb': 0.005, 'vol_thresh': 1.5, 'rsi_lo': 45, 'rsi_hi': 73, 'rsi_exit': 80, 'min_adx': 15, 'allowed_hours': [], 'risk_pct': 0.01, 'max_hold_bars': 144, 'use_trail': True, 'trail_ema': 21, 'tp_atr_mult': 2.5, 'stop_extra': 0.002}",5,0.8,19.981,9.0728,3.9962,0.2511,11.9847,0.0137,0.0023,3019.98,19.231904
ADA-USDT,EMASTACK,"{'max_pb': 0.015, 'vol_thresh': 1.5, 'rsi_lo': 45, 'rsi_hi': 73, 'rsi_exit': 80, 'min_adx': 15, 'allowed_hours': [], 'risk_pct': 0.01, 'max_hold_bars': 144, 'use_trail': True, 'trail_ema': 21, 'tp_atr_mult': 2.5, 'stop_extra': 0.002}",5,0.8,19.981,9.0728,3.9962,0.2511,11.9847,0.0137,0.0023,3019.98,19.231904
ADA-USDT,EMASTACK,"{'max_pb': 0.005, 'vol_thresh': 1.5, 'rsi_lo': 45, 'rsi_hi': 73, 'rsi_exit': 80, 'min_adx': 20, 'allowed_hours': [], 'risk_pct': 0.01, 'max_hold_bars': 144, 'use_trail': True, 'trail_ema': 21, 'tp_atr_mult': 2.5, 'stop_extra': 0.002}",5,0.8,19.981,9.0728,3.9962,0.2511,11.9847,0.0137,0.0023,3019.98,19.231904
ADA-USDT,EMASTACK,"{'max_pb': 0.005, 'vol_thresh': 1.5, 'rsi_lo': 50, 'rsi_hi': 78, 'rsi_exit': 85, 'min_adx': 15, 'allowed_hours': [], 'risk_pct': 0.01, 'max_hold_bars': 144, 'use_trail': True, 'trail_ema': 21, 'tp_atr_mult': 2.5, 'stop_extra': 0.002}",5,0.8,19.981,9.0728,3.9962,0.2511,11.9847,0.0137,0.0023,3019.98,19.231904
ENA-USDT,EMASTACK,"{'max_pb': 0.01, 'vol_thresh': 1.2, 'rsi_lo': 50, 'rsi_hi': 78, 'rsi_exit': 85, 'min_adx': 20, 'allowed_hours': [8, 9, 10, 14, 15, 16, 17, 18, 19, 20, 21], 'risk_pct': 0.01, 'max_hold_bars': 144, 'use_trail': True, 'trail_ema': 21, 'tp_atr_mult': 2.5, 'stop_extra': 0.002}",5,0.4,97.7372,7.1757,19.5474,0.2521,9.9602,0.0712,0.0085,3097.74,15.8864788
ENA-USDT,EMASTACK,"{'max_pb': 0.005, 'vol_thresh': 1.2, 'rsi_lo': 50, 'rsi_hi': 78, 'rsi_exit': 85, 'min_adx': 20, 'allowed_hours': [8, 9, 10, 14, 15, 16, 17, 18, 19, 20, 21], 'risk_pct': 0.01, 'max_hold_bars': 144, 'use_trail': True, 'trail_ema': 21, 'tp_atr_mult': 2.5, 'stop_extra': 0.002}",5,0.4,97.7372,7.1757,19.5474,0.2521,9.9602,0.0712,0.0085,3097.74,15.8864788
ENA-USDT,EMASTACK,"{'max_pb': 0.005, 'vol_thresh': 1.2, 'rsi_lo': 50, 'rsi_hi': 78, 'rsi_exit': 85, 'min_adx': 15, 'allowed_hours': [8, 9, 10, 14, 15, 16, 17, 18, 19, 20, 21], 'risk_pct': 0.01, 'max_hold_bars': 144, 'use_trail': True, 'trail_ema': 21, 'tp_atr_mult': 2.5, 'stop_extra': 0.002}",5,0.4,97.7372,7.1757,19.5474,0.2521,9.9602,0.0712,0.0085,3097.74,15.8864788
ENA-USDT,EMASTACK,"{'max_pb': 0.005, 'vol_thresh': 1.2, 'rsi_lo': 45, 'rsi_hi': 73, 'rsi_exit': 80, 'min_adx': 20, 'allowed_hours': [8, 9, 10, 14, 15, 16, 17, 18, 19, 20, 21], 'risk_pct': 0.01, 'max_hold_bars': 144, 'use_trail': True, 'trail_ema': 21, 'tp_atr_mult': 2.5, 'stop_extra': 0.002}",5,0.4,97.7372,7.1757,19.5474,0.2521,9.9602,0.0712,0.0085,3097.74,15.8864788
ENA-USDT,EMASTACK,"{'max_pb': 0.005, 'vol_thresh': 1.2, 'rsi_lo': 45, 'rsi_hi': 73, 'rsi_exit': 80, 'min_adx': 15, 'allowed_hours': [8, 9, 10, 14, 15, 16, 17, 18, 19, 20, 21], 'risk_pct': 0.01, 'max_hold_bars': 144, 'use_trail': True, 'trail_ema': 21, 'tp_atr_mult': 2.5, 'stop_extra': 0.002}",5,0.4,97.7372,7.1757,19.5474,0.2521,9.9602,0.0712,0.0085,3097.74,15.8864788
ENA-USDT,EMASTACK,"{'max_pb': 0.01, 'vol_thresh': 1.2, 'rsi_lo': 45, 'rsi_hi': 73, 'rsi_exit': 80, 'min_adx': 20, 'allowed_hours': [8, 9, 10, 14, 15, 16, 17, 18, 19, 20, 21], 'risk_pct': 0.01, 'max_hold_bars': 144, 'use_trail': True, 'trail_ema': 21, 'tp_atr_mult': 2.5, 'stop_extra': 0.002}",5,0.4,97.7372,7.1757,19.5474,0.2521,9.9602,0.0712,0.0085,3097.74,15.8864788
ENA-USDT,EMASTACK,"{'max_pb': 0.005, 'vol_thresh': 1.2, 'rsi_lo': 38, 'rsi_hi': 66, 'rsi_exit': 73, 'min_adx': 20, 'allowed_hours': [], 'risk_pct': 0.01, 'max_hold_bars': 144, 'use_trail': True, 'trail_ema': 21, 'tp_atr_mult': 2.5, 'stop_extra': 0.002}",5,0.4,97.7678,7.1351,19.5536,0.2521,9.9467,0.0493,0.0086,3097.77,15.820301200000001
SUI-USDT,STAB,"{'min_squeeze_bars': 3, 'vol_thresh': 1.5, 'stop_atr_mult': 2.0, 'adx_exit': 20, 'tp_atr_mult': 3.0, 'allowed_hours': [8, 9, 10, 14, 15, 16, 17, 18, 19, 20, 21], 'risk_pct': 0.01, 'max_hold_bars': 240, 'use_trail': True, 'trail_ema': 21}",7,0.8571,28.2677,6.2389,4.0382,0.2518,9.7549,0.0051,0.0027,3028.27,14.1215808
SUI-USDT,STAB,"{'min_squeeze_bars': 3, 'vol_thresh': 1.5, 'stop_atr_mult': 2.0, 'adx_exit': 15, 'tp_atr_mult': 3.0, 'allowed_hours': [8, 9, 10, 14, 15, 16, 17, 18, 19, 20, 21], 'risk_pct': 0.01, 'max_hold_bars': 240, 'use_trail': True, 'trail_ema': 21}",7,0.8571,28.2677,6.2389,4.0382,0.2518,9.7549,0.0051,0.0027,3028.27,14.1215808
ENA-USDT,EMASTACK,"{'max_pb': 0.01, 'vol_thresh': 1.2, 'rsi_lo': 38, 'rsi_hi': 66, 'rsi_exit': 73, 'min_adx': 20, 'allowed_hours': [], 'risk_pct': 0.01, 'max_hold_bars': 144, 'use_trail': True, 'trail_ema': 21, 'tp_atr_mult': 2.5, 'stop_extra': 0.002}",5,0.4,94.752,6.0171,18.9504,0.2514,9.4853,0.0457,0.0095,3094.75,13.947378
SUI-USDT,STAB,"{'min_squeeze_bars': 3, 'vol_thresh': 2.5, 'stop_atr_mult': 2.0, 'adx_exit': 15, 'tp_atr_mult': 3.0, 'allowed_hours': [8, 9, 10, 14, 15, 16, 17, 18, 19, 20, 21], 'risk_pct': 0.01, 'max_hold_bars': 240, 'use_trail': True, 'trail_ema': 21}",6,0.8333,25.302,5.6938,4.217,0.2518,9.4533,0.0052,0.003,3025.3,13.171428
SUI-USDT,STAB,"{'min_squeeze_bars': 3, 'vol_thresh': 2.5, 'stop_atr_mult': 2.0, 'adx_exit': 20, 'tp_atr_mult': 3.0, 'allowed_hours': [8, 9, 10, 14, 15, 16, 17, 18, 19, 20, 21], 'risk_pct': 0.01, 'max_hold_bars': 240, 'use_trail': True, 'trail_ema': 21}",6,0.8333,25.302,5.6938,4.217,0.2518,9.4533,0.0052,0.003,3025.3,13.171428
SUI-USDT,STAB,"{'min_squeeze_bars': 3, 'vol_thresh': 2.0, 'stop_atr_mult': 2.0, 'adx_exit': 15, 'tp_atr_mult': 3.0, 'allowed_hours': [8, 9, 10, 14, 15, 16, 17, 18, 19, 20, 21], 'risk_pct': 0.01, 'max_hold_bars': 240, 'use_trail': True, 'trail_ema': 21}",6,0.8333,25.302,5.6938,4.217,0.2518,9.4533,0.0052,0.003,3025.3,13.171428
SUI-USDT,STAB,"{'min_squeeze_bars': 3, 'vol_thresh': 2.0, 'stop_atr_mult': 2.0, 'adx_exit': 20, 'tp_atr_mult': 3.0, 'allowed_hours': [8, 9, 10, 14, 15, 16, 17, 18, 19, 20, 21], 'risk_pct': 0.01, 'max_hold_bars': 240, 'use_trail': True, 'trail_ema': 21}",6,0.8333,25.302,5.6938,4.217,0.2518,9.4533,0.0052,0.003,3025.3,13.171428
ENA-USDT,EMASTACK,"{'max_pb': 0.005, 'vol_thresh': 1.2, 'rsi_lo': 45, 'rsi_hi': 73, 'rsi_exit': 80, 'min_adx': 20, 'allowed_hours': [], 'risk_pct': 0.01, 'max_hold_bars': 144, 'use_trail': True, 'trail_ema': 21, 'tp_atr_mult': 2.5, 'stop_extra': 0.002}",6,0.3333,93.9453,5.7887,15.6575,0.2521,8.3575,0.0604,0.0082,3093.95,13.1497312
SUI-USDT,STAB,"{'min_squeeze_bars': 3, 'vol_thresh': 1.5, 'stop_atr_mult': 1.5, 'adx_exit': 15, 'tp_atr_mult': 3.0, 'allowed_hours': [8, 9, 10, 14, 15, 16, 17, 18, 19, 20, 21], 'risk_pct': 0.01, 'max_hold_bars': 240, 'use_trail': True, 'trail_ema': 21}",7,0.8571,24.6997,5.583,3.5285,0.2518,9.4996,0.0051,0.0027,3024.7,13.0213388
SUI-USDT,STAB,"{'min_squeeze_bars': 3, 'vol_thresh': 1.5, 'stop_atr_mult': 1.5, 'adx_exit': 20, 'tp_atr_mult': 3.0, 'allowed_hours': [8, 9, 10, 14, 15, 16, 17, 18, 19, 20, 21], 'risk_pct': 0.01, 'max_hold_bars': 240, 'use_trail': True, 'trail_ema': 21}",7,0.8571,24.6997,5.583,3.5285,0.2518,9.4996,0.0051,0.0027,3024.7,13.0213388
SUI-USDT,STAB,"{'min_squeeze_bars': 3, 'vol_thresh': 1.5, 'stop_atr_mult': 2.5, 'adx_exit': 15, 'tp_atr_mult': 3.0, 'allowed_hours': [8, 9, 10, 14, 15, 16, 17, 18, 19, 20, 21], 'risk_pct': 0.01, 'max_hold_bars': 240, 'use_trail': True, 'trail_ema': 21}",7,0.8571,23.065,5.282,3.295,0.2518,9.2535,0.0055,0.0027,3023.06,12.464860000000002
SUI-USDT,STAB,"{'min_squeeze_bars': 3, 'vol_thresh': 1.5, 'stop_atr_mult': 2.5, 'adx_exit': 20, 'tp_atr_mult': 3.0, 'allowed_hours': [8, 9, 10, 14, 15, 16, 17, 18, 19, 20, 21], 'risk_pct': 0.01, 'max_hold_bars': 240, 'use_trail': True, 'trail_ema': 21}",7,0.8571,23.065,5.282,3.295,0.2518,9.2535,0.0055,0.0027,3023.06,12.464860000000002
ENA-USDT,EMASTACK,"{'max_pb': 0.005, 'vol_thresh': 1.2, 'rsi_lo': 38, 'rsi_hi': 66, 'rsi_exit': 73, 'min_adx': 15, 'allowed_hours': [], 'risk_pct': 0.01, 'max_hold_bars': 144, 'use_trail': True, 'trail_ema': 21, 'tp_atr_mult': 2.5, 'stop_extra': 0.002}",6,0.3333,92.157,5.3184,15.3595,0.2542,8.1498,0.0425,0.0099,3092.16,12.351948
ENA-USDT,EMASTACK,"{'max_pb': 0.01, 'vol_thresh': 1.2, 'rsi_lo': 38, 'rsi_hi': 66, 'rsi_exit': 73, 'min_adx': 15, 'allowed_hours': [8, 9, 10, 14, 15, 16, 17, 18, 19, 20, 21], 'risk_pct': 0.01, 'max_hold_bars': 144, 'use_trail': True, 'trail_ema': 21, 'tp_atr_mult': 2.5, 'stop_extra': 0.002}",5,0.4,90.8554,5.046,18.1711,0.2535,8.9651,0.05,0.0104,3090.86,12.2649616
SUI-USDT,STAB,"{'min_squeeze_bars': 3, 'vol_thresh': 2.0, 'stop_atr_mult': 1.5, 'adx_exit': 15, 'tp_atr_mult': 3.0, 'allowed_hours': [8, 9, 10, 14, 15, 16, 17, 18, 19, 20, 21], 'risk_pct': 0.01, 'max_hold_bars': 240, 'use_trail': True, 'trail_ema': 21}",6,0.8333,21.7375,5.0373,3.6229,0.2518,9.0385,0.0052,0.003,3021.74,12.0065
SUI-USDT,STAB,"{'min_squeeze_bars': 3, 'vol_thresh': 2.0, 'stop_atr_mult': 1.5, 'adx_exit': 20, 'tp_atr_mult': 3.0, 'allowed_hours': [8, 9, 10, 14, 15, 16, 17, 18, 19, 20, 21], 'risk_pct': 0.01, 'max_hold_bars': 240, 'use_trail': True, 'trail_ema': 21}",6,0.8333,21.7375,5.0373,3.6229,0.2518,9.0385,0.0052,0.003,3021.74,12.0065
SUI-USDT,STAB,"{'min_squeeze_bars': 3, 'vol_thresh': 2.5, 'stop_atr_mult': 1.5, 'adx_exit': 20, 'tp_atr_mult': 3.0, 'allowed_hours': [8, 9, 10, 14, 15, 16, 17, 18, 19, 20, 21], 'risk_pct': 0.01, 'max_hold_bars': 240, 'use_trail': True, 'trail_ema': 21}",6,0.8333,21.7375,5.0373,3.6229,0.2518,9.0385,0.0052,0.003,3021.74,12.0065
SUI-USDT,STAB,"{'min_squeeze_bars': 3, 'vol_thresh': 2.5, 'stop_atr_mult': 1.5, 'adx_exit': 15, 'tp_atr_mult': 3.0, 'allowed_hours': [8, 9, 10, 14, 15, 16, 17, 18, 19, 20, 21], 'risk_pct': 0.01, 'max_hold_bars': 240, 'use_trail': True, 'trail_ema': 21}",6,0.8333,21.7375,5.0373,3.6229,0.2518,9.0385,0.0052,0.003,3021.74,12.0065
ADA-USDT,EMASTACK,"{'max_pb': 0.005, 'vol_thresh': 1.2, 'rsi_lo': 38, 'rsi_hi': 66, 'rsi_exit': 73, 'min_adx': 20, 'allowed_hours': [], 'risk_pct': 0.01, 'max_hold_bars': 144, 'use_trail': True, 'trail_ema': 21, 'tp_atr_mult': 2.5, 'stop_extra': 0.002}",7,0.5714,26.2523,4.78,3.7503,0.2517,9.7015,0.0108,0.0022,3026.25,11.903909200000001
ADA-USDT,EMASTACK,"{'max_pb': 0.01, 'vol_thresh': 1.2, 'rsi_lo': 38, 'rsi_hi': 66, 'rsi_exit': 73, 'min_adx': 20, 'allowed_hours': [], 'risk_pct': 0.01, 'max_hold_bars': 144, 'use_trail': True, 'trail_ema': 21, 'tp_atr_mult': 2.5, 'stop_extra': 0.002}",7,0.5714,26.2523,4.78,3.7503,0.2517,9.7015,0.0108,0.0022,3026.25,11.903909200000001
ADA-USDT,EMASTACK,"{'max_pb': 0.015, 'vol_thresh': 1.2, 'rsi_lo': 38, 'rsi_hi': 66, 'rsi_exit': 73, 'min_adx': 20, 'allowed_hours': [], 'risk_pct': 0.01, 'max_hold_bars': 144, 'use_trail': True, 'trail_ema': 21, 'tp_atr_mult': 2.5, 'stop_extra': 0.002}",7,0.5714,26.2523,4.78,3.7503,0.2517,9.7015,0.0108,0.0022,3026.25,11.903909200000001
ENA-USDT,EMASTACK,"{'max_pb': 0.01, 'vol_thresh': 1.2, 'rsi_lo': 45, 'rsi_hi': 73, 'rsi_exit': 80, 'min_adx': 20, 'allowed_hours': [], 'risk_pct': 0.01, 'max_hold_bars': 144, 'use_trail': True, 'trail_ema': 21, 'tp_atr_mult': 2.5, 'stop_extra': 0.002}",6,0.3333,90.9332,5.0299,15.1555,0.2514,7.9874,0.0574,0.009,3090.93,11.8521428
SUI-USDT,STAB,"{'min_squeeze_bars': 3, 'vol_thresh': 2.0, 'stop_atr_mult': 2.5, 'adx_exit': 15, 'tp_atr_mult': 3.0, 'allowed_hours': [8, 9, 10, 14, 15, 16, 17, 18, 19, 20, 21], 'risk_pct': 0.01, 'max_hold_bars': 240, 'use_trail': True, 'trail_ema': 21}",6,0.8333,20.1044,4.736,3.3507,0.2518,8.716,0.0057,0.003,3020.1,11.4190176
SUI-USDT,STAB,"{'min_squeeze_bars': 3, 'vol_thresh': 2.0, 'stop_atr_mult': 2.5, 'adx_exit': 20, 'tp_atr_mult': 3.0, 'allowed_hours': [8, 9, 10, 14, 15, 16, 17, 18, 19, 20, 21], 'risk_pct': 0.01, 'max_hold_bars': 240, 'use_trail': True, 'trail_ema': 21}",6,0.8333,20.1044,4.736,3.3507,0.2518,8.716,0.0057,0.003,3020.1,11.4190176
SUI-USDT,STAB,"{'min_squeeze_bars': 3, 'vol_thresh': 2.5, 'stop_atr_mult': 2.5, 'adx_exit': 15, 'tp_atr_mult': 3.0, 'allowed_hours': [8, 9, 10, 14, 15, 16, 17, 18, 19, 20, 21], 'risk_pct': 0.01, 'max_hold_bars': 240, 'use_trail': True, 'trail_ema': 21}",6,0.8333,20.1044,4.736,3.3507,0.2518,8.716,0.0057,0.003,3020.1,11.4190176
SUI-USDT,STAB,"{'min_squeeze_bars': 3, 'vol_thresh': 2.5, 'stop_atr_mult': 2.5, 'adx_exit': 20, 'tp_atr_mult': 3.0, 'allowed_hours': [8, 9, 10, 14, 15, 16, 17, 18, 19, 20, 21], 'risk_pct': 0.01, 'max_hold_bars': 240, 'use_trail': True, 'trail_ema': 21}",6,0.8333,20.1044,4.736,3.3507,0.2518,8.716,0.0057,0.003,3020.1,11.4190176
ENA-USDT,EMASTACK,"{'max_pb': 0.005, 'vol_thresh': 1.2, 'rsi_lo': 45, 'rsi_hi': 73, 'rsi_exit': 80, 'min_adx': 15, 'allowed_hours': [], 'risk_pct': 0.01, 'max_hold_bars': 144, 'use_trail': True, 'trail_ema': 21, 'tp_atr_mult': 2.5, 'stop_extra': 0.002}",7,0.2857,88.3414,4.5314,12.6202,0.2542,7.0404,0.053,0.0094,3088.34,10.7124256
ENA-USDT,EMASTACK,"{'max_pb': 0.01, 'vol_thresh': 1.2, 'rsi_lo': 50, 'rsi_hi': 78, 'rsi_exit': 85, 'min_adx': 15, 'allowed_hours': [8, 9, 10, 14, 15, 16, 17, 18, 19, 20, 21], 'risk_pct': 0.01, 'max_hold_bars': 144, 'use_trail': True, 'trail_ema': 21, 'tp_atr_mult': 2.5, 'stop_extra': 0.002}",6,0.3333,87.0414,4.3311,14.5069,0.2544,7.5641,0.0609,0.0097,3087.04,10.6160556
ENA-USDT,EMASTACK,"{'max_pb': 0.01, 'vol_thresh': 1.2, 'rsi_lo': 45, 'rsi_hi': 73, 'rsi_exit': 80, 'min_adx': 15, 'allowed_hours': [8, 9, 10, 14, 15, 16, 17, 18, 19, 20, 21], 'risk_pct': 0.01, 'max_hold_bars': 144, 'use_trail': True, 'trail_ema': 21, 'tp_atr_mult': 2.5, 'stop_extra': 0.002}",6,0.3333,87.0414,4.3311,14.5069,0.2544,7.5641,0.0609,0.0097,3087.04,10.6160556
ENA-USDT,HVOL,"{'min_adx': 25, 'vol_thresh': 2.0, 'max_ext': 0.01, 'adx_exit': 20, 'allowed_hours': [], 'risk_pct': 0.01, 'max_hold_bars': 120, 'use_trail': False, 'tp_atr_mult': 2.5}",9,0.5556,246.9295,3.5128,27.4366,0.2721,8.7522,0.1221,0.0371,3246.93,10.485698000000001
ENA-USDT,HVOL,"{'min_adx': 30, 'vol_thresh': 2.0, 'max_ext': 0.01, 'adx_exit': 20, 'allowed_hours': [], 'risk_pct': 0.01, 'max_hold_bars': 120, 'use_trail': False, 'tp_atr_mult': 2.5}",7,0.5714,168.7408,3.5654,24.1058,0.2721,8.7112,0.1326,0.0393,3168.74,10.235443199999999
UNI-USDT,EMASTACK,"{'max_pb': 0.015, 'vol_thresh': 2.0, 'rsi_lo': 50, 'rsi_hi': 78, 'rsi_exit': 85, 'min_adx': 25, 'allowed_hours': [], 'risk_pct': 0.01, 'max_hold_bars': 144, 'use_trail': True, 'trail_ema': 21, 'tp_atr_mult': 2.5, 'stop_extra': 0.002}",5,0.6,86.7688,3.4636,17.3538,0.2554,8.6987,0.0534,0.0148,3086.77,9.7665552
ENA-USDT,EMASTACK,"{'max_pb': 0.015, 'vol_thresh': 1.2, 'rsi_lo': 38, 'rsi_hi': 66, 'rsi_exit': 73, 'min_adx': 20, 'allowed_hours': [8, 9, 10, 14, 15, 16, 17, 18, 19, 20, 21], 'risk_pct': 0.01, 'max_hold_bars': 144, 'use_trail': True, 'trail_ema': 21, 'tp_atr_mult': 2.5, 'stop_extra': 0.002}",5,0.4,82.4202,3.6951,16.484,0.2562,7.7723,0.0495,0.0131,3082.42,9.725050800000002
ENA-USDT,HVOL,"{'min_adx': 30, 'vol_thresh': 2.0, 'max_ext': 0.02, 'adx_exit': 20, 'allowed_hours': [], 'risk_pct': 0.01, 'max_hold_bars': 120, 'use_trail': False, 'tp_atr_mult': 2.5}",12,0.6667,342.013,3.0351,28.5011,0.2769,6.8885,0.1083,0.041,3342.01,9.399202
ENA-USDT,HVOL,"{'min_adx': 30, 'vol_thresh': 1.5, 'max_ext': 0.02, 'adx_exit': 20, 'allowed_hours': [], 'risk_pct': 0.01, 'max_hold_bars': 120, 'use_trail': False, 'tp_atr_mult': 2.5}",18,0.5556,497.2928,2.7703,27.6274,0.2769,5.9873,0.0959,0.0367,3497.29,9.262641200000001
ENA-USDT,HVOL,"{'min_adx': 30, 'vol_thresh': 1.5, 'max_ext': 0.03, 'adx_exit': 20, 'allowed_hours': [], 'risk_pct': 0.01, 'max_hold_bars': 120, 'use_trail': False, 'tp_atr_mult': 2.5}",18,0.5556,463.4001,2.6634,25.7444,0.2769,5.6389,0.0968,0.0358,3463.4,8.827360400000002
ENA-USDT,HVOL,"{'min_adx': 30, 'vol_thresh': 2.0, 'max_ext': 0.03, 'adx_exit': 20, 'allowed_hours': [], 'risk_pct': 0.01, 'max_hold_bars': 120, 'use_trail': False, 'tp_atr_mult': 2.5}",12,0.6667,309.6251,2.8604,25.8021,0.2769,6.3099,0.1098,0.0397,3309.63,8.7761604
HYPE-USDT,EMASTACK,"{'max_pb': 0.015, 'vol_thresh': 2.0, 'rsi_lo': 50, 'rsi_hi': 78, 'rsi_exit': 85, 'min_adx': 25, 'allowed_hours': [], 'risk_pct': 0.01, 'max_hold_bars': 144, 'use_trail': True, 'trail_ema': 21, 'tp_atr_mult': 2.5, 'stop_extra': 0.002}",5,0.4,31.4086,3.6379,6.2817,0.2531,5.9632,0.0487,0.0055,3031.41,8.7146644
ENA-USDT,HVOL,"{'min_adx': 30, 'vol_thresh': 1.3, 'max_ext': 0.02, 'adx_exit': 20, 'allowed_hours': [], 'risk_pct': 0.01, 'max_hold_bars': 120, 'use_trail': False, 'tp_atr_mult': 2.5}",19,0.5263,457.7125,2.6114,24.0901,0.2769,5.4799,0.0978,0.0357,3457.71,8.66301
ENA-USDT,EMASTACK,"{'max_pb': 0.015, 'vol_thresh': 1.2, 'rsi_lo': 45, 'rsi_hi': 73, 'rsi_exit': 80, 'min_adx': 20, 'allowed_hours': [8, 9, 10, 14, 15, 16, 17, 18, 19, 20, 21], 'risk_pct': 0.01, 'max_hold_bars': 144, 'use_trail': True, 'trail_ema': 21, 'tp_atr_mult': 2.5, 'stop_extra': 0.002}",6,0.3333,78.6166,3.2957,13.1028,0.2571,6.5817,0.0606,0.012,3078.62,8.6335964
ENA-USDT,EMASTACK,"{'max_pb': 0.015, 'vol_thresh': 1.2, 'rsi_lo': 50, 'rsi_hi': 78, 'rsi_exit': 85, 'min_adx': 20, 'allowed_hours': [8, 9, 10, 14, 15, 16, 17, 18, 19, 20, 21], 'risk_pct': 0.01, 'max_hold_bars': 144, 'use_trail': True, 'trail_ema': 21, 'tp_atr_mult': 2.5, 'stop_extra': 0.002}",6,0.3333,78.6166,3.2957,13.1028,0.2571,6.5817,0.0606,0.012,3078.62,8.6335964
ENA-USDT,EMASTACK,"{'max_pb': 0.01, 'vol_thresh': 1.2, 'rsi_lo': 38, 'rsi_hi': 66, 'rsi_exit': 73, 'min_adx': 15, 'allowed_hours': [], 'risk_pct': 0.01, 'max_hold_bars': 144, 'use_trail': True, 'trail_ema': 21, 'tp_atr_mult': 2.5, 'stop_extra': 0.002}",7,0.2857,78.4805,3.2709,11.2115,0.2549,6.0741,0.0353,0.0114,3078.48,8.395012000000001
ENA-USDT,HVOL,"{'min_adx': 25, 'vol_thresh': 2.0, 'max_ext': 0.01, 'adx_exit': 15, 'allowed_hours': [], 'risk_pct': 0.01, 'max_hold_bars': 120, 'use_trail': False, 'tp_atr_mult': 2.5}",9,0.5556,186.7425,2.7362,20.7492,0.2721,6.9855,0.1262,0.0371,3186.74,8.373370000000001
ADA-USDT,EMASTACK,"{'max_pb': 0.005, 'vol_thresh': 1.2, 'rsi_lo': 50, 'rsi_hi': 78, 'rsi_exit': 85, 'min_adx': 20, 'allowed_hours': [], 'risk_pct': 0.01, 'max_hold_bars': 144, 'use_trail': True, 'trail_ema': 21, 'tp_atr_mult': 2.5, 'stop_extra': 0.002}",7,0.5714,15.493,3.2332,2.2133,0.2517,6.655,0.0109,0.0022,3015.49,8.322072
ADA-USDT,EMASTACK,"{'max_pb': 0.005, 'vol_thresh': 1.2, 'rsi_lo': 45, 'rsi_hi': 73, 'rsi_exit': 80, 'min_adx': 20, 'allowed_hours': [], 'risk_pct': 0.01, 'max_hold_bars': 144, 'use_trail': True, 'trail_ema': 21, 'tp_atr_mult': 2.5, 'stop_extra': 0.002}",7,0.5714,15.493,3.2332,2.2133,0.2517,6.655,0.0109,0.0022,3015.49,8.322072
ADA-USDT,EMASTACK,"{'max_pb': 0.015, 'vol_thresh': 1.2, 'rsi_lo': 50, 'rsi_hi': 78, 'rsi_exit': 85, 'min_adx': 20, 'allowed_hours': [], 'risk_pct': 0.01, 'max_hold_bars': 144, 'use_trail': True, 'trail_ema': 21, 'tp_atr_mult': 2.5, 'stop_extra': 0.002}",7,0.5714,15.493,3.2332,2.2133,0.2517,6.655,0.0109,0.0022,3015.49,8.322072
ADA-USDT,EMASTACK,"{'max_pb': 0.015, 'vol_thresh': 1.2, 'rsi_lo': 45, 'rsi_hi': 73, 'rsi_exit': 80, 'min_adx': 20, 'allowed_hours': [], 'risk_pct': 0.01, 'max_hold_bars': 144, 'use_trail': True, 'trail_ema': 21, 'tp_atr_mult': 2.5, 'stop_extra': 0.002}",7,0.5714,15.493,3.2332,2.2133,0.2517,6.655,0.0109,0.0022,3015.49,8.322072
ADA-USDT,EMASTACK,"{'max_pb': 0.01, 'vol_thresh': 1.2, 'rsi_lo': 45, 'rsi_hi': 73, 'rsi_exit': 80, 'min_adx': 20, 'allowed_hours': [], 'risk_pct': 0.01, 'max_hold_bars': 144, 'use_trail': True, 'trail_ema': 21, 'tp_atr_mult': 2.5, 'stop_extra': 0.002}",7,0.5714,15.493,3.2332,2.2133,0.2517,6.655,0.0109,0.0022,3015.49,8.322072
ADA-USDT,EMASTACK,"{'max_pb': 0.01, 'vol_thresh': 1.2, 'rsi_lo': 50, 'rsi_hi': 78, 'rsi_exit': 85, 'min_adx': 20, 'allowed_hours': [], 'risk_pct': 0.01, 'max_hold_bars': 144, 'use_trail': True, 'trail_ema': 21, 'tp_atr_mult': 2.5, 'stop_extra': 0.002}",7,0.5714,15.493,3.2332,2.2133,0.2517,6.655,0.0109,0.0022,3015.49,8.322072
ENA-USDT,HVOL,"{'min_adx': 30, 'vol_thresh': 1.3, 'max_ext': 0.01, 'adx_exit': 25, 'allowed_hours': [], 'risk_pct': 0.01, 'max_hold_bars': 120, 'use_trail': False, 'tp_atr_mult': 2.5}",13,0.4615,361.9321,2.6692,27.8409,0.2773,5.3208,0.1019,0.0322,3361.93,8.3025484
ENA-USDT,HVOL,"{'min_adx': 20, 'vol_thresh': 1.3, 'max_ext': 0.01, 'adx_exit': 20, 'allowed_hours': [], 'risk_pct': 0.01, 'max_hold_bars': 120, 'use_trail': False, 'tp_atr_mult': 2.5}",21,0.381,481.4214,2.3513,22.9248,0.2783,4.8331,0.0815,0.0335,3481.42,8.1075756
ENA-USDT,EMASTACK,"{'max_pb': 0.015, 'vol_thresh': 1.2, 'rsi_lo': 38, 'rsi_hi': 66, 'rsi_exit': 73, 'min_adx': 20, 'allowed_hours': [], 'risk_pct': 0.01, 'max_hold_bars': 144, 'use_trail': True, 'trail_ema': 21, 'tp_atr_mult': 2.5, 'stop_extra': 0.002}",6,0.3333,75.6498,3.0289,12.6083,0.2562,6.2619,0.0393,0.0129,3075.65,8.094509200000001
ENA-USDT,HVOL,"{'min_adx': 25, 'vol_thresh': 1.5, 'max_ext': 0.02, 'adx_exit': 20, 'allowed_hours': [], 'risk_pct': 0.01, 'max_hold_bars': 120, 'use_trail': False, 'tp_atr_mult': 2.5}",21,0.4762,469.9517,2.3301,22.3787,0.2769,4.9736,0.0889,0.0356,3469.95,8.0874968
ENA-USDT,HVOL,"{'min_adx': 25, 'vol_thresh': 2.0, 'max_ext': 0.02, 'adx_exit': 20, 'allowed_hours': [], 'risk_pct': 0.01, 'max_hold_bars': 120, 'use_trail': False, 'tp_atr_mult': 2.5}",14,0.5714,332.0354,2.4813,23.7168,0.282,5.7006,0.1029,0.04,3332.04,8.048331600000001
ENA-USDT,HVOL,"{'min_adx': 30, 'vol_thresh': 1.3, 'max_ext': 0.01, 'adx_exit': 20, 'allowed_hours': [], 'risk_pct': 0.01, 'max_hold_bars': 120, 'use_trail': False, 'tp_atr_mult': 2.5}",13,0.3846,349.2873,2.5478,26.8683,0.2788,5.1293,0.1019,0.0325,3349.29,7.9917692
APT-USDT,STAB,"{'min_squeeze_bars': 8, 'vol_thresh': 1.5, 'stop_atr_mult': 1.5, 'adx_exit': 15, 'tp_atr_mult': 3.0, 'allowed_hours': [8, 9, 10, 14, 15, 16, 17, 18, 19, 20, 21], 'risk_pct': 0.01, 'max_hold_bars': 240, 'use_trail': True, 'trail_ema': 21}",5,0.6,65.7185,2.7611,13.1437,0.2611,7.0549,0.0222,0.0187,3065.72,7.965383999999999
APT-USDT,STAB,"{'min_squeeze_bars': 8, 'vol_thresh': 1.5, 'stop_atr_mult': 1.5, 'adx_exit': 20, 'tp_atr_mult': 3.0, 'allowed_hours': [8, 9, 10, 14, 15, 16, 17, 18, 19, 20, 21], 'risk_pct': 0.01, 'max_hold_bars': 240, 'use_trail': True, 'trail_ema': 21}",5,0.6,65.7185,2.7611,13.1437,0.2611,7.0549,0.0222,0.0187,3065.72,7.965383999999999
ENA-USDT,HVOL,"{'min_adx': 20, 'vol_thresh': 1.3, 'max_ext': 0.01, 'adx_exit': 25, 'allowed_hours': [], 'risk_pct': 0.01, 'max_hold_bars': 120, 'use_trail': False, 'tp_atr_mult': 2.5}",22,0.3636,445.0087,2.3749,20.2277,0.2756,4.444,0.0744,0.0287,3445.01,7.844384799999999
ENA-USDT,EMASTACK,"{'max_pb': 0.01, 'vol_thresh': 1.2, 'rsi_lo': 45, 'rsi_hi': 73, 'rsi_exit': 80, 'min_adx': 15, 'allowed_hours': [], 'risk_pct': 0.01, 'max_hold_bars': 144, 'use_trail': True, 'trail_ema': 21, 'tp_atr_mult': 2.5, 'stop_extra': 0.002}",8,0.25,74.6818,2.954,9.3352,0.2558,5.3278,0.0454,0.0108,3074.68,7.6050472000000005
ADA-USDT,EMASTACK,"{'max_pb': 0.01, 'vol_thresh': 1.2, 'rsi_lo': 38, 'rsi_hi': 66, 'rsi_exit': 73, 'min_adx': 15, 'allowed_hours': [], 'risk_pct': 0.01, 'max_hold_bars': 144, 'use_trail': True, 'trail_ema': 21, 'tp_atr_mult': 2.5, 'stop_extra': 0.002}",9,0.4444,21.3861,2.8146,2.3762,0.2523,6.3019,0.0086,0.0022,3021.39,7.5759044
ADA-USDT,EMASTACK,"{'max_pb': 0.005, 'vol_thresh': 1.2, 'rsi_lo': 38, 'rsi_hi': 66, 'rsi_exit': 73, 'min_adx': 15, 'allowed_hours': [], 'risk_pct': 0.01, 'max_hold_bars': 144, 'use_trail': True, 'trail_ema': 21, 'tp_atr_mult': 2.5, 'stop_extra': 0.002}",9,0.4444,21.3861,2.8146,2.3762,0.2523,6.3019,0.0086,0.0022,3021.39,7.5759044
ADA-USDT,EMASTACK,"{'max_pb': 0.015, 'vol_thresh': 1.2, 'rsi_lo': 38, 'rsi_hi': 66, 'rsi_exit': 73, 'min_adx': 15, 'allowed_hours': [], 'risk_pct': 0.01, 'max_hold_bars': 144, 'use_trail': True, 'trail_ema': 21, 'tp_atr_mult': 2.5, 'stop_extra': 0.002}",9,0.4444,21.3861,2.8146,2.3762,0.2523,6.3019,0.0086,0.0022,3021.39,7.5759044
ENA-USDT,HVOL,"{'min_adx': 30, 'vol_thresh': 1.3, 'max_ext': 0.03, 'adx_exit': 20, 'allowed_hours': [], 'risk_pct': 0.01, 'max_hold_bars': 120, 'use_trail': False, 'tp_atr_mult': 2.5}",19,0.5263,356.7928,2.2882,18.7786,0.2769,4.9312,0.0914,0.0356,3356.79,7.555051199999999
ENA-USDT,EMASTACK,"{'max_pb': 0.015, 'vol_thresh': 1.2, 'rsi_lo': 38, 'rsi_hi': 66, 'rsi_exit': 73, 'min_adx': 15, 'allowed_hours': [8, 9, 10, 14, 15, 16, 17, 18, 19, 20, 21], 'risk_pct': 0.01, 'max_hold_bars': 144, 'use_trail': True, 'trail_ema': 21, 'tp_atr_mult': 2.5, 'stop_extra': 0.002}",6,0.3333,71.7773,2.7578,11.9629,0.2581,5.8946,0.0429,0.0135,3071.78,7.523549199999999
ENA-USDT,HVOL,"{'min_adx': 30, 'vol_thresh': 1.5, 'max_ext': 0.02, 'adx_exit': 25, 'allowed_hours': [], 'risk_pct': 0.01, 'max_hold_bars': 120, 'use_trail': False, 'tp_atr_mult': 2.5}",19,0.4737,395.1568,2.1944,20.7977,0.2784,4.5366,0.0871,0.0385,3395.16,7.4084672000000005
ENA-USDT,HVOL,"{'min_adx': 25, 'vol_thresh': 1.3, 'max_ext': 0.01, 'adx_exit': 25, 'allowed_hours': [], 'risk_pct': 0.01, 'max_hold_bars': 120, 'use_trail': False, 'tp_atr_mult': 2.5}",18,0.3889,375.5585,2.2611,20.8644,0.2723,4.3862,0.0831,0.0304,3375.56,7.3760639999999995
ENA-USDT,HVOL,"{'min_adx': 30, 'vol_thresh': 2.0, 'max_ext': 0.01, 'adx_exit': 15, 'allowed_hours': [], 'risk_pct': 0.01, 'max_hold_bars': 120, 'use_trail': False, 'tp_atr_mult': 2.5}",7,0.5714,110.0031,2.4553,15.7147,0.2721,6.2644,0.1378,0.0393,3110.0,7.3566224
ENA-USDT,EMASTACK,"{'max_pb': 0.015, 'vol_thresh': 1.2, 'rsi_lo': 45, 'rsi_hi': 73, 'rsi_exit': 80, 'min_adx': 20, 'allowed_hours': [], 'risk_pct': 0.01, 'max_hold_bars': 144, 'use_trail': True, 'trail_ema': 21, 'tp_atr_mult': 2.5, 'stop_extra': 0.002}",7,0.2857,71.8546,2.755,10.2649,0.2571,5.4135,0.0503,0.0119,3071.85,7.328218399999999
ENA-USDT,HVOL,"{'min_adx': 25, 'vol_thresh': 1.3, 'max_ext': 0.01, 'adx_exit': 20, 'allowed_hours': [], 'risk_pct': 0.01, 'max_hold_bars': 120, 'use_trail': False, 'tp_atr_mult': 2.5}",17,0.3529,372.5923,2.186,21.9172,0.2759,4.4236,0.0884,0.0326,3372.59,7.2629092
NEAR-USDT,EMASTACK,"{'max_pb': 0.015, 'vol_thresh': 2.0, 'rsi_lo': 50, 'rsi_hi': 78, 'rsi_exit': 85, 'min_adx': 25, 'allowed_hours': [], 'risk_pct': 0.01, 'max_hold_bars': 144, 'use_trail': True, 'trail_ema': 21, 'tp_atr_mult': 2.5, 'stop_extra': 0.002}",5,0.4,73.752,2.8329,14.7504,0.2611,4.9134,0.0583,0.0175,3073.75,7.2486180000000004
ENA-USDT,EMASTACK,"{'max_pb': 0.005, 'vol_thresh': 1.2, 'rsi_lo': 50, 'rsi_hi': 78, 'rsi_exit': 85, 'min_adx': 20, 'allowed_hours': [], 'risk_pct': 0.01, 'max_hold_bars': 144, 'use_trail': True, 'trail_ema': 21, 'tp_atr_mult': 2.5, 'stop_extra': 0.002}",7,0.2857,71.4296,2.6953,10.2042,0.2572,5.2931,0.057,0.0125,3071.43,7.1887084
ENA-USDT,HVOL,"{'min_adx': 25, 'vol_thresh': 1.5, 'max_ext': 0.02, 'adx_exit': 25, 'allowed_hours': [], 'risk_pct': 0.01, 'max_hold_bars': 120, 'use_trail': False, 'tp_atr_mult': 2.5}",23,0.4348,416.9021,2.0706,18.1262,0.2784,4.1676,0.0778,0.0357,3416.9,7.162148400000001
ENA-USDT,HVOL,"{'min_adx': 25, 'vol_thresh': 2.0, 'max_ext': 0.03, 'adx_exit': 20, 'allowed_hours': [], 'risk_pct': 0.01, 'max_hold_bars': 120, 'use_trail': False, 'tp_atr_mult': 2.5}",15,0.5333,276.9128,2.2397,18.4609,0.2869,4.7462,0.1034,0.0377,3276.91,7.0787812
ENA-USDT,HVOL,"{'min_adx': 30, 'vol_thresh': 1.5, 'max_ext': 0.03, 'adx_exit': 25, 'allowed_hours': [], 'risk_pct': 0.01, 'max_hold_bars': 120, 'use_trail': False, 'tp_atr_mult': 2.5}",19,0.4737,362.2539,2.1044,19.066,0.2784,4.2117,0.088,0.0377,3362.25,7.011895600000001
ENA-USDT,HVOL,"{'min_adx': 30, 'vol_thresh': 1.3, 'max_ext': 0.02, 'adx_exit': 25, 'allowed_hours': [], 'risk_pct': 0.01, 'max_hold_bars': 120, 'use_trail': False, 'tp_atr_mult': 2.5}",20,0.5,363.8132,2.107,18.1907,0.2784,4.1688,0.0894,0.0375,3363.81,7.004872800000001
WLD-USDT,STAB,"{'min_squeeze_bars': 5, 'vol_thresh': 1.5, 'stop_atr_mult': 1.5, 'adx_exit': 15, 'tp_atr_mult': 3.0, 'allowed_hours': [8, 9, 10, 14, 15, 16, 17, 18, 19, 20, 21], 'risk_pct': 0.01, 'max_hold_bars': 240, 'use_trail': True, 'trail_ema': 21}",6,0.8333,11.3785,2.5633,1.8964,0.2523,5.8516,0.0027,0.0036,3011.38,6.978804
WLD-USDT,STAB,"{'min_squeeze_bars': 3, 'vol_thresh': 1.5, 'stop_atr_mult': 1.5, 'adx_exit': 15, 'tp_atr_mult': 3.0, 'allowed_hours': [8, 9, 10, 14, 15, 16, 17, 18, 19, 20, 21], 'risk_pct': 0.01, 'max_hold_bars': 240, 'use_trail': True, 'trail_ema': 21}",6,0.8333,11.3785,2.5633,1.8964,0.2523,5.8516,0.0027,0.0036,3011.38,6.978804
WLD-USDT,STAB,"{'min_squeeze_bars': 3, 'vol_thresh': 1.5, 'stop_atr_mult': 2.0, 'adx_exit': 15, 'tp_atr_mult': 3.0, 'allowed_hours': [8, 9, 10, 14, 15, 16, 17, 18, 19, 20, 21], 'risk_pct': 0.01, 'max_hold_bars': 240, 'use_trail': True, 'trail_ema': 21}",6,0.8333,11.3785,2.5633,1.8964,0.2523,5.8516,0.0027,0.0036,3011.38,6.978804
WLD-USDT,STAB,"{'min_squeeze_bars': 3, 'vol_thresh': 1.5, 'stop_atr_mult': 2.5, 'adx_exit': 15, 'tp_atr_mult': 3.0, 'allowed_hours': [8, 9, 10, 14, 15, 16, 17, 18, 19, 20, 21], 'risk_pct': 0.01, 'max_hold_bars': 240, 'use_trail': True, 'trail_ema': 21}",6,0.8333,11.3785,2.5633,1.8964,0.2523,5.8516,0.0027,0.0036,3011.38,6.978804
WLD-USDT,STAB,"{'min_squeeze_bars': 5, 'vol_thresh': 1.5, 'stop_atr_mult': 2.5, 'adx_exit': 15, 'tp_atr_mult': 3.0, 'allowed_hours': [8, 9, 10, 14, 15, 16, 17, 18, 19, 20, 21], 'risk_pct': 0.01, 'max_hold_bars': 240, 'use_trail': True, 'trail_ema': 21}",6,0.8333,11.3785,2.5633,1.8964,0.2523,5.8516,0.0027,0.0036,3011.38,6.978804
WLD-USDT,STAB,"{'min_squeeze_bars': 5, 'vol_thresh': 1.5, 'stop_atr_mult': 2.0, 'adx_exit': 15, 'tp_atr_mult': 3.0, 'allowed_hours': [8, 9, 10, 14, 15, 16, 17, 18, 19, 20, 21], 'risk_pct': 0.01, 'max_hold_bars': 240, 'use_trail': True, 'trail_ema': 21}",6,0.8333,11.3785,2.5633,1.8964,0.2523,5.8516,0.0027,0.0036,3011.38,6.978804
ENA-USDT,HVOL,"{'min_adx': 25, 'vol_thresh': 1.5, 'max_ext': 0.03, 'adx_exit': 20, 'allowed_hours': [], 'risk_pct': 0.01, 'max_hold_bars': 120, 'use_trail': False, 'tp_atr_mult': 2.5}",23,0.4348,388.0828,2.0464,16.8732,0.2787,4.0182,0.0864,0.0339,3388.08,6.950511200000001
ENA-USDT,EMASTACK,"{'max_pb': 0.015, 'vol_thresh': 1.2, 'rsi_lo': 45, 'rsi_hi': 73, 'rsi_exit': 80, 'min_adx': 15, 'allowed_hours': [8, 9, 10, 14, 15, 16, 17, 18, 19, 20, 21], 'risk_pct': 0.01, 'max_hold_bars': 144, 'use_trail': True, 'trail_ema': 21, 'tp_atr_mult': 2.5, 'stop_extra': 0.002}",7,0.2857,67.9868,2.5283,9.7124,0.259,5.0903,0.0533,0.0125,3067.99,6.8415172
ENA-USDT,EMASTACK,"{'max_pb': 0.015, 'vol_thresh': 1.2, 'rsi_lo': 50, 'rsi_hi': 78, 'rsi_exit': 85, 'min_adx': 15, 'allowed_hours': [8, 9, 10, 14, 15, 16, 17, 18, 19, 20, 21], 'risk_pct': 0.01, 'max_hold_bars': 144, 'use_trail': True, 'trail_ema': 21, 'tp_atr_mult': 2.5, 'stop_extra': 0.002}",7,0.2857,67.9868,2.5283,9.7124,0.259,5.0903,0.0533,0.0125,3067.99,6.8415172
ENA-USDT,EMASTACK,"{'max_pb': 0.01, 'vol_thresh': 1.2, 'rsi_lo': 50, 'rsi_hi': 78, 'rsi_exit': 85, 'min_adx': 20, 'allowed_hours': [], 'risk_pct': 0.01, 'max_hold_bars': 144, 'use_trail': True, 'trail_ema': 21, 'tp_atr_mult': 2.5, 'stop_extra': 0.002}",7,0.2857,68.4394,2.5189,9.7771,0.2572,5.0323,0.0545,0.0132,3068.44,6.8078275999999995
FIL-USDT,STAB,"{'min_squeeze_bars': 3, 'vol_thresh': 1.5, 'stop_atr_mult': 2.0, 'adx_exit': 15, 'tp_atr_mult': 3.0, 'allowed_hours': [8, 9, 10, 14, 15, 16, 17, 18, 19, 20, 21], 'risk_pct': 0.01, 'max_hold_bars': 240, 'use_trail': True, 'trail_ema': 21}",5,0.8,5.0193,2.3126,1.0039,0.2511,6.3679,0.0061,0.0014,3005.02,6.7850372
FIL-USDT,STAB,"{'min_squeeze_bars': 3, 'vol_thresh': 1.5, 'stop_atr_mult': 2.5, 'adx_exit': 15, 'tp_atr_mult': 3.0, 'allowed_hours': [8, 9, 10, 14, 15, 16, 17, 18, 19, 20, 21], 'risk_pct': 0.01, 'max_hold_bars': 240, 'use_trail': True, 'trail_ema': 21}",5,0.8,5.0193,2.3126,1.0039,0.2511,6.3679,0.0061,0.0014,3005.02,6.7850372
FIL-USDT,STAB,"{'min_squeeze_bars': 3, 'vol_thresh': 1.5, 'stop_atr_mult': 1.5, 'adx_exit': 15, 'tp_atr_mult': 3.0, 'allowed_hours': [8, 9, 10, 14, 15, 16, 17, 18, 19, 20, 21], 'risk_pct': 0.01, 'max_hold_bars': 240, 'use_trail': True, 'trail_ema': 21}",5,0.8,5.0193,2.3126,1.0039,0.2511,6.3679,0.0061,0.0014,3005.02,6.7850372
ENA-USDT,HVOL,"{'min_adx': 20, 'vol_thresh': 2.0, 'max_ext': 0.01, 'adx_exit': 25, 'allowed_hours': [], 'risk_pct': 0.01, 'max_hold_bars': 120, 'use_trail': False, 'tp_atr_mult': 2.5}",12,0.5,147.0919,2.2877,12.2577,0.2721,4.8395,0.0894,0.0305,3147.09,6.683617600000001
ENA-USDT,HVOL,"{'min_adx': 30, 'vol_thresh': 2.0, 'max_ext': 0.02, 'adx_exit': 25, 'allowed_hours': [], 'risk_pct': 0.01, 'max_hold_bars': 120, 'use_trail': False, 'tp_atr_mult': 2.5}",13,0.5385,240.2212,2.0804,18.4786,0.2784,4.4319,0.0945,0.0437,3240.22,6.5758448000000005
ENA-USDT,HVOL,"{'min_adx': 25, 'vol_thresh': 2.0, 'max_ext': 0.02, 'adx_exit': 25, 'allowed_hours': [], 'risk_pct': 0.01, 'max_hold_bars': 120, 'use_trail': False, 'tp_atr_mult': 2.5}",16,0.5,274.6194,2.0263,17.1637,0.2784,4.2797,0.0853,0.0399,3274.62,6.571407599999999
ENA-USDT,HVOL,"{'min_adx': 30, 'vol_thresh': 1.5, 'max_ext': 0.02, 'adx_exit': 15, 'allowed_hours': [], 'risk_pct': 0.01, 'max_hold_bars': 120, 'use_trail': False, 'tp_atr_mult': 2.5}",18,0.5,338.3514,1.8956,18.7973,0.2941,3.8952,0.0979,0.041,3338.35,6.4607856
ENA-USDT,HVOL,"{'min_adx': 20, 'vol_thresh': 1.5, 'max_ext': 0.02, 'adx_exit': 25, 'allowed_hours': [], 'risk_pct': 0.01, 'max_hold_bars': 120, 'use_trail': False, 'tp_atr_mult': 2.5}",27,0.3704,373.2433,1.8966,13.8238,0.2909,3.4592,0.0714,0.033,3373.24,6.4306532
ENA-USDT,EMASTACK,"{'max_pb': 0.005, 'vol_thresh': 1.2, 'rsi_lo': 50, 'rsi_hi': 78, 'rsi_exit': 85, 'min_adx': 15, 'allowed_hours': [], 'risk_pct': 0.01, 'max_hold_bars': 144, 'use_trail': True, 'trail_ema': 21, 'tp_atr_mult': 2.5, 'stop_extra': 0.002}",8,0.25,65.8665,2.3869,8.2333,0.2572,4.5009,0.0509,0.013,3065.87,6.386976
ENA-USDT,HVOL,"{'min_adx': 25, 'vol_thresh': 1.5, 'max_ext': 0.03, 'adx_exit': 25, 'allowed_hours': [], 'risk_pct': 0.01, 'max_hold_bars': 120, 'use_trail': False, 'tp_atr_mult': 2.5}",25,0.4,345.5997,1.8655,13.824,0.2784,3.4024,0.0764,0.0341,3345.6,6.263208800000001
ENA-USDT,HVOL,"{'min_adx': 20, 'vol_thresh': 2.0, 'max_ext': 0.02, 'adx_exit': 25, 'allowed_hours': [], 'risk_pct': 0.01, 'max_hold_bars': 120, 'use_trail': False, 'tp_atr_mult': 2.5}",18,0.4444,257.7204,1.9535,14.3178,0.2896,3.8459,0.0811,0.0372,3257.72,6.2098916
ENA-USDT,HVOL,"{'min_adx': 25, 'vol_thresh': 1.3, 'max_ext': 0.02, 'adx_exit': 20, 'allowed_hours': [], 'risk_pct': 0.01, 'max_hold_bars': 120, 'use_trail': False, 'tp_atr_mult': 2.5}",24,0.4167,346.1332,1.7988,14.4222,0.2858,3.4266,0.0842,0.0374,3346.13,6.1675728
ENA-USDT,HVOL,"{'min_adx': 30, 'vol_thresh': 1.5, 'max_ext': 0.03, 'adx_exit': 15, 'allowed_hours': [], 'risk_pct': 0.01, 'max_hold_bars': 120, 'use_trail': False, 'tp_atr_mult': 2.5}",18,0.5,305.999,1.817,16.9999,0.2941,3.5689,0.0989,0.0401,3306.0,6.082955999999999
ENA-USDT,HVOL,"{'min_adx': 30, 'vol_thresh': 2.0, 'max_ext': 0.03, 'adx_exit': 25, 'allowed_hours': [], 'risk_pct': 0.01, 'max_hold_bars': 120, 'use_trail': False, 'tp_atr_mult': 2.5}",13,0.5385,208.8198,1.9483,16.0631,0.2784,3.9176,0.0959,0.0425,3208.82,6.046369200000001
ENA-USDT,HVOL,"{'min_adx': 25, 'vol_thresh': 1.3, 'max_ext': 0.02, 'adx_exit': 25, 'allowed_hours': [], 'risk_pct': 0.01, 'max_hold_bars': 120, 'use_trail': False, 'tp_atr_mult': 2.5}",26,0.4231,336.5486,1.78,12.9442,0.2835,3.212,0.0748,0.0351,3336.55,6.0174944
ENA-USDT,HVOL,"{'min_adx': 20, 'vol_thresh': 1.5, 'max_ext': 0.02, 'adx_exit': 20, 'allowed_hours': [], 'risk_pct': 0.01, 'max_hold_bars': 120, 'use_trail': False, 'tp_atr_mult': 2.5}",26,0.4231,355.468,1.7209,13.6718,0.2965,3.2612,0.0767,0.0391,3355.47,6.011202
ENA-USDT,HVOL,"{'min_adx': 30, 'vol_thresh': 1.3, 'max_ext': 0.03, 'adx_exit': 25, 'allowed_hours': [], 'risk_pct': 0.01, 'max_hold_bars': 120, 'use_trail': False, 'tp_atr_mult': 2.5}",20,0.5,265.6341,1.8297,13.2817,0.2784,3.5233,0.0833,0.0374,3265.63,5.938006400000001
ENA-USDT,HVOL,"{'min_adx': 25, 'vol_thresh': 1.5, 'max_ext': 0.02, 'adx_exit': 15, 'allowed_hours': [], 'risk_pct': 0.01, 'max_hold_bars': 120, 'use_trail': False, 'tp_atr_mult': 2.5}",21,0.4286,316.8385,1.7132,15.0875,0.2903,3.2454,0.0907,0.0393,3316.84,5.845014000000001
DOGE-USDT,EMASTACK,"{'max_pb': 0.005, 'vol_thresh': 1.5, 'rsi_lo': 50, 'rsi_hi': 78, 'rsi_exit': 85, 'min_adx': 20, 'allowed_hours': [8, 9, 10, 14, 15, 16, 17, 18, 19, 20, 21], 'risk_pct': 0.01, 'max_hold_bars': 144, 'use_trail': True, 'trail_ema': 21, 'tp_atr_mult': 2.5, 'stop_extra': 0.002}",5,0.4,11.0554,2.0417,2.2111,0.2514,4.9557,0.0078,0.0022,3011.06,5.837651600000001
DOGE-USDT,EMASTACK,"{'max_pb': 0.01, 'vol_thresh': 1.5, 'rsi_lo': 45, 'rsi_hi': 73, 'rsi_exit': 80, 'min_adx': 15, 'allowed_hours': [8, 9, 10, 14, 15, 16, 17, 18, 19, 20, 21], 'risk_pct': 0.01, 'max_hold_bars': 144, 'use_trail': True, 'trail_ema': 21, 'tp_atr_mult': 2.5, 'stop_extra': 0.002}",5,0.4,11.0554,2.0417,2.2111,0.2514,4.9557,0.0078,0.0022,3011.06,5.837651600000001
DOGE-USDT,EMASTACK,"{'max_pb': 0.015, 'vol_thresh': 1.5, 'rsi_lo': 45, 'rsi_hi': 73, 'rsi_exit': 80, 'min_adx': 20, 'allowed_hours': [8, 9, 10, 14, 15, 16, 17, 18, 19, 20, 21], 'risk_pct': 0.01, 'max_hold_bars': 144, 'use_trail': True, 'trail_ema': 21, 'tp_atr_mult': 2.5, 'stop_extra': 0.002}",5,0.4,11.0554,2.0417,2.2111,0.2514,4.9557,0.0078,0.0022,3011.06,5.837651600000001
DOGE-USDT,EMASTACK,"{'max_pb': 0.015, 'vol_thresh': 1.5, 'rsi_lo': 45, 'rsi_hi': 73, 'rsi_exit': 80, 'min_adx': 15, 'allowed_hours': [8, 9, 10, 14, 15, 16, 17, 18, 19, 20, 21], 'risk_pct': 0.01, 'max_hold_bars': 144, 'use_trail': True, 'trail_ema': 21, 'tp_atr_mult': 2.5, 'stop_extra': 0.002}",5,0.4,11.0554,2.0417,2.2111,0.2514,4.9557,0.0078,0.0022,3011.06,5.837651600000001
DOGE-USDT,EMASTACK,"{'max_pb': 0.015, 'vol_thresh': 1.5, 'rsi_lo': 50, 'rsi_hi': 78, 'rsi_exit': 85, 'min_adx': 15, 'allowed_hours': [8, 9, 10, 14, 15, 16, 17, 18, 19, 20, 21], 'risk_pct': 0.01, 'max_hold_bars': 144, 'use_trail': True, 'trail_ema': 21, 'tp_atr_mult': 2.5, 'stop_extra': 0.002}",5,0.4,11.0554,2.0417,2.2111,0.2514,4.9557,0.0078,0.0022,3011.06,5.837651600000001
DOGE-USDT,EMASTACK,"{'max_pb': 0.01, 'vol_thresh': 1.5, 'rsi_lo': 50, 'rsi_hi': 78, 'rsi_exit': 85, 'min_adx': 20, 'allowed_hours': [8, 9, 10, 14, 15, 16, 17, 18, 19, 20, 21], 'risk_pct': 0.01, 'max_hold_bars': 144, 'use_trail': True, 'trail_ema': 21, 'tp_atr_mult': 2.5, 'stop_extra': 0.002}",5,0.4,11.0554,2.0417,2.2111,0.2514,4.9557,0.0078,0.0022,3011.06,5.837651600000001
DOGE-USDT,EMASTACK,"{'max_pb': 0.015, 'vol_thresh': 1.5, 'rsi_lo': 50, 'rsi_hi': 78, 'rsi_exit': 85, 'min_adx': 20, 'allowed_hours': [8, 9, 10, 14, 15, 16, 17, 18, 19, 20, 21], 'risk_pct': 0.01, 'max_hold_bars': 144, 'use_trail': True, 'trail_ema': 21, 'tp_atr_mult': 2.5, 'stop_extra': 0.002}",5,0.4,11.0554,2.0417,2.2111,0.2514,4.9557,0.0078,0.0022,3011.06,5.837651600000001
DOGE-USDT,EMASTACK,"{'max_pb': 0.005, 'vol_thresh': 1.5, 'rsi_lo': 45, 'rsi_hi': 73, 'rsi_exit': 80, 'min_adx': 20, 'allowed_hours': [8, 9, 10, 14, 15, 16, 17, 18, 19, 20, 21], 'risk_pct': 0.01, 'max_hold_bars': 144, 'use_trail': True, 'trail_ema': 21, 'tp_atr_mult': 2.5, 'stop_extra': 0.002}",5,0.4,11.0554,2.0417,2.2111,0.2514,4.9557,0.0078,0.0022,3011.06,5.837651600000001
DOGE-USDT,EMASTACK,"{'max_pb': 0.005, 'vol_thresh': 1.5, 'rsi_lo': 50, 'rsi_hi': 78, 'rsi_exit': 85, 'min_adx': 15, 'allowed_hours': [8, 9, 10, 14, 15, 16, 17, 18, 19, 20, 21], 'risk_pct': 0.01, 'max_hold_bars': 144, 'use_trail': True, 'trail_ema': 21, 'tp_atr_mult': 2.5, 'stop_extra': 0.002}",5,0.4,11.0554,2.0417,2.2111,0.2514,4.9557,0.0078,0.0022,3011.06,5.837651600000001
DOGE-USDT,EMASTACK,"{'max_pb': 0.005, 'vol_thresh': 1.5, 'rsi_lo': 45, 'rsi_hi': 73, 'rsi_exit': 80, 'min_adx': 15, 'allowed_hours': [8, 9, 10, 14, 15, 16, 17, 18, 19, 20, 21], 'risk_pct': 0.01, 'max_hold_bars': 144, 'use_trail': True, 'trail_ema': 21, 'tp_atr_mult': 2.5, 'stop_extra': 0.002}",5,0.4,11.0554,2.0417,2.2111,0.2514,4.9557,0.0078,0.0022,3011.06,5.837651600000001
DOGE-USDT,EMASTACK,"{'max_pb': 0.01, 'vol_thresh': 1.5, 'rsi_lo': 45, 'rsi_hi': 73, 'rsi_exit': 80, 'min_adx': 20, 'allowed_hours': [8, 9, 10, 14, 15, 16, 17, 18, 19, 20, 21], 'risk_pct': 0.01, 'max_hold_bars': 144, 'use_trail': True, 'trail_ema': 21, 'tp_atr_mult': 2.5, 'stop_extra': 0.002}",5,0.4,11.0554,2.0417,2.2111,0.2514,4.9557,0.0078,0.0022,3011.06,5.837651600000001
DOGE-USDT,EMASTACK,"{'max_pb': 0.01, 'vol_thresh': 1.5, 'rsi_lo': 50, 'rsi_hi': 78, 'rsi_exit': 85, 'min_adx': 15, 'allowed_hours': [8, 9, 10, 14, 15, 16, 17, 18, 19, 20, 21], 'risk_pct': 0.01, 'max_hold_bars': 144, 'use_trail': True, 'trail_ema': 21, 'tp_atr_mult': 2.5, 'stop_extra': 0.002}",5,0.4,11.0554,2.0417,2.2111,0.2514,4.9557,0.0078,0.0022,3011.06,5.837651600000001
ENA-USDT,HVOL,"{'min_adx': 30, 'vol_thresh': 1.3, 'max_ext': 0.02, 'adx_exit': 15, 'allowed_hours': [], 'risk_pct': 0.01, 'max_hold_bars': 120, 'use_trail': False, 'tp_atr_mult': 2.5}",19,0.4737,290.101,1.7444,15.2685,0.2976,3.3287,0.0998,0.0398,3290.1,5.810884
ENA-USDT,HVOL,"{'min_adx': 20, 'vol_thresh': 2.0, 'max_ext': 0.01, 'adx_exit': 20, 'allowed_hours': [], 'risk_pct': 0.01, 'max_hold_bars': 120, 'use_trail': False, 'tp_atr_mult': 2.5}",11,0.4545,143.1297,1.831,13.0118,0.2721,4.2845,0.0975,0.0418,3143.13,5.7607188
ENA-USDT,HVOL,"{'min_adx': 25, 'vol_thresh': 2.0, 'max_ext': 0.03, 'adx_exit': 25, 'allowed_hours': [], 'risk_pct': 0.01, 'max_hold_bars': 120, 'use_trail': False, 'tp_atr_mult': 2.5}",17,0.4706,220.4261,1.8267,12.9662,0.2827,3.4582,0.0867,0.0379,3220.43,5.722334399999999
ENA-USDT,HVOL,"{'min_adx': 20, 'vol_thresh': 1.3, 'max_ext': 0.01, 'adx_exit': 15, 'allowed_hours': [], 'risk_pct': 0.01, 'max_hold_bars': 120, 'use_trail': False, 'tp_atr_mult': 2.5}",21,0.381,311.1986,1.6785,14.819,0.3,3.0443,0.0832,0.0393,3311.2,5.6802643999999995
ENA-USDT,HVOL,"{'min_adx': 25, 'vol_thresh': 2.0, 'max_ext': 0.01, 'adx_exit': 25, 'allowed_hours': [], 'risk_pct': 0.01, 'max_hold_bars': 120, 'use_trail': False, 'tp_atr_mult': 2.5}",11,0.5455,132.9187,1.8723,12.0835,0.2721,3.9623,0.0928,0.0383,3132.92,5.6529448
ENA-USDT,EMASTACK,"{'max_pb': 0.01, 'vol_thresh': 1.5, 'rsi_lo': 38, 'rsi_hi': 66, 'rsi_exit': 73, 'min_adx': 15, 'allowed_hours': [], 'risk_pct': 0.01, 'max_hold_bars': 144, 'use_trail': True, 'trail_ema': 21, 'tp_atr_mult': 2.5, 'stop_extra': 0.002}",5,0.2,35.4582,2.1603,7.0916,0.2554,3.8087,0.0312,0.012,3035.46,5.6503628
ENA-USDT,HVOL,"{'min_adx': 20, 'vol_thresh': 1.5, 'max_ext': 0.03, 'adx_exit': 25, 'allowed_hours': [], 'risk_pct': 0.01, 'max_hold_bars': 120, 'use_trail': False, 'tp_atr_mult': 2.5}",29,0.3448,302.852,1.7113,10.4432,0.2909,2.7897,0.0707,0.0317,3302.85,5.603338
APT-USDT,STAB,"{'min_squeeze_bars': 5, 'vol_thresh': 1.5, 'stop_atr_mult': 1.5, 'adx_exit': 15, 'tp_atr_mult': 3.0, 'allowed_hours': [8, 9, 10, 14, 15, 16, 17, 18, 19, 20, 21], 'risk_pct': 0.01, 'max_hold_bars': 240, 'use_trail': True, 'trail_ema': 21}",6,0.5,48.5955,1.8966,8.0993,0.2644,4.4021,0.0229,0.019,3048.6,5.535722
APT-USDT,STAB,"{'min_squeeze_bars': 5, 'vol_thresh': 1.5, 'stop_atr_mult': 1.5, 'adx_exit': 20, 'tp_atr_mult': 3.0, 'allowed_hours': [8, 9, 10, 14, 15, 16, 17, 18, 19, 20, 21], 'risk_pct': 0.01, 'max_hold_bars': 240, 'use_trail': True, 'trail_ema': 21}",6,0.5,48.5955,1.8966,8.0993,0.2644,4.4021,0.0229,0.019,3048.6,5.535722
ENA-USDT,HVOL,"{'min_adx': 30, 'vol_thresh': 2.0, 'max_ext': 0.02, 'adx_exit': 15, 'allowed_hours': [], 'risk_pct': 0.01, 'max_hold_bars': 120, 'use_trail': False, 'tp_atr_mult': 2.5}",12,0.5833,190.1286,1.7188,15.844,0.3002,3.5074,0.1114,0.0475,3190.13,5.441474400000001
ENA-USDT,HVOL,"{'min_adx': 20, 'vol_thresh': 2.0, 'max_ext': 0.03, 'adx_exit': 25, 'allowed_hours': [], 'risk_pct': 0.01, 'max_hold_bars': 120, 'use_trail': False, 'tp_atr_mult': 2.5}",19,0.4211,203.8068,1.7568,10.7267,0.2938,3.0825,0.0826,0.0355,3203.81,5.3896272000000005
DOGE-USDT,EMASTACK,"{'max_pb': 0.005, 'vol_thresh': 1.5, 'rsi_lo': 50, 'rsi_hi': 78, 'rsi_exit': 85, 'min_adx': 25, 'allowed_hours': [], 'risk_pct': 0.01, 'max_hold_bars': 144, 'use_trail': True, 'trail_ema': 21, 'tp_atr_mult': 2.5, 'stop_extra': 0.002}",6,0.3333,10.19,1.8894,1.6983,0.2514,4.1337,0.0072,0.002,3010.19,5.27694
DOGE-USDT,EMASTACK,"{'max_pb': 0.01, 'vol_thresh': 1.5, 'rsi_lo': 45, 'rsi_hi': 73, 'rsi_exit': 80, 'min_adx': 25, 'allowed_hours': [], 'risk_pct': 0.01, 'max_hold_bars': 144, 'use_trail': True, 'trail_ema': 21, 'tp_atr_mult': 2.5, 'stop_extra': 0.002}",6,0.3333,10.19,1.8894,1.6983,0.2514,4.1337,0.0072,0.002,3010.19,5.27694
DOGE-USDT,EMASTACK,"{'max_pb': 0.01, 'vol_thresh': 1.5, 'rsi_lo': 50, 'rsi_hi': 78, 'rsi_exit': 85, 'min_adx': 25, 'allowed_hours': [], 'risk_pct': 0.01, 'max_hold_bars': 144, 'use_trail': True, 'trail_ema': 21, 'tp_atr_mult': 2.5, 'stop_extra': 0.002}",6,0.3333,10.19,1.8894,1.6983,0.2514,4.1337,0.0072,0.002,3010.19,5.27694
DOGE-USDT,EMASTACK,"{'max_pb': 0.015, 'vol_thresh': 1.5, 'rsi_lo': 45, 'rsi_hi': 73, 'rsi_exit': 80, 'min_adx': 25, 'allowed_hours': [], 'risk_pct': 0.01, 'max_hold_bars': 144, 'use_trail': True, 'trail_ema': 21, 'tp_atr_mult': 2.5, 'stop_extra': 0.002}",6,0.3333,10.19,1.8894,1.6983,0.2514,4.1337,0.0072,0.002,3010.19,5.27694
DOGE-USDT,EMASTACK,"{'max_pb': 0.015, 'vol_thresh': 1.5, 'rsi_lo': 50, 'rsi_hi': 78, 'rsi_exit': 85, 'min_adx': 25, 'allowed_hours': [], 'risk_pct': 0.01, 'max_hold_bars': 144, 'use_trail': True, 'trail_ema': 21, 'tp_atr_mult': 2.5, 'stop_extra': 0.002}",6,0.3333,10.19,1.8894,1.6983,0.2514,4.1337,0.0072,0.002,3010.19,5.27694
DOGE-USDT,EMASTACK,"{'max_pb': 0.005, 'vol_thresh': 1.5, 'rsi_lo': 45, 'rsi_hi': 73, 'rsi_exit': 80, 'min_adx': 25, 'allowed_hours': [], 'risk_pct': 0.01, 'max_hold_bars': 144, 'use_trail': True, 'trail_ema': 21, 'tp_atr_mult': 2.5, 'stop_extra': 0.002}",6,0.3333,10.19,1.8894,1.6983,0.2514,4.1337,0.0072,0.002,3010.19,5.27694
APT-USDT,STAB,"{'min_squeeze_bars': 8, 'vol_thresh': 1.5, 'stop_atr_mult': 2.5, 'adx_exit': 20, 'tp_atr_mult': 3.0, 'allowed_hours': [8, 9, 10, 14, 15, 16, 17, 18, 19, 20, 21], 'risk_pct': 0.01, 'max_hold_bars': 240, 'use_trail': True, 'trail_ema': 21}",5,0.6,27.562,1.7479,5.5124,0.2611,4.463,0.0222,0.0187,3027.56,5.256198
APT-USDT,STAB,"{'min_squeeze_bars': 8, 'vol_thresh': 1.5, 'stop_atr_mult': 2.5, 'adx_exit': 15, 'tp_atr_mult': 3.0, 'allowed_hours': [8, 9, 10, 14, 15, 16, 17, 18, 19, 20, 21], 'risk_pct': 0.01, 'max_hold_bars': 240, 'use_trail': True, 'trail_ema': 21}",5,0.6,27.562,1.7479,5.5124,0.2611,4.463,0.0222,0.0187,3027.56,5.256198
APT-USDT,STAB,"{'min_squeeze_bars': 8, 'vol_thresh': 1.5, 'stop_atr_mult': 2.0, 'adx_exit': 15, 'tp_atr_mult': 3.0, 'allowed_hours': [8, 9, 10, 14, 15, 16, 17, 18, 19, 20, 21], 'risk_pct': 0.01, 'max_hold_bars': 240, 'use_trail': True, 'trail_ema': 21}",5,0.6,27.562,1.7479,5.5124,0.2611,4.463,0.0222,0.0187,3027.56,5.256198
APT-USDT,STAB,"{'min_squeeze_bars': 8, 'vol_thresh': 1.5, 'stop_atr_mult': 2.0, 'adx_exit': 20, 'tp_atr_mult': 3.0, 'allowed_hours': [8, 9, 10, 14, 15, 16, 17, 18, 19, 20, 21], 'risk_pct': 0.01, 'max_hold_bars': 240, 'use_trail': True, 'trail_ema': 21}",5,0.6,27.562,1.7479,5.5124,0.2611,4.463,0.0222,0.0187,3027.56,5.256198
ENA-USDT,HVOL,"{'min_adx': 30, 'vol_thresh': 2.0, 'max_ext': 0.01, 'adx_exit': 25, 'allowed_hours': [], 'risk_pct': 0.01, 'max_hold_bars': 120, 'use_trail': False, 'tp_atr_mult': 2.5}",8,0.625,84.3244,1.7694,10.5405,0.2773,3.6212,0.1072,0.0438,3084.32,5.1625776000000005
ADA-USDT,EMASTACK,"{'max_pb': 0.015, 'vol_thresh': 1.2, 'rsi_lo': 50, 'rsi_hi': 78, 'rsi_exit': 85, 'min_adx': 15, 'allowed_hours': [], 'risk_pct': 0.01, 'max_hold_bars': 144, 'use_trail': True, 'trail_ema': 21, 'tp_atr_mult': 2.5, 'stop_extra': 0.002}",9,0.4444,10.6441,1.9044,1.1827,0.2523,3.7286,0.0087,0.0022,3010.64,5.1383164
ADA-USDT,EMASTACK,"{'max_pb': 0.005, 'vol_thresh': 1.2, 'rsi_lo': 45, 'rsi_hi': 73, 'rsi_exit': 80, 'min_adx': 15, 'allowed_hours': [], 'risk_pct': 0.01, 'max_hold_bars': 144, 'use_trail': True, 'trail_ema': 21, 'tp_atr_mult': 2.5, 'stop_extra': 0.002}",9,0.4444,10.6441,1.9044,1.1827,0.2523,3.7286,0.0087,0.0022,3010.64,5.1383164
ADA-USDT,EMASTACK,"{'max_pb': 0.015, 'vol_thresh': 1.2, 'rsi_lo': 45, 'rsi_hi': 73, 'rsi_exit': 80, 'min_adx': 15, 'allowed_hours': [], 'risk_pct': 0.01, 'max_hold_bars': 144, 'use_trail': True, 'trail_ema': 21, 'tp_atr_mult': 2.5, 'stop_extra': 0.002}",9,0.4444,10.6441,1.9044,1.1827,0.2523,3.7286,0.0087,0.0022,3010.64,5.1383164
ADA-USDT,EMASTACK,"{'max_pb': 0.005, 'vol_thresh': 1.2, 'rsi_lo': 50, 'rsi_hi': 78, 'rsi_exit': 85, 'min_adx': 15, 'allowed_hours': [], 'risk_pct': 0.01, 'max_hold_bars': 144, 'use_trail': True, 'trail_ema': 21, 'tp_atr_mult': 2.5, 'stop_extra': 0.002}",9,0.4444,10.6441,1.9044,1.1827,0.2523,3.7286,0.0087,0.0022,3010.64,5.1383164
ADA-USDT,EMASTACK,"{'max_pb': 0.01, 'vol_thresh': 1.2, 'rsi_lo': 45, 'rsi_hi': 73, 'rsi_exit': 80, 'min_adx': 15, 'allowed_hours': [], 'risk_pct': 0.01, 'max_hold_bars': 144, 'use_trail': True, 'trail_ema': 21, 'tp_atr_mult': 2.5, 'stop_extra': 0.002}",9,0.4444,10.6441,1.9044,1.1827,0.2523,3.7286,0.0087,0.0022,3010.64,5.1383164
ADA-USDT,EMASTACK,"{'max_pb': 0.01, 'vol_thresh': 1.2, 'rsi_lo': 50, 'rsi_hi': 78, 'rsi_exit': 85, 'min_adx': 15, 'allowed_hours': [], 'risk_pct': 0.01, 'max_hold_bars': 144, 'use_trail': True, 'trail_ema': 21, 'tp_atr_mult': 2.5, 'stop_extra': 0.002}",9,0.4444,10.6441,1.9044,1.1827,0.2523,3.7286,0.0087,0.0022,3010.64,5.1383164
ENA-USDT,HVOL,"{'min_adx': 20, 'vol_thresh': 1.5, 'max_ext': 0.03, 'adx_exit': 20, 'allowed_hours': [], 'risk_pct': 0.01, 'max_hold_bars': 120, 'use_trail': False, 'tp_atr_mult': 2.5}",28,0.3929,276.3002,1.5436,9.8679,0.2965,2.515,0.0755,0.0375,3276.3,5.1301008
ENA-USDT,HVOL,"{'min_adx': 30, 'vol_thresh': 1.3, 'max_ext': 0.01, 'adx_exit': 15, 'allowed_hours': [], 'risk_pct': 0.01, 'max_hold_bars': 120, 'use_trail': False, 'tp_atr_mult': 2.5}",13,0.3846,203.0972,1.6446,15.6229,0.2995,2.7605,0.1047,0.0397,3203.1,5.0839888
ENA-USDT,EMASTACK,"{'max_pb': 0.01, 'vol_thresh': 1.2, 'rsi_lo': 50, 'rsi_hi': 78, 'rsi_exit': 85, 'min_adx': 15, 'allowed_hours': [], 'risk_pct': 0.01, 'max_hold_bars': 144, 'use_trail': True, 'trail_ema': 21, 'tp_atr_mult': 2.5, 'stop_extra': 0.002}",9,0.2222,52.3063,1.8632,5.8118,0.2572,3.2887,0.0444,0.0138,3052.31,5.0623052
ENA-USDT,HVOL,"{'min_adx': 25, 'vol_thresh': 1.3, 'max_ext': 0.01, 'adx_exit': 15, 'allowed_hours': [], 'risk_pct': 0.01, 'max_hold_bars': 120, 'use_trail': False, 'tp_atr_mult': 2.5}",17,0.3529,229.6001,1.5776,13.5059,0.2966,2.5696,0.0906,0.0381,3229.6,5.0160404000000005
ENA-USDT,EMASTACK,"{'max_pb': 0.01, 'vol_thresh': 1.5, 'rsi_lo': 45, 'rsi_hi': 73, 'rsi_exit': 80, 'min_adx': 15, 'allowed_hours': [], 'risk_pct': 0.01, 'max_hold_bars': 144, 'use_trail': True, 'trail_ema': 21, 'tp_atr_mult': 2.5, 'stop_extra': 0.002}",6,0.1667,31.7126,1.9266,5.2854,0.2563,3.0794,0.0453,0.011,3031.71,4.992210400000001
ADA-USDT,MTALIGN,"{'pb_thresh': 0.005, 'vol_thresh': 1.5, 'allowed_hours': [], 'tp_atr_mult': 2.5, 'risk_pct': 0.01, 'max_hold_bars': 96, 'use_trail': True, 'trail_ema': 21, 'stop_extra': 0.002}",12,0.3333,16.534,1.8365,1.3778,0.2522,3.5124,0.0098,0.0025,3016.53,4.9736460000000005
ENA-USDT,HVOL,"{'min_adx': 20, 'vol_thresh': 2.0, 'max_ext': 0.02, 'adx_exit': 20, 'allowed_hours': [], 'risk_pct': 0.01, 'max_hold_bars': 120, 'use_trail': False, 'tp_atr_mult': 2.5}",17,0.4706,193.1064,1.5684,11.3592,0.2971,2.8575,0.0858,0.0454,3193.11,4.970925600000001
ADA-USDT,MTALIGN,"{'pb_thresh': 0.008, 'vol_thresh': 1.3, 'allowed_hours': [], 'tp_atr_mult': 2.5, 'risk_pct': 0.01, 'max_hold_bars': 96, 'use_trail': True, 'trail_ema': 21, 'stop_extra': 0.002}",17,0.3529,23.0688,1.8217,1.357,0.2528,3.4613,0.0105,0.0029,3023.07,4.956545200000001
ENA-USDT,HVOL,"{'min_adx': 30, 'vol_thresh': 2.0, 'max_ext': 0.03, 'adx_exit': 15, 'allowed_hours': [], 'risk_pct': 0.01, 'max_hold_bars': 120, 'use_trail': False, 'tp_atr_mult': 2.5}",12,0.5833,159.2126,1.6078,13.2677,0.3002,2.9889,0.1129,0.0462,3159.21,4.9439104
ENA-USDT,HVOL,"{'min_adx': 25, 'vol_thresh': 2.0, 'max_ext': 0.02, 'adx_exit': 15, 'allowed_hours': [], 'risk_pct': 0.01, 'max_hold_bars': 120, 'use_trail': False, 'tp_atr_mult': 2.5}",14,0.5,180.851,1.5678,12.9179,0.3057,2.9107,0.1056,0.0455,3180.85,4.933684
ENA-USDT,EMASTACK,"{'max_pb': 0.015, 'vol_thresh': 1.2, 'rsi_lo': 38, 'rsi_hi': 66, 'rsi_exit': 73, 'min_adx': 15, 'allowed_hours': [], 'risk_pct': 0.01, 'max_hold_bars': 144, 'use_trail': True, 'trail_ema': 21, 'tp_atr_mult': 2.5, 'stop_extra': 0.002}",9,0.2222,50.1371,1.8105,5.5708,0.2617,3.1918,0.0284,0.0141,3050.14,4.931318399999999
ENA-USDT,EMASTACK,"{'max_pb': 0.015, 'vol_thresh': 1.2, 'rsi_lo': 50, 'rsi_hi': 78, 'rsi_exit': 85, 'min_adx': 20, 'allowed_hours': [], 'risk_pct': 0.01, 'max_hold_bars': 144, 'use_trail': True, 'trail_ema': 21, 'tp_atr_mult': 2.5, 'stop_extra': 0.002}",8,0.25,49.4996,1.782,6.1875,0.2572,3.2575,0.0486,0.0152,3049.5,4.9167984
ENA-USDT,HVOL,"{'min_adx': 25, 'vol_thresh': 1.5, 'max_ext': 0.03, 'adx_exit': 15, 'allowed_hours': [], 'risk_pct': 0.01, 'max_hold_bars': 120, 'use_trail': False, 'tp_atr_mult': 2.5}",23,0.3913,239.455,1.5203,10.4111,0.295,2.3872,0.088,0.0373,3239.46,4.89815
ENA-USDT,EMASTACK,"{'max_pb': 0.005, 'vol_thresh': 1.5, 'rsi_lo': 50, 'rsi_hi': 78, 'rsi_exit': 85, 'min_adx': 15, 'allowed_hours': [], 'risk_pct': 0.01, 'max_hold_bars': 144, 'use_trail': True, 'trail_ema': 21, 'tp_atr_mult': 2.5, 'stop_extra': 0.002}",5,0.2,30.4303,1.8462,6.0861,0.2563,3.1245,0.0551,0.0151,3030.43,4.8845212
ENA-USDT,HVOL,"{'min_adx': 20, 'vol_thresh': 1.5, 'max_ext': 0.01, 'adx_exit': 20, 'allowed_hours': [], 'risk_pct': 0.01, 'max_hold_bars': 120, 'use_trail': False, 'tp_atr_mult': 2.5}",18,0.3333,168.4059,1.5484,9.3559,0.2778,2.6602,0.0824,0.0311,3168.41,4.7825036
ENA-USDT,HVOL,"{'min_adx': 30, 'vol_thresh': 1.3, 'max_ext': 0.03, 'adx_exit': 15, 'allowed_hours': [], 'risk_pct': 0.01, 'max_hold_bars': 120, 'use_trail': False, 'tp_atr_mult': 2.5}",19,0.4737,194.0734,1.5113,10.2144,0.2976,2.5694,0.0934,0.0396,3194.07,4.7734036
APT-USDT,HVOL,"{'min_adx': 30, 'vol_thresh': 2.0, 'max_ext': 0.02, 'adx_exit': 20, 'allowed_hours': [], 'risk_pct': 0.01, 'max_hold_bars': 120, 'use_trail': False, 'tp_atr_mult': 2.5}",11,0.5455,95.6267,1.6516,8.6933,0.2854,2.7809,0.0685,0.0301,3095.63,4.6868668
ENA-USDT,HVOL,"{'min_adx': 20, 'vol_thresh': 1.3, 'max_ext': 0.02, 'adx_exit': 25, 'allowed_hours': [], 'risk_pct': 0.01, 'max_hold_bars': 120, 'use_trail': False, 'tp_atr_mult': 2.5}",30,0.3667,240.7192,1.4441,8.024,0.3085,1.9957,0.0703,0.0352,3240.72,4.6188068
ENA-USDT,HVOL,"{'min_adx': 25, 'vol_thresh': 1.3, 'max_ext': 0.03, 'adx_exit': 20, 'allowed_hours': [], 'risk_pct': 0.01, 'max_hold_bars': 120, 'use_trail': False, 'tp_atr_mult': 2.5}",26,0.3846,202.8663,1.4588,7.8026,0.2858,2.2472,0.0771,0.0363,3202.87,4.6127452
ENA-USDT,EMASTACK,"{'max_pb': 0.015, 'vol_thresh': 1.2, 'rsi_lo': 45, 'rsi_hi': 73, 'rsi_exit': 80, 'min_adx': 15, 'allowed_hours': [], 'risk_pct': 0.01, 'max_hold_bars': 144, 'use_trail': True, 'trail_ema': 21, 'tp_atr_mult': 2.5, 'stop_extra': 0.002}",10,0.2,46.3734,1.7081,4.6373,0.2626,2.7886,0.0371,0.0133,3046.37,4.6004836000000005
ENA-USDT,HVOL,"{'min_adx': 25, 'vol_thresh': 1.3, 'max_ext': 0.03, 'adx_exit': 25, 'allowed_hours': [], 'risk_pct': 0.01, 'max_hold_bars': 120, 'use_trail': False, 'tp_atr_mult': 2.5}",28,0.3929,202.6088,1.4673,7.236,0.2835,2.1779,0.0688,0.0341,3202.61,4.5990452
NEAR-USDT,HVOL,"{'min_adx': 25, 'vol_thresh': 2.0, 'max_ext': 0.01, 'adx_exit': 20, 'allowed_hours': [], 'risk_pct': 0.01, 'max_hold_bars': 120, 'use_trail': False, 'tp_atr_mult': 2.5}",15,0.5333,41.0958,1.6011,2.7397,0.2631,2.9735,0.0191,0.009,3041.1,4.4923332
ENA-USDT,HVOL,"{'min_adx': 25, 'vol_thresh': 1.5, 'max_ext': 0.01, 'adx_exit': 20, 'allowed_hours': [], 'risk_pct': 0.01, 'max_hold_bars': 120, 'use_trail': False, 'tp_atr_mult': 2.5}",15,0.3333,142.4638,1.4661,9.4976,0.281,2.4055,0.088,0.034,3142.46,4.4502052
APT-USDT,HVOL,"{'min_adx': 30, 'vol_thresh': 1.5, 'max_ext': 0.03, 'adx_exit': 25, 'allowed_hours': [], 'risk_pct': 0.01, 'max_hold_bars': 120, 'use_trail': False, 'tp_atr_mult': 2.5}",16,0.5,106.6191,1.5316,6.6637,0.2793,2.4672,0.0519,0.0276,3106.62,4.4314564
NEAR-USDT,HVOL,"{'min_adx': 25, 'vol_thresh': 2.0, 'max_ext': 0.01, 'adx_exit': 15, 'allowed_hours': [], 'risk_pct': 0.01, 'max_hold_bars': 120, 'use_trail': False, 'tp_atr_mult': 2.5}",15,0.5333,39.212,1.5587,2.6141,0.2631,2.8241,0.0191,0.009,3039.21,4.361438000000001
ADA-USDT,MTALIGN,"{'pb_thresh': 0.008, 'vol_thresh': 1.5, 'allowed_hours': [], 'tp_atr_mult': 2.5, 'risk_pct': 0.01, 'max_hold_bars': 96, 'use_trail': True, 'trail_ema': 21, 'stop_extra': 0.002}",14,0.3571,14.4685,1.6079,1.0335,0.2523,2.8206,0.0099,0.0025,3014.47,4.345664
ENA-USDT,EMASTACK,"{'max_pb': 0.015, 'vol_thresh': 1.5, 'rsi_lo': 38, 'rsi_hi': 66, 'rsi_exit': 73, 'min_adx': 15, 'allowed_hours': [], 'risk_pct': 0.01, 'max_hold_bars': 144, 'use_trail': True, 'trail_ema': 21, 'tp_atr_mult': 2.5, 'stop_extra': 0.002}",6,0.1667,26.1899,1.6609,4.365,0.2577,2.5132,0.0262,0.0129,3026.19,4.3436896
ENA-USDT,EMASTACK,"{'max_pb': 0.015, 'vol_thresh': 1.5, 'rsi_lo': 50, 'rsi_hi': 78, 'rsi_exit': 85, 'min_adx': 20, 'allowed_hours': [], 'risk_pct': 0.01, 'max_hold_bars': 144, 'use_trail': True, 'trail_ema': 21, 'tp_atr_mult': 2.5, 'stop_extra': 0.002}",5,0.2,25.5574,1.6275,5.1115,0.2563,2.5934,0.058,0.0145,3025.56,4.3245396
ENA-USDT,EMASTACK,"{'max_pb': 0.01, 'vol_thresh': 1.5, 'rsi_lo': 50, 'rsi_hi': 78, 'rsi_exit': 85, 'min_adx': 20, 'allowed_hours': [], 'risk_pct': 0.01, 'max_hold_bars': 144, 'use_trail': True, 'trail_ema': 21, 'tp_atr_mult': 2.5, 'stop_extra': 0.002}",5,0.2,25.5574,1.6275,5.1115,0.2563,2.5934,0.058,0.0145,3025.56,4.3245396
APT-USDT,HVOL,"{'min_adx': 30, 'vol_thresh': 2.0, 'max_ext': 0.02, 'adx_exit': 25, 'allowed_hours': [], 'risk_pct': 0.01, 'max_hold_bars': 120, 'use_trail': False, 'tp_atr_mult': 2.5}",12,0.4167,80.8514,1.5137,6.7376,0.2888,2.2943,0.0622,0.0291,3080.85,4.2228756
ENA-USDT,HVOL,"{'min_adx': 20, 'vol_thresh': 2.0, 'max_ext': 0.03, 'adx_exit': 20, 'allowed_hours': [], 'risk_pct': 0.01, 'max_hold_bars': 120, 'use_trail': False, 'tp_atr_mult': 2.5}",18,0.4444,140.2821,1.4153,7.7935,0.302,2.1007,0.0871,0.0432,3140.28,4.222358399999999
ENA-USDT,HVOL,"{'min_adx': 25, 'vol_thresh': 1.5, 'max_ext': 0.01, 'adx_exit': 25, 'allowed_hours': [], 'risk_pct': 0.01, 'max_hold_bars': 120, 'use_trail': False, 'tp_atr_mult': 2.5}",16,0.375,129.0056,1.4224,8.0628,0.281,2.1327,0.082,0.0323,3129.01,4.2217024
ENA-USDT,HVOL,"{'min_adx': 25, 'vol_thresh': 1.3, 'max_ext': 0.02, 'adx_exit': 15, 'allowed_hours': [], 'risk_pct': 0.01, 'max_hold_bars': 120, 'use_trail': False, 'tp_atr_mult': 2.5}",24,0.375,188.3385,1.3552,7.8474,0.3022,1.8229,0.0858,0.0406,3188.34,4.213114
ENA-USDT,HVOL,"{'min_adx': 25, 'vol_thresh': 2.0, 'max_ext': 0.03, 'adx_exit': 15, 'allowed_hours': [], 'risk_pct': 0.01, 'max_hold_bars': 120, 'use_trail': False, 'tp_atr_mult': 2.5}",15,0.4667,129.0725,1.4074,8.6048,0.3103,2.053,0.1059,0.0428,3129.07,4.1382900000000005
ENA-USDT,HVOL,"{'min_adx': 20, 'vol_thresh': 1.3, 'max_ext': 0.02, 'adx_exit': 20, 'allowed_hours': [], 'risk_pct': 0.01, 'max_hold_bars': 120, 'use_trail': False, 'tp_atr_mult': 2.5}",29,0.3793,200.265,1.315,6.9057,0.312,1.6462,0.075,0.0412,3200.27,4.1200399999999995
ADA-USDT,MTALIGN,"{'pb_thresh': 0.008, 'vol_thresh': 1.1, 'allowed_hours': [], 'tp_atr_mult': 2.5, 'risk_pct': 0.01, 'max_hold_bars': 96, 'use_trail': True, 'trail_ema': 21, 'stop_extra': 0.002}",21,0.3333,19.4158,1.5136,0.9246,0.2536,2.4816,0.0088,0.0031,3019.42,4.0871032
ENA-USDT,HVOL,"{'min_adx': 20, 'vol_thresh': 1.5, 'max_ext': 0.01, 'adx_exit': 25, 'allowed_hours': [], 'risk_pct': 0.01, 'max_hold_bars': 120, 'use_trail': False, 'tp_atr_mult': 2.5}",19,0.3158,119.0964,1.4086,6.2682,0.2708,1.895,0.0741,0.0263,3119.1,4.0764856
ADA-USDT,MTALIGN,"{'pb_thresh': 0.005, 'vol_thresh': 1.3, 'allowed_hours': [], 'tp_atr_mult': 2.5, 'risk_pct': 0.01, 'max_hold_bars': 96, 'use_trail': True, 'trail_ema': 21, 'stop_extra': 0.002}",14,0.2857,12.318,1.5147,0.8799,0.2526,2.3736,0.0084,0.0029,3012.32,4.018162
ENA-USDT,HVOL,"{'min_adx': 30, 'vol_thresh': 1.5, 'max_ext': 0.01, 'adx_exit': 25, 'allowed_hours': [], 'risk_pct': 0.01, 'max_hold_bars': 120, 'use_trail': False, 'tp_atr_mult': 2.5}",12,0.4167,93.3618,1.3725,7.7802,0.2921,1.9516,0.0958,0.0356,3093.36,3.9207372000000005
ENA-USDT,EMASTACK,"{'max_pb': 0.015, 'vol_thresh': 1.5, 'rsi_lo': 45, 'rsi_hi': 73, 'rsi_exit': 80, 'min_adx': 15, 'allowed_hours': [], 'risk_pct': 0.01, 'max_hold_bars': 144, 'use_trail': True, 'trail_ema': 21, 'tp_atr_mult': 2.5, 'stop_extra': 0.002}",7,0.1429,22.4557,1.5189,3.208,0.2586,1.9854,0.039,0.0119,3022.46,3.9037328000000002
DOGE-USDT,EMASTACK,"{'max_pb': 0.005, 'vol_thresh': 1.5, 'rsi_lo': 50, 'rsi_hi': 78, 'rsi_exit': 85, 'min_adx': 20, 'allowed_hours': [], 'risk_pct': 0.01, 'max_hold_bars': 144, 'use_trail': True, 'trail_ema': 21, 'tp_atr_mult': 2.5, 'stop_extra': 0.002}",7,0.2857,6.4609,1.4258,0.923,0.2514,2.3162,0.0062,0.0021,3006.46,3.8396235999999995
DOGE-USDT,EMASTACK,"{'max_pb': 0.005, 'vol_thresh': 1.5, 'rsi_lo': 45, 'rsi_hi': 73, 'rsi_exit': 80, 'min_adx': 15, 'allowed_hours': [], 'risk_pct': 0.01, 'max_hold_bars': 144, 'use_trail': True, 'trail_ema': 21, 'tp_atr_mult': 2.5, 'stop_extra': 0.002}",7,0.2857,6.4609,1.4258,0.923,0.2514,2.3162,0.0062,0.0021,3006.46,3.8396235999999995
DOGE-USDT,EMASTACK,"{'max_pb': 0.015, 'vol_thresh': 1.5, 'rsi_lo': 50, 'rsi_hi': 78, 'rsi_exit': 85, 'min_adx': 15, 'allowed_hours': [], 'risk_pct': 0.01, 'max_hold_bars': 144, 'use_trail': True, 'trail_ema': 21, 'tp_atr_mult': 2.5, 'stop_extra': 0.002}",7,0.2857,6.4609,1.4258,0.923,0.2514,2.3162,0.0062,0.0021,3006.46,3.8396235999999995
DOGE-USDT,EMASTACK,"{'max_pb': 0.015, 'vol_thresh': 1.5, 'rsi_lo': 45, 'rsi_hi': 73, 'rsi_exit': 80, 'min_adx': 15, 'allowed_hours': [], 'risk_pct': 0.01, 'max_hold_bars': 144, 'use_trail': True, 'trail_ema': 21, 'tp_atr_mult': 2.5, 'stop_extra': 0.002}",7,0.2857,6.4609,1.4258,0.923,0.2514,2.3162,0.0062,0.0021,3006.46,3.8396235999999995
DOGE-USDT,EMASTACK,"{'max_pb': 0.005, 'vol_thresh': 1.5, 'rsi_lo': 50, 'rsi_hi': 78, 'rsi_exit': 85, 'min_adx': 15, 'allowed_hours': [], 'risk_pct': 0.01, 'max_hold_bars': 144, 'use_trail': True, 'trail_ema': 21, 'tp_atr_mult': 2.5, 'stop_extra': 0.002}",7,0.2857,6.4609,1.4258,0.923,0.2514,2.3162,0.0062,0.0021,3006.46,3.8396235999999995
DOGE-USDT,EMASTACK,"{'max_pb': 0.01, 'vol_thresh': 1.5, 'rsi_lo': 45, 'rsi_hi': 73, 'rsi_exit': 80, 'min_adx': 15, 'allowed_hours': [], 'risk_pct': 0.01, 'max_hold_bars': 144, 'use_trail': True, 'trail_ema': 21, 'tp_atr_mult': 2.5, 'stop_extra': 0.002}",7,0.2857,6.4609,1.4258,0.923,0.2514,2.3162,0.0062,0.0021,3006.46,3.8396235999999995
DOGE-USDT,EMASTACK,"{'max_pb': 0.005, 'vol_thresh': 1.5, 'rsi_lo': 45, 'rsi_hi': 73, 'rsi_exit': 80, 'min_adx': 20, 'allowed_hours': [], 'risk_pct': 0.01, 'max_hold_bars': 144, 'use_trail': True, 'trail_ema': 21, 'tp_atr_mult': 2.5, 'stop_extra': 0.002}",7,0.2857,6.4609,1.4258,0.923,0.2514,2.3162,0.0062,0.0021,3006.46,3.8396235999999995
DOGE-USDT,EMASTACK,"{'max_pb': 0.01, 'vol_thresh': 1.5, 'rsi_lo': 45, 'rsi_hi': 73, 'rsi_exit': 80, 'min_adx': 20, 'allowed_hours': [], 'risk_pct': 0.01, 'max_hold_bars': 144, 'use_trail': True, 'trail_ema': 21, 'tp_atr_mult': 2.5, 'stop_extra': 0.002}",7,0.2857,6.4609,1.4258,0.923,0.2514,2.3162,0.0062,0.0021,3006.46,3.8396235999999995
DOGE-USDT,EMASTACK,"{'max_pb': 0.01, 'vol_thresh': 1.5, 'rsi_lo': 50, 'rsi_hi': 78, 'rsi_exit': 85, 'min_adx': 15, 'allowed_hours': [], 'risk_pct': 0.01, 'max_hold_bars': 144, 'use_trail': True, 'trail_ema': 21, 'tp_atr_mult': 2.5, 'stop_extra': 0.002}",7,0.2857,6.4609,1.4258,0.923,0.2514,2.3162,0.0062,0.0021,3006.46,3.8396235999999995
DOGE-USDT,EMASTACK,"{'max_pb': 0.01, 'vol_thresh': 1.5, 'rsi_lo': 50, 'rsi_hi': 78, 'rsi_exit': 85, 'min_adx': 20, 'allowed_hours': [], 'risk_pct': 0.01, 'max_hold_bars': 144, 'use_trail': True, 'trail_ema': 21, 'tp_atr_mult': 2.5, 'stop_extra': 0.002}",7,0.2857,6.4609,1.4258,0.923,0.2514,2.3162,0.0062,0.0021,3006.46,3.8396235999999995
DOGE-USDT,EMASTACK,"{'max_pb': 0.015, 'vol_thresh': 1.5, 'rsi_lo': 45, 'rsi_hi': 73, 'rsi_exit': 80, 'min_adx': 20, 'allowed_hours': [], 'risk_pct': 0.01, 'max_hold_bars': 144, 'use_trail': True, 'trail_ema': 21, 'tp_atr_mult': 2.5, 'stop_extra': 0.002}",7,0.2857,6.4609,1.4258,0.923,0.2514,2.3162,0.0062,0.0021,3006.46,3.8396235999999995
DOGE-USDT,EMASTACK,"{'max_pb': 0.015, 'vol_thresh': 1.5, 'rsi_lo': 50, 'rsi_hi': 78, 'rsi_exit': 85, 'min_adx': 20, 'allowed_hours': [], 'risk_pct': 0.01, 'max_hold_bars': 144, 'use_trail': True, 'trail_ema': 21, 'tp_atr_mult': 2.5, 'stop_extra': 0.002}",7,0.2857,6.4609,1.4258,0.923,0.2514,2.3162,0.0062,0.0021,3006.46,3.8396235999999995
ADA-USDT,MTALIGN,"{'pb_thresh': 0.008, 'vol_thresh': 1.3, 'allowed_hours': [8, 9, 10, 11, 14, 15, 16, 17, 18, 19, 20, 21], 'tp_atr_mult': 2.5, 'risk_pct': 0.01, 'max_hold_bars': 96, 'use_trail': True, 'trail_ema': 21, 'stop_extra': 0.002}",8,0.25,7.0694,1.4109,0.8837,0.2523,2.1177,0.0109,0.003,3007.07,3.7394076
APT-USDT,HVOL,"{'min_adx': 30, 'vol_thresh': 1.5, 'max_ext': 0.03, 'adx_exit': 20, 'allowed_hours': [], 'risk_pct': 0.01, 'max_hold_bars': 120, 'use_trail': False, 'tp_atr_mult': 2.5}",16,0.5625,77.3059,1.3337,4.8316,0.2891,1.7248,0.0566,0.0329,3077.31,3.7105936000000006
APT-USDT,STAB,"{'min_squeeze_bars': 3, 'vol_thresh': 1.5, 'stop_atr_mult': 1.5, 'adx_exit': 15, 'tp_atr_mult': 3.0, 'allowed_hours': [8, 9, 10, 14, 15, 16, 17, 18, 19, 20, 21], 'risk_pct': 0.01, 'max_hold_bars': 240, 'use_trail': True, 'trail_ema': 21}",7,0.4286,26.5879,1.3503,3.7983,0.2697,2.0823,0.0203,0.0207,3026.59,3.6950215999999996
APT-USDT,STAB,"{'min_squeeze_bars': 3, 'vol_thresh': 1.5, 'stop_atr_mult': 1.5, 'adx_exit': 20, 'tp_atr_mult': 3.0, 'allowed_hours': [8, 9, 10, 14, 15, 16, 17, 18, 19, 20, 21], 'risk_pct': 0.01, 'max_hold_bars': 240, 'use_trail': True, 'trail_ema': 21}",7,0.4286,26.5879,1.3503,3.7983,0.2697,2.0823,0.0203,0.0207,3026.59,3.6950215999999996
ENA-USDT,HVOL,"{'min_adx': 30, 'vol_thresh': 1.5, 'max_ext': 0.01, 'adx_exit': 20, 'allowed_hours': [], 'risk_pct': 0.01, 'max_hold_bars': 120, 'use_trail': False, 'tp_atr_mult': 2.5}",12,0.3333,81.7272,1.3156,6.8106,0.2935,1.7113,0.0958,0.0359,3081.73,3.6913288
APT-USDT,HVOL,"{'min_adx': 30, 'vol_thresh': 2.0, 'max_ext': 0.02, 'adx_exit': 15, 'allowed_hours': [], 'risk_pct': 0.01, 'max_hold_bars': 120, 'use_trail': False, 'tp_atr_mult': 2.5}",10,0.4,48.6638,1.2686,4.8664,0.2963,1.4389,0.0728,0.0304,3048.66,3.3768152
PEPE-USDT,MTALIGN,"{'pb_thresh': 0.005, 'vol_thresh': 2.0, 'allowed_hours': [], 'tp_atr_mult': 2.5, 'risk_pct': 0.01, 'max_hold_bars': 96, 'use_trail': True, 'trail_ema': 21, 'stop_extra': 0.002}",5,0.2,3.3391,1.3127,0.6678,0.2514,1.5852,0.0046,0.0019,3003.34,3.365086399999999
ENA-USDT,HVOL,"{'min_adx': 20, 'vol_thresh': 1.3, 'max_ext': 0.03, 'adx_exit': 25, 'allowed_hours': [], 'risk_pct': 0.01, 'max_hold_bars': 120, 'use_trail': False, 'tp_atr_mult': 2.5}",32,0.3438,110.6263,1.2048,3.4571,0.3085,1.0254,0.0654,0.0343,3110.63,3.3513652000000005
LIT-USDT,HVOL,"{'min_adx': 30, 'vol_thresh': 1.5, 'max_ext': 0.01, 'adx_exit': 25, 'allowed_hours': [], 'risk_pct': 0.01, 'max_hold_bars': 120, 'use_trail': False, 'tp_atr_mult': 2.5}",12,0.4167,54.2572,1.2457,4.5214,0.278,1.3479,0.0655,0.0384,3054.26,3.3467388000000002
ENA-USDT,EMASTACK,"{'max_pb': 0.015, 'vol_thresh': 1.2, 'rsi_lo': 50, 'rsi_hi': 78, 'rsi_exit': 85, 'min_adx': 15, 'allowed_hours': [], 'risk_pct': 0.01, 'max_hold_bars': 144, 'use_trail': True, 'trail_ema': 21, 'tp_atr_mult': 2.5, 'stop_extra': 0.002}",11,0.1818,24.2039,1.2761,2.2004,0.2626,1.3269,0.0371,0.0156,3024.2,3.2791255999999995
ENA-USDT,HVOL,"{'min_adx': 20, 'vol_thresh': 1.5, 'max_ext': 0.02, 'adx_exit': 15, 'allowed_hours': [], 'risk_pct': 0.01, 'max_hold_bars': 120, 'use_trail': False, 'tp_atr_mult': 2.5}",26,0.3846,107.8703,1.1615,4.1489,0.3104,0.9147,0.0781,0.0465,3107.87,3.2292112000000004
ADA-USDT,MTALIGN,"{'pb_thresh': 0.008, 'vol_thresh': 1.1, 'allowed_hours': [8, 9, 10, 11, 14, 15, 16, 17, 18, 19, 20, 21], 'tp_atr_mult': 2.5, 'risk_pct': 0.01, 'max_hold_bars': 96, 'use_trail': True, 'trail_ema': 21, 'stop_extra': 0.002}",10,0.3,5.5937,1.2488,0.5594,0.2531,1.4076,0.0093,0.0032,3005.59,3.2055147999999996
APT-USDT,STAB,"{'min_squeeze_bars': 5, 'vol_thresh': 1.5, 'stop_atr_mult': 2.0, 'adx_exit': 20, 'tp_atr_mult': 3.0, 'allowed_hours': [8, 9, 10, 14, 15, 16, 17, 18, 19, 20, 21], 'risk_pct': 0.01, 'max_hold_bars': 240, 'use_trail': True, 'trail_ema': 21}",6,0.5,10.6522,1.199,1.7754,0.2644,1.4323,0.0229,0.019,3010.65,3.1496288000000003
APT-USDT,STAB,"{'min_squeeze_bars': 5, 'vol_thresh': 1.5, 'stop_atr_mult': 2.0, 'adx_exit': 15, 'tp_atr_mult': 3.0, 'allowed_hours': [8, 9, 10, 14, 15, 16, 17, 18, 19, 20, 21], 'risk_pct': 0.01, 'max_hold_bars': 240, 'use_trail': True, 'trail_ema': 21}",6,0.5,10.6522,1.199,1.7754,0.2644,1.4323,0.0229,0.019,3010.65,3.1496288000000003
APT-USDT,STAB,"{'min_squeeze_bars': 5, 'vol_thresh': 1.5, 'stop_atr_mult': 2.5, 'adx_exit': 20, 'tp_atr_mult': 3.0, 'allowed_hours': [8, 9, 10, 14, 15, 16, 17, 18, 19, 20, 21], 'risk_pct': 0.01, 'max_hold_bars': 240, 'use_trail': True, 'trail_ema': 21}",6,0.5,10.6522,1.199,1.7754,0.2644,1.4323,0.0229,0.019,3010.65,3.1496288000000003
APT-USDT,STAB,"{'min_squeeze_bars': 5, 'vol_thresh': 1.5, 'stop_atr_mult': 2.5, 'adx_exit': 15, 'tp_atr_mult': 3.0, 'allowed_hours': [8, 9, 10, 14, 15, 16, 17, 18, 19, 20, 21], 'risk_pct': 0.01, 'max_hold_bars': 240, 'use_trail': True, 'trail_ema': 21}",6,0.5,10.6522,1.199,1.7754,0.2644,1.4323,0.0229,0.019,3010.65,3.1496288000000003
ONDO-USDT,MTALIGN,"{'pb_thresh': 0.003, 'vol_thresh': 1.3, 'allowed_hours': [], 'tp_atr_mult': 2.5, 'risk_pct': 0.01, 'max_hold_bars': 96, 'use_trail': True, 'trail_ema': 21, 'stop_extra': 0.002}",5,0.2,2.8915,1.2311,0.5783,0.2523,1.2378,0.0055,0.0027,3002.89,3.1010359999999997
APT-USDT,HVOL,"{'min_adx': 30, 'vol_thresh': 1.3, 'max_ext': 0.02, 'adx_exit': 15, 'allowed_hours': [], 'risk_pct': 0.01, 'max_hold_bars': 120, 'use_trail': False, 'tp_atr_mult': 2.5}",14,0.5,40.6542,1.1825,2.9039,0.2843,1.0749,0.0602,0.0303,3040.65,3.0820268
ONDO-USDT,MTALIGN,"{'pb_thresh': 0.003, 'vol_thresh': 1.1, 'allowed_hours': [8, 9, 10, 11, 14, 15, 16, 17, 18, 19, 20, 21], 'tp_atr_mult': 2.5, 'risk_pct': 0.01, 'max_hold_bars': 96, 'use_trail': True, 'trail_ema': 21, 'stop_extra': 0.002}",5,0.2,2.7752,1.2198,0.555,0.2523,1.1861,0.0054,0.0034,3002.78,3.0629408
ENA-USDT,EMASTACK,"{'max_pb': 0.015, 'vol_thresh': 1.2, 'rsi_lo': 50, 'rsi_hi': 78, 'rsi_exit': 85, 'min_adx': 25, 'allowed_hours': [], 'risk_pct': 0.01, 'max_hold_bars': 144, 'use_trail': True, 'trail_ema': 21, 'tp_atr_mult': 2.5, 'stop_extra': 0.002}",5,0.2,11.4594,1.2103,2.2919,0.2562,1.1205,0.0334,0.0192,3011.46,3.0532876
APT-USDT,HVOL,"{'min_adx': 30, 'vol_thresh': 1.3, 'max_ext': 0.02, 'adx_exit': 25, 'allowed_hours': [], 'risk_pct': 0.01, 'max_hold_bars': 120, 'use_trail': False, 'tp_atr_mult': 2.5}",16,0.4375,34.8563,1.176,2.1785,0.2792,0.9236,0.0513,0.0272,3034.86,2.9936652
APT-USDT,HVOL,"{'min_adx': 30, 'vol_thresh': 1.3, 'max_ext': 0.02, 'adx_exit': 20, 'allowed_hours': [], 'risk_pct': 0.01, 'max_hold_bars': 120, 'use_trail': False, 'tp_atr_mult': 2.5}",15,0.5333,34.1121,1.1691,2.2741,0.2794,0.9138,0.0579,0.0301,3034.11,2.9762184
APT-USDT,HVOL,"{'min_adx': 30, 'vol_thresh': 1.3, 'max_ext': 0.03, 'adx_exit': 25, 'allowed_hours': [], 'risk_pct': 0.01, 'max_hold_bars': 120, 'use_trail': False, 'tp_atr_mult': 2.5}",16,0.4375,31.8054,1.1514,1.9878,0.2781,0.8735,0.0515,0.0269,3031.81,2.9256215999999995
LIT-USDT,HVOL,"{'min_adx': 30, 'vol_thresh': 1.5, 'max_ext': 0.01, 'adx_exit': 15, 'allowed_hours': [], 'risk_pct': 0.01, 'max_hold_bars': 120, 'use_trail': False, 'tp_atr_mult': 2.5}",11,0.2727,43.2558,1.1317,3.9323,0.2903,0.8083,0.0766,0.0484,3043.26,2.9035931999999995
FIL-USDT,HVOL,"{'min_adx': 20, 'vol_thresh': 2.0, 'max_ext': 0.03, 'adx_exit': 25, 'allowed_hours': [], 'risk_pct': 0.01, 'max_hold_bars': 120, 'use_trail': False, 'tp_atr_mult': 2.5}",16,0.25,9.0274,1.1741,0.5642,0.2568,0.856,0.0125,0.0052,3009.03,2.8828595999999997
FIL-USDT,HVOL,"{'min_adx': 20, 'vol_thresh': 2.0, 'max_ext': 0.02, 'adx_exit': 25, 'allowed_hours': [], 'risk_pct': 0.01, 'max_hold_bars': 120, 'use_trail': False, 'tp_atr_mult': 2.5}",16,0.25,9.0274,1.1741,0.5642,0.2568,0.856,0.0125,0.0052,3009.03,2.8828595999999997
FIL-USDT,HVOL,"{'min_adx': 20, 'vol_thresh': 2.0, 'max_ext': 0.01, 'adx_exit': 25, 'allowed_hours': [], 'risk_pct': 0.01, 'max_hold_bars': 120, 'use_trail': False, 'tp_atr_mult': 2.5}",16,0.25,9.0274,1.1741,0.5642,0.2568,0.856,0.0125,0.0052,3009.03,2.8828595999999997
ENA-USDT,EMASTACK,"{'max_pb': 0.01, 'vol_thresh': 1.5, 'rsi_lo': 50, 'rsi_hi': 78, 'rsi_exit': 85, 'min_adx': 15, 'allowed_hours': [], 'risk_pct': 0.01, 'max_hold_bars': 144, 'use_trail': True, 'trail_ema': 21, 'tp_atr_mult': 2.5, 'stop_extra': 0.002}",7,0.1429,9.6497,1.1714,1.3785,0.2563,0.8111,0.0441,0.0149,3009.65,2.8638388000000004
DOGE-USDT,STAB,"{'min_squeeze_bars': 3, 'vol_thresh': 1.5, 'stop_atr_mult': 2.0, 'adx_exit': 15, 'tp_atr_mult': 3.0, 'allowed_hours': [8, 9, 10, 14, 15, 16, 17, 18, 19, 20, 21], 'risk_pct': 0.01, 'max_hold_bars': 240, 'use_trail': True, 'trail_ema': 21}",5,0.4,1.1923,1.1613,0.2385,0.2519,0.8877,0.0063,0.0026,3001.19,2.8498992
DOGE-USDT,STAB,"{'min_squeeze_bars': 3, 'vol_thresh': 1.5, 'stop_atr_mult': 2.0, 'adx_exit': 20, 'tp_atr_mult': 3.0, 'allowed_hours': [8, 9, 10, 14, 15, 16, 17, 18, 19, 20, 21], 'risk_pct': 0.01, 'max_hold_bars': 240, 'use_trail': True, 'trail_ema': 21}",5,0.4,1.1923,1.1613,0.2385,0.2519,0.8877,0.0063,0.0026,3001.19,2.8498992
ENA-USDT,HVOL,"{'min_adx': 20, 'vol_thresh': 1.3, 'max_ext': 0.03, 'adx_exit': 20, 'allowed_hours': [], 'risk_pct': 0.01, 'max_hold_bars': 120, 'use_trail': False, 'tp_atr_mult': 2.5}",31,0.3548,63.2435,1.0993,2.0401,0.312,0.5778,0.0696,0.04,3063.24,2.8210439999999997
FIL-USDT,HVOL,"{'min_adx': 20, 'vol_thresh': 2.0, 'max_ext': 0.03, 'adx_exit': 20, 'allowed_hours': [], 'risk_pct': 0.01, 'max_hold_bars': 120, 'use_trail': False, 'tp_atr_mult': 2.5}",16,0.3125,7.833,1.1469,0.4896,0.2571,0.7333,0.0129,0.0056,3007.83,2.787902
FIL-USDT,HVOL,"{'min_adx': 20, 'vol_thresh': 2.0, 'max_ext': 0.02, 'adx_exit': 20, 'allowed_hours': [], 'risk_pct': 0.01, 'max_hold_bars': 120, 'use_trail': False, 'tp_atr_mult': 2.5}",16,0.3125,7.833,1.1469,0.4896,0.2571,0.7333,0.0129,0.0056,3007.83,2.787902
FIL-USDT,HVOL,"{'min_adx': 20, 'vol_thresh': 2.0, 'max_ext': 0.01, 'adx_exit': 20, 'allowed_hours': [], 'risk_pct': 0.01, 'max_hold_bars': 120, 'use_trail': False, 'tp_atr_mult': 2.5}",16,0.3125,7.833,1.1469,0.4896,0.2571,0.7333,0.0129,0.0056,3007.83,2.787902
LIT-USDT,HVOL,"{'min_adx': 25, 'vol_thresh': 1.5, 'max_ext': 0.01, 'adx_exit': 15, 'allowed_hours': [], 'risk_pct': 0.01, 'max_hold_bars': 120, 'use_trail': False, 'tp_atr_mult': 2.5}",15,0.3333,44.3198,1.1028,2.9547,0.3027,0.6418,0.0688,0.0477,3044.32,2.7854992000000003
ENA-USDT,HVOL,"{'min_adx': 25, 'vol_thresh': 1.3, 'max_ext': 0.03, 'adx_exit': 15, 'allowed_hours': [], 'risk_pct': 0.01, 'max_hold_bars': 120, 'use_trail': False, 'tp_atr_mult': 2.5}",26,0.3462,52.6503,1.0983,2.025,0.3068,0.5655,0.0785,0.0393,3052.65,2.7774512000000002
ADA-USDT,MTALIGN,"{'pb_thresh': 0.005, 'vol_thresh': 1.1, 'allowed_hours': [], 'tp_atr_mult': 2.5, 'risk_pct': 0.01, 'max_hold_bars': 96, 'use_trail': True, 'trail_ema': 21, 'stop_extra': 0.002}",18,0.2778,4.394,1.1378,0.2441,0.2535,0.7241,0.0075,0.003,3004.39,2.760416
APT-USDT,HVOL,"{'min_adx': 30, 'vol_thresh': 2.0, 'max_ext': 0.03, 'adx_exit': 20, 'allowed_hours': [], 'risk_pct': 0.01, 'max_hold_bars': 120, 'use_trail': False, 'tp_atr_mult': 2.5}",12,0.5833,17.3066,1.1179,1.4422,0.2854,0.7151,0.0694,0.0306,3017.31,2.7467163999999995
LIT-USDT,EMASTACK,"{'max_pb': 0.015, 'vol_thresh': 2.0, 'rsi_lo': 38, 'rsi_hi': 66, 'rsi_exit': 73, 'min_adx': 15, 'allowed_hours': [], 'risk_pct': 0.01, 'max_hold_bars': 144, 'use_trail': True, 'trail_ema': 21, 'tp_atr_mult': 2.5, 'stop_extra': 0.002}",5,0.2,6.9131,1.1192,1.3826,0.2638,0.6642,0.0247,0.0263,3006.91,2.7083324
APT-USDT,HVOL,"{'min_adx': 30, 'vol_thresh': 1.5, 'max_ext': 0.02, 'adx_exit': 25, 'allowed_hours': [], 'risk_pct': 0.01, 'max_hold_bars': 120, 'use_trail': False, 'tp_atr_mult': 2.5}",16,0.5,19.6425,1.1051,1.2277,0.2819,0.6311,0.0497,0.0298,3019.64,2.70676
NEAR-USDT,HVOL,"{'min_adx': 20, 'vol_thresh': 2.0, 'max_ext': 0.01, 'adx_exit': 20, 'allowed_hours': [], 'risk_pct': 0.01, 'max_hold_bars': 120, 'use_trail': False, 'tp_atr_mult': 2.5}",18,0.4444,8.9166,1.0947,0.4954,0.2697,0.5695,0.0172,0.0094,3008.92,2.6358163999999995
APT-USDT,HVOL,"{'min_adx': 30, 'vol_thresh': 1.5, 'max_ext': 0.02, 'adx_exit': 20, 'allowed_hours': [], 'risk_pct': 0.01, 'max_hold_bars': 120, 'use_trail': False, 'tp_atr_mult': 2.5}",15,0.6,16.1713,1.0848,1.0781,0.2821,0.5246,0.0563,0.0328,3016.17,2.6196251999999998
WLD-USDT,HVOL,"{'min_adx': 30, 'vol_thresh': 2.0, 'max_ext': 0.01, 'adx_exit': 20, 'allowed_hours': [], 'risk_pct': 0.01, 'max_hold_bars': 120, 'use_trail': False, 'tp_atr_mult': 2.5}",7,0.4286,1.8163,1.0839,0.2595,0.2537,0.5213,0.0083,0.005,3001.82,2.5879352
NEAR-USDT,HVOL,"{'min_adx': 20, 'vol_thresh': 2.0, 'max_ext': 0.01, 'adx_exit': 15, 'allowed_hours': [], 'risk_pct': 0.01, 'max_hold_bars': 120, 'use_trail': False, 'tp_atr_mult': 2.5}",18,0.4444,7.0527,1.0735,0.3918,0.2697,0.449,0.0172,0.0094,3007.05,2.5483608
WLD-USDT,HVOL,"{'min_adx': 30, 'vol_thresh': 2.0, 'max_ext': 0.01, 'adx_exit': 25, 'allowed_hours': [], 'risk_pct': 0.01, 'max_hold_bars': 120, 'use_trail': False, 'tp_atr_mult': 2.5}",7,0.4286,1.5452,1.0705,0.2207,0.2532,0.4421,0.0083,0.0045,3001.55,2.5355708
ENA-USDT,HVOL,"{'min_adx': 20, 'vol_thresh': 1.5, 'max_ext': 0.03, 'adx_exit': 15, 'allowed_hours': [], 'risk_pct': 0.01, 'max_hold_bars': 120, 'use_trail': False, 'tp_atr_mult': 2.5}",28,0.3571,35.3622,1.052,1.2629,0.3104,0.2961,0.0768,0.0444,3035.36,2.5274888
FIL-USDT,HVOL,"{'min_adx': 20, 'vol_thresh': 2.0, 'max_ext': 0.03, 'adx_exit': 15, 'allowed_hours': [], 'risk_pct': 0.01, 'max_hold_bars': 120, 'use_trail': False, 'tp_atr_mult': 2.5}",16,0.3125,4.2137,1.074,0.2634,0.258,0.3895,0.0129,0.0057,3004.21,2.5256548
FIL-USDT,HVOL,"{'min_adx': 20, 'vol_thresh': 2.0, 'max_ext': 0.02, 'adx_exit': 15, 'allowed_hours': [], 'risk_pct': 0.01, 'max_hold_bars': 120, 'use_trail': False, 'tp_atr_mult': 2.5}",16,0.3125,4.2137,1.074,0.2634,0.258,0.3895,0.0129,0.0057,3004.21,2.5256548
FIL-USDT,HVOL,"{'min_adx': 20, 'vol_thresh': 2.0, 'max_ext': 0.01, 'adx_exit': 15, 'allowed_hours': [], 'risk_pct': 0.01, 'max_hold_bars': 120, 'use_trail': False, 'tp_atr_mult': 2.5}",16,0.3125,4.2137,1.074,0.2634,0.258,0.3895,0.0129,0.0057,3004.21,2.5256548
APT-USDT,HVOL,"{'min_adx': 30, 'vol_thresh': 1.5, 'max_ext': 0.03, 'adx_exit': 15, 'allowed_hours': [], 'risk_pct': 0.01, 'max_hold_bars': 120, 'use_trail': False, 'tp_atr_mult': 2.5}",16,0.5,14.9962,1.0528,0.9373,0.3006,0.3218,0.0578,0.0355,3015.0,2.4673048
APT-USDT,HVOL,"{'min_adx': 30, 'vol_thresh': 1.5, 'max_ext': 0.02, 'adx_exit': 15, 'allowed_hours': [], 'risk_pct': 0.01, 'max_hold_bars': 120, 'use_trail': False, 'tp_atr_mult': 2.5}",14,0.5714,8.6632,1.041,0.6188,0.2843,0.2811,0.0585,0.0332,3008.66,2.4242928
ENA-USDT,HVOL,"{'min_adx': 20, 'vol_thresh': 1.5, 'max_ext': 0.01, 'adx_exit': 15, 'allowed_hours': [], 'risk_pct': 0.01, 'max_hold_bars': 120, 'use_trail': False, 'tp_atr_mult': 2.5}",18,0.3333,13.4879,1.0335,0.7493,0.3027,0.209,0.0844,0.0378,3013.49,2.3851016000000005
APT-USDT,HVOL,"{'min_adx': 30, 'vol_thresh': 2.0, 'max_ext': 0.03, 'adx_exit': 25, 'allowed_hours': [], 'risk_pct': 0.01, 'max_hold_bars': 120, 'use_trail': False, 'tp_atr_mult': 2.5}",13,0.4615,5.6239,1.0357,0.4326,0.2888,0.2315,0.0635,0.0296,3005.62,2.3798456000000003
ENA-USDT,HVOL,"{'min_adx': 25, 'vol_thresh': 1.5, 'max_ext': 0.01, 'adx_exit': 15, 'allowed_hours': [], 'risk_pct': 0.01, 'max_hold_bars': 120, 'use_trail': False, 'tp_atr_mult': 2.5}",15,0.3333,9.2287,1.0241,0.6152,0.3041,0.1467,0.0905,0.0403,3009.23,2.3276448
ENA-USDT,HVOL,"{'min_adx': 20, 'vol_thresh': 2.0, 'max_ext': 0.01, 'adx_exit': 15, 'allowed_hours': [], 'risk_pct': 0.01, 'max_hold_bars': 120, 'use_trail': False, 'tp_atr_mult': 2.5}",11,0.4545,5.9381,1.023,0.5398,0.291,0.1482,0.1008,0.0503,3005.94,2.3265323999999996
LIT-USDT,EMASTACK,"{'max_pb': 0.01, 'vol_thresh': 2.0, 'rsi_lo': 50, 'rsi_hi': 78, 'rsi_exit': 85, 'min_adx': 15, 'allowed_hours': [], 'risk_pct': 0.01, 'max_hold_bars': 144, 'use_trail': True, 'trail_ema': 21, 'tp_atr_mult': 2.5, 'stop_extra': 0.002}",5,0.2,0.5086,1.0115,0.1017,0.2643,0.0663,0.0458,0.0358,3000.51,2.2815044
LIT-USDT,EMASTACK,"{'max_pb': 0.01, 'vol_thresh': 2.0, 'rsi_lo': 45, 'rsi_hi': 73, 'rsi_exit': 80, 'min_adx': 15, 'allowed_hours': [], 'risk_pct': 0.01, 'max_hold_bars': 144, 'use_trail': True, 'trail_ema': 21, 'tp_atr_mult': 2.5, 'stop_extra': 0.002}",5,0.2,0.5086,1.0115,0.1017,0.2643,0.0663,0.0458,0.0358,3000.51,2.2815044
APT-USDT,HVOL,"{'min_adx': 30, 'vol_thresh': 1.3, 'max_ext': 0.03, 'adx_exit': 20, 'allowed_hours': [], 'risk_pct': 0.01, 'max_hold_bars': 120, 'use_trail': False, 'tp_atr_mult': 2.5}",16,0.5,3.1981,1.0133,0.1999,0.2891,0.0837,0.0562,0.0322,3003.2,2.2771224
ENA-USDT,EMASTACK,"{'max_pb': 0.015, 'vol_thresh': 1.5, 'rsi_lo': 50, 'rsi_hi': 78, 'rsi_exit': 85, 'min_adx': 15, 'allowed_hours': [], 'risk_pct': 0.01, 'max_hold_bars': 144, 'use_trail': True, 'trail_ema': 21, 'tp_atr_mult': 2.5, 'stop_extra': 0.002}",8,0.125,0.4602,1.0071,0.0575,0.2586,0.036,0.0387,0.0152,3000.46,2.2682908000000004
FIL-USDT,HVOL,"{'min_adx': 30, 'vol_thresh': 2.0, 'max_ext': 0.01, 'adx_exit': 25, 'allowed_hours': [], 'risk_pct': 0.01, 'max_hold_bars': 120, 'use_trail': False, 'tp_atr_mult': 2.5}",12,0.25,-0.2277,0.9956,-0.019,0.2555,-0.0247,0.0129,0.0071,2999.77,2.2271091999999997
FIL-USDT,HVOL,"{'min_adx': 30, 'vol_thresh': 2.0, 'max_ext': 0.03, 'adx_exit': 25, 'allowed_hours': [], 'risk_pct': 0.01, 'max_hold_bars': 120, 'use_trail': False, 'tp_atr_mult': 2.5}",12,0.25,-0.2277,0.9956,-0.019,0.2555,-0.0247,0.0129,0.0071,2999.77,2.2271091999999997
FIL-USDT,HVOL,"{'min_adx': 30, 'vol_thresh': 2.0, 'max_ext': 0.02, 'adx_exit': 25, 'allowed_hours': [], 'risk_pct': 0.01, 'max_hold_bars': 120, 'use_trail': False, 'tp_atr_mult': 2.5}",12,0.25,-0.2277,0.9956,-0.019,0.2555,-0.0247,0.0129,0.0071,2999.77,2.2271091999999997
DOGE-USDT,EMASTACK,"{'max_pb': 0.01, 'vol_thresh': 1.5, 'rsi_lo': 38, 'rsi_hi': 66, 'rsi_exit': 73, 'min_adx': 20, 'allowed_hours': [8, 9, 10, 14, 15, 16, 17, 18, 19, 20, 21], 'risk_pct': 0.01, 'max_hold_bars': 144, 'use_trail': True, 'trail_ema': 21, 'tp_atr_mult': 2.5, 'stop_extra': 0.002}",5,0.4,-0.1317,0.9875,-0.0263,0.2514,-0.0963,0.0048,0.0022,2999.87,2.1908031999999995
DOGE-USDT,EMASTACK,"{'max_pb': 0.005, 'vol_thresh': 1.5, 'rsi_lo': 38, 'rsi_hi': 66, 'rsi_exit': 73, 'min_adx': 15, 'allowed_hours': [8, 9, 10, 14, 15, 16, 17, 18, 19, 20, 21], 'risk_pct': 0.01, 'max_hold_bars': 144, 'use_trail': True, 'trail_ema': 21, 'tp_atr_mult': 2.5, 'stop_extra': 0.002}",5,0.4,-0.1317,0.9875,-0.0263,0.2514,-0.0963,0.0048,0.0022,2999.87,2.1908031999999995
DOGE-USDT,EMASTACK,"{'max_pb': 0.01, 'vol_thresh': 1.5, 'rsi_lo': 38, 'rsi_hi': 66, 'rsi_exit': 73, 'min_adx': 15, 'allowed_hours': [8, 9, 10, 14, 15, 16, 17, 18, 19, 20, 21], 'risk_pct': 0.01, 'max_hold_bars': 144, 'use_trail': True, 'trail_ema': 21, 'tp_atr_mult': 2.5, 'stop_extra': 0.002}",5,0.4,-0.1317,0.9875,-0.0263,0.2514,-0.0963,0.0048,0.0022,2999.87,2.1908031999999995
DOGE-USDT,EMASTACK,"{'max_pb': 0.015, 'vol_thresh': 1.5, 'rsi_lo': 38, 'rsi_hi': 66, 'rsi_exit': 73, 'min_adx': 15, 'allowed_hours': [8, 9, 10, 14, 15, 16, 17, 18, 19, 20, 21], 'risk_pct': 0.01, 'max_hold_bars': 144, 'use_trail': True, 'trail_ema': 21, 'tp_atr_mult': 2.5, 'stop_extra': 0.002}",5,0.4,-0.1317,0.9875,-0.0263,0.2514,-0.0963,0.0048,0.0022,2999.87,2.1908031999999995
DOGE-USDT,EMASTACK,"{'max_pb': 0.015, 'vol_thresh': 1.5, 'rsi_lo': 38, 'rsi_hi': 66, 'rsi_exit': 73, 'min_adx': 20, 'allowed_hours': [8, 9, 10, 14, 15, 16, 17, 18, 19, 20, 21], 'risk_pct': 0.01, 'max_hold_bars': 144, 'use_trail': True, 'trail_ema': 21, 'tp_atr_mult': 2.5, 'stop_extra': 0.002}",5,0.4,-0.1317,0.9875,-0.0263,0.2514,-0.0963,0.0048,0.0022,2999.87,2.1908031999999995
DOGE-USDT,EMASTACK,"{'max_pb': 0.005, 'vol_thresh': 1.5, 'rsi_lo': 38, 'rsi_hi': 66, 'rsi_exit': 73, 'min_adx': 20, 'allowed_hours': [8, 9, 10, 14, 15, 16, 17, 18, 19, 20, 21], 'risk_pct': 0.01, 'max_hold_bars': 144, 'use_trail': True, 'trail_ema': 21, 'tp_atr_mult': 2.5, 'stop_extra': 0.002}",5,0.4,-0.1317,0.9875,-0.0263,0.2514,-0.0963,0.0048,0.0022,2999.87,2.1908031999999995
NEAR-USDT,HVOL,"{'min_adx': 25, 'vol_thresh': 1.5, 'max_ext': 0.01, 'adx_exit': 20, 'allowed_hours': [], 'risk_pct': 0.01, 'max_hold_bars': 120, 'use_trail': False, 'tp_atr_mult': 2.5}",20,0.4,-1.7693,0.986,-0.0885,0.2678,-0.0955,0.0161,0.0098,2998.23,2.1659227999999997
LIT-USDT,HVOL,"{'min_adx': 20, 'vol_thresh': 1.5, 'max_ext': 0.01, 'adx_exit': 25, 'allowed_hours': [], 'risk_pct': 0.01, 'max_hold_bars': 120, 'use_trail': False, 'tp_atr_mult': 2.5}",19,0.3158,-3.257,0.9918,-0.1714,0.2932,-0.0523,0.066,0.0394,2996.74,2.1605519999999996
PEPE-USDT,EMASTACK,"{'max_pb': 0.01, 'vol_thresh': 1.5, 'rsi_lo': 45, 'rsi_hi': 73, 'rsi_exit': 80, 'min_adx': 25, 'allowed_hours': [], 'risk_pct': 0.01, 'max_hold_bars': 144, 'use_trail': True, 'trail_ema': 21, 'tp_atr_mult': 2.5, 'stop_extra': 0.002}",6,0.1667,-0.3772,0.974,-0.0629,0.2519,-0.1569,0.0054,0.0029,2999.62,2.1448312
PEPE-USDT,EMASTACK,"{'max_pb': 0.015, 'vol_thresh': 1.5, 'rsi_lo': 45, 'rsi_hi': 73, 'rsi_exit': 80, 'min_adx': 25, 'allowed_hours': [], 'risk_pct': 0.01, 'max_hold_bars': 144, 'use_trail': True, 'trail_ema': 21, 'tp_atr_mult': 2.5, 'stop_extra': 0.002}",6,0.1667,-0.3772,0.974,-0.0629,0.2519,-0.1569,0.0054,0.0029,2999.62,2.1448312
PEPE-USDT,EMASTACK,"{'max_pb': 0.005, 'vol_thresh': 1.5, 'rsi_lo': 38, 'rsi_hi': 66, 'rsi_exit': 73, 'min_adx': 25, 'allowed_hours': [], 'risk_pct': 0.01, 'max_hold_bars': 144, 'use_trail': True, 'trail_ema': 21, 'tp_atr_mult': 2.5, 'stop_extra': 0.002}",6,0.1667,-0.3772,0.974,-0.0629,0.2519,-0.1569,0.0054,0.0029,2999.62,2.1448312
PEPE-USDT,EMASTACK,"{'max_pb': 0.005, 'vol_thresh': 1.5, 'rsi_lo': 50, 'rsi_hi': 78, 'rsi_exit': 85, 'min_adx': 25, 'allowed_hours': [], 'risk_pct': 0.01, 'max_hold_bars': 144, 'use_trail': True, 'trail_ema': 21, 'tp_atr_mult': 2.5, 'stop_extra': 0.002}",6,0.1667,-0.3772,0.974,-0.0629,0.2519,-0.1569,0.0054,0.0029,2999.62,2.1448312
PEPE-USDT,EMASTACK,"{'max_pb': 0.005, 'vol_thresh': 1.5, 'rsi_lo': 45, 'rsi_hi': 73, 'rsi_exit': 80, 'min_adx': 25, 'allowed_hours': [], 'risk_pct': 0.01, 'max_hold_bars': 144, 'use_trail': True, 'trail_ema': 21, 'tp_atr_mult': 2.5, 'stop_extra': 0.002}",6,0.1667,-0.3772,0.974,-0.0629,0.2519,-0.1569,0.0054,0.0029,2999.62,2.1448312
PEPE-USDT,EMASTACK,"{'max_pb': 0.015, 'vol_thresh': 1.5, 'rsi_lo': 38, 'rsi_hi': 66, 'rsi_exit': 73, 'min_adx': 25, 'allowed_hours': [], 'risk_pct': 0.01, 'max_hold_bars': 144, 'use_trail': True, 'trail_ema': 21, 'tp_atr_mult': 2.5, 'stop_extra': 0.002}",6,0.1667,-0.3772,0.974,-0.0629,0.2519,-0.1569,0.0054,0.0029,2999.62,2.1448312
PEPE-USDT,EMASTACK,"{'max_pb': 0.015, 'vol_thresh': 1.5, 'rsi_lo': 50, 'rsi_hi': 78, 'rsi_exit': 85, 'min_adx': 25, 'allowed_hours': [], 'risk_pct': 0.01, 'max_hold_bars': 144, 'use_trail': True, 'trail_ema': 21, 'tp_atr_mult': 2.5, 'stop_extra': 0.002}",6,0.1667,-0.3772,0.974,-0.0629,0.2519,-0.1569,0.0054,0.0029,2999.62,2.1448312
PEPE-USDT,EMASTACK,"{'max_pb': 0.01, 'vol_thresh': 1.5, 'rsi_lo': 50, 'rsi_hi': 78, 'rsi_exit': 85, 'min_adx': 25, 'allowed_hours': [], 'risk_pct': 0.01, 'max_hold_bars': 144, 'use_trail': True, 'trail_ema': 21, 'tp_atr_mult': 2.5, 'stop_extra': 0.002}",6,0.1667,-0.3772,0.974,-0.0629,0.2519,-0.1569,0.0054,0.0029,2999.62,2.1448312
PEPE-USDT,EMASTACK,"{'max_pb': 0.01, 'vol_thresh': 1.5, 'rsi_lo': 38, 'rsi_hi': 66, 'rsi_exit': 73, 'min_adx': 25, 'allowed_hours': [], 'risk_pct': 0.01, 'max_hold_bars': 144, 'use_trail': True, 'trail_ema': 21, 'tp_atr_mult': 2.5, 'stop_extra': 0.002}",6,0.1667,-0.3772,0.974,-0.0629,0.2519,-0.1569,0.0054,0.0029,2999.62,2.1448312
NEAR-USDT,HVOL,"{'min_adx': 25, 'vol_thresh': 1.5, 'max_ext': 0.01, 'adx_exit': 15, 'allowed_hours': [], 'risk_pct': 0.01, 'max_hold_bars': 120, 'use_trail': False, 'tp_atr_mult': 2.5}",20,0.4,-3.6266,0.9717,-0.1813,0.2678,-0.1953,0.0161,0.0098,2996.37,2.0971236
WLD-USDT,HVOL,"{'min_adx': 30, 'vol_thresh': 2.0, 'max_ext': 0.01, 'adx_exit': 15, 'allowed_hours': [], 'risk_pct': 0.01, 'max_hold_bars': 120, 'use_trail': False, 'tp_atr_mult': 2.5}",7,0.4286,-1.1426,0.9535,-0.1632,0.2538,-0.3072,0.0083,0.005,2998.86,2.0489996
ADA-USDT,MTALIGN,"{'pb_thresh': 0.005, 'vol_thresh': 2.0, 'allowed_hours': [], 'tp_atr_mult': 2.5, 'risk_pct': 0.01, 'max_hold_bars': 96, 'use_trail': True, 'trail_ema': 21, 'stop_extra': 0.002}",8,0.125,-0.8716,0.9467,-0.1089,0.2531,-0.2911,0.0072,0.0025,2999.13,2.0470236
APT-USDT,HVOL,"{'min_adx': 25, 'vol_thresh': 1.5, 'max_ext': 0.03, 'adx_exit': 15, 'allowed_hours': [], 'risk_pct': 0.01, 'max_hold_bars': 120, 'use_trail': False, 'tp_atr_mult': 2.5}",22,0.5455,-11.0552,0.9664,-0.5025,0.3017,-0.204,0.0515,0.0336,2988.94,2.0220792000000003
LIT-USDT,HVOL,"{'min_adx': 30, 'vol_thresh': 1.5, 'max_ext': 0.01, 'adx_exit': 20, 'allowed_hours': [], 'risk_pct': 0.01, 'max_hold_bars': 120, 'use_trail': False, 'tp_atr_mult': 2.5}",12,0.3333,-11.2734,0.9586,-0.9395,0.2797,-0.2757,0.0655,0.0424,2988.73,2.0028264
LIT-USDT,EMASTACK,"{'max_pb': 0.01, 'vol_thresh': 1.2, 'rsi_lo': 38, 'rsi_hi': 66, 'rsi_exit': 73, 'min_adx': 15, 'allowed_hours': [], 'risk_pct': 0.01, 'max_hold_bars': 144, 'use_trail': True, 'trail_ema': 21, 'tp_atr_mult': 2.5, 'stop_extra': 0.002}",12,0.1667,-5.6621,0.945,-0.4718,0.2671,-0.3126,0.0212,0.0181,2994.34,2.0027115999999996
DOGE-USDT,EMASTACK,"{'max_pb': 0.015, 'vol_thresh': 1.5, 'rsi_lo': 38, 'rsi_hi': 66, 'rsi_exit': 73, 'min_adx': 25, 'allowed_hours': [], 'risk_pct': 0.01, 'max_hold_bars': 144, 'use_trail': True, 'trail_ema': 21, 'tp_atr_mult': 2.5, 'stop_extra': 0.002}",6,0.3333,-0.9939,0.9131,-0.1657,0.2514,-0.6722,0.0047,0.002,2999.01,1.8453944
DOGE-USDT,EMASTACK,"{'max_pb': 0.005, 'vol_thresh': 1.5, 'rsi_lo': 38, 'rsi_hi': 66, 'rsi_exit': 73, 'min_adx': 25, 'allowed_hours': [], 'risk_pct': 0.01, 'max_hold_bars': 144, 'use_trail': True, 'trail_ema': 21, 'tp_atr_mult': 2.5, 'stop_extra': 0.002}",6,0.3333,-0.9939,0.9131,-0.1657,0.2514,-0.6722,0.0047,0.002,2999.01,1.8453944
DOGE-USDT,EMASTACK,"{'max_pb': 0.01, 'vol_thresh': 1.5, 'rsi_lo': 38, 'rsi_hi': 66, 'rsi_exit': 73, 'min_adx': 25, 'allowed_hours': [], 'risk_pct': 0.01, 'max_hold_bars': 144, 'use_trail': True, 'trail_ema': 21, 'tp_atr_mult': 2.5, 'stop_extra': 0.002}",6,0.3333,-0.9939,0.9131,-0.1657,0.2514,-0.6722,0.0047,0.002,2999.01,1.8453944
LIT-USDT,HVOL,"{'min_adx': 20, 'vol_thresh': 1.5, 'max_ext': 0.01, 'adx_exit': 20, 'allowed_hours': [], 'risk_pct': 0.01, 'max_hold_bars': 120, 'use_trail': False, 'tp_atr_mult': 2.5}",19,0.3158,-26.4305,0.9371,-1.3911,0.2933,-0.4245,0.066,0.0414,2973.57,1.8368280000000001
ADA-USDT,MTALIGN,"{'pb_thresh': 0.005, 'vol_thresh': 1.5, 'allowed_hours': [8, 9, 10, 11, 14, 15, 16, 17, 18, 19, 20, 21], 'tp_atr_mult': 2.5, 'risk_pct': 0.01, 'max_hold_bars': 96, 'use_trail': True, 'trail_ema': 21, 'stop_extra': 0.002}",5,0.2,-1.1059,0.9014,-0.2212,0.2514,-0.6725,0.0079,0.0024,2998.89,1.8272764
ENA-USDT,HVOL,"{'min_adx': 20, 'vol_thresh': 2.0, 'max_ext': 0.02, 'adx_exit': 15, 'allowed_hours': [], 'risk_pct': 0.01, 'max_hold_bars': 120, 'use_trail': False, 'tp_atr_mult': 2.5}",17,0.4118,-29.9835,0.9404,-1.7637,0.3231,-0.3928,0.088,0.0554,2970.02,1.810446
ENA-USDT,MTALIGN,"{'pb_thresh': 0.008, 'vol_thresh': 1.1, 'allowed_hours': [], 'tp_atr_mult': 2.5, 'risk_pct': 0.01, 'max_hold_bars': 96, 'use_trail': True, 'trail_ema': 21, 'stop_extra': 0.002}",7,0.2857,-2.4361,0.8908,-0.348,0.2563,-0.6586,0.022,0.0175,2997.56,1.8067156
FIL-USDT,HVOL,"{'min_adx': 30, 'vol_thresh': 2.0, 'max_ext': 0.02, 'adx_exit': 15, 'allowed_hours': [], 'risk_pct': 0.01, 'max_hold_bars': 120, 'use_trail': False, 'tp_atr_mult': 2.5}",12,0.25,-6.1869,0.892,-0.5156,0.2558,-0.6462,0.0138,0.0076,2993.81,1.7989723999999998
FIL-USDT,HVOL,"{'min_adx': 30, 'vol_thresh': 2.0, 'max_ext': 0.03, 'adx_exit': 15, 'allowed_hours': [], 'risk_pct': 0.01, 'max_hold_bars': 120, 'use_trail': False, 'tp_atr_mult': 2.5}",12,0.25,-6.1869,0.892,-0.5156,0.2558,-0.6462,0.0138,0.0076,2993.81,1.7989723999999998
FIL-USDT,HVOL,"{'min_adx': 30, 'vol_thresh': 2.0, 'max_ext': 0.03, 'adx_exit': 20, 'allowed_hours': [], 'risk_pct': 0.01, 'max_hold_bars': 120, 'use_trail': False, 'tp_atr_mult': 2.5}",12,0.25,-6.1869,0.892,-0.5156,0.2558,-0.6462,0.0138,0.0076,2993.81,1.7989723999999998
FIL-USDT,HVOL,"{'min_adx': 30, 'vol_thresh': 2.0, 'max_ext': 0.01, 'adx_exit': 20, 'allowed_hours': [], 'risk_pct': 0.01, 'max_hold_bars': 120, 'use_trail': False, 'tp_atr_mult': 2.5}",12,0.25,-6.1869,0.892,-0.5156,0.2558,-0.6462,0.0138,0.0076,2993.81,1.7989723999999998
FIL-USDT,HVOL,"{'min_adx': 30, 'vol_thresh': 2.0, 'max_ext': 0.01, 'adx_exit': 15, 'allowed_hours': [], 'risk_pct': 0.01, 'max_hold_bars': 120, 'use_trail': False, 'tp_atr_mult': 2.5}",12,0.25,-6.1869,0.892,-0.5156,0.2558,-0.6462,0.0138,0.0076,2993.81,1.7989723999999998
FIL-USDT,HVOL,"{'min_adx': 30, 'vol_thresh': 2.0, 'max_ext': 0.02, 'adx_exit': 20, 'allowed_hours': [], 'risk_pct': 0.01, 'max_hold_bars': 120, 'use_trail': False, 'tp_atr_mult': 2.5}",12,0.25,-6.1869,0.892,-0.5156,0.2558,-0.6462,0.0138,0.0076,2993.81,1.7989723999999998
NEAR-USDT,HVOL,"{'min_adx': 25, 'vol_thresh': 1.3, 'max_ext': 0.01, 'adx_exit': 20, 'allowed_hours': [], 'risk_pct': 0.01, 'max_hold_bars': 120, 'use_trail': False, 'tp_atr_mult': 2.5}",22,0.4091,-13.2053,0.9077,-0.6002,0.2715,-0.6566,0.0153,0.0101,2986.79,1.7745888
ONDO-USDT,MTALIGN,"{'pb_thresh': 0.008, 'vol_thresh': 1.5, 'allowed_hours': [], 'tp_atr_mult': 2.5, 'risk_pct': 0.01, 'max_hold_bars': 96, 'use_trail': True, 'trail_ema': 21, 'stop_extra': 0.002}",7,0.2857,-1.9136,0.8886,-0.2734,0.2525,-0.8048,0.0058,0.0031,2998.09,1.7508255999999998
ENA-USDT,HVOL,"{'min_adx': 20, 'vol_thresh': 1.3, 'max_ext': 0.02, 'adx_exit': 15, 'allowed_hours': [], 'risk_pct': 0.01, 'max_hold_bars': 120, 'use_trail': False, 'tp_atr_mult': 2.5}",29,0.3448,-45.282,0.9441,-1.5614,0.3473,-0.3523,0.0763,0.0479,2954.72,1.7468020000000002
NEAR-USDT,HVOL,"{'min_adx': 25, 'vol_thresh': 1.3, 'max_ext': 0.01, 'adx_exit': 15, 'allowed_hours': [], 'risk_pct': 0.01, 'max_hold_bars': 120, 'use_trail': False, 'tp_atr_mult': 2.5}",22,0.4091,-15.063,0.896,-0.6847,0.2715,-0.7489,0.0153,0.0101,2984.94,1.712688
ADA-USDT,MTALIGN,"{'pb_thresh': 0.003, 'vol_thresh': 1.1, 'allowed_hours': [8, 9, 10, 11, 14, 15, 16, 17, 18, 19, 20, 21], 'tp_atr_mult': 2.5, 'risk_pct': 0.01, 'max_hold_bars': 96, 'use_trail': True, 'trail_ema': 21, 'stop_extra': 0.002}",6,0.3333,-1.5368,0.8689,-0.2561,0.2525,-0.8463,0.0071,0.0029,2998.46,1.7061828
DOGE-USDT,STAB,"{'min_squeeze_bars': 3, 'vol_thresh': 1.5, 'stop_atr_mult': 1.5, 'adx_exit': 20, 'tp_atr_mult': 3.0, 'allowed_hours': [8, 9, 10, 14, 15, 16, 17, 18, 19, 20, 21], 'risk_pct': 0.01, 'max_hold_bars': 240, 'use_trail': True, 'trail_ema': 21}",5,0.4,-1.015,0.8626,-0.203,0.2519,-0.9404,0.0056,0.0026,2998.98,1.66178
DOGE-USDT,STAB,"{'min_squeeze_bars': 3, 'vol_thresh': 1.5, 'stop_atr_mult': 1.5, 'adx_exit': 15, 'tp_atr_mult': 3.0, 'allowed_hours': [8, 9, 10, 14, 15, 16, 17, 18, 19, 20, 21], 'risk_pct': 0.01, 'max_hold_bars': 240, 'use_trail': True, 'trail_ema': 21}",5,0.4,-1.015,0.8626,-0.203,0.2519,-0.9404,0.0056,0.0026,2998.98,1.66178
NEAR-USDT,HVOL,"{'min_adx': 20, 'vol_thresh': 1.3, 'max_ext': 0.01, 'adx_exit': 15, 'allowed_hours': [], 'risk_pct': 0.01, 'max_hold_bars': 120, 'use_trail': False, 'tp_atr_mult': 2.5}",26,0.3846,-18.7665,0.8764,-0.7218,0.2724,-0.8848,0.0157,0.0092,2981.23,1.6132139999999997
FIL-USDT,HVOL,"{'min_adx': 25, 'vol_thresh': 2.0, 'max_ext': 0.03, 'adx_exit': 25, 'allowed_hours': [], 'risk_pct': 0.01, 'max_hold_bars': 120, 'use_trail': False, 'tp_atr_mult': 2.5}",15,0.2,-10.3946,0.8309,-0.693,0.2567,-1.017,0.0121,0.0063,2989.61,1.5412716
FIL-USDT,HVOL,"{'min_adx': 25, 'vol_thresh': 2.0, 'max_ext': 0.02, 'adx_exit': 25, 'allowed_hours': [], 'risk_pct': 0.01, 'max_hold_bars': 120, 'use_trail': False, 'tp_atr_mult': 2.5}",15,0.2,-10.3946,0.8309,-0.693,0.2567,-1.017,0.0121,0.0063,2989.61,1.5412716
FIL-USDT,HVOL,"{'min_adx': 25, 'vol_thresh': 2.0, 'max_ext': 0.01, 'adx_exit': 25, 'allowed_hours': [], 'risk_pct': 0.01, 'max_hold_bars': 120, 'use_trail': False, 'tp_atr_mult': 2.5}",15,0.2,-10.3946,0.8309,-0.693,0.2567,-1.017,0.0121,0.0063,2989.61,1.5412716
APT-USDT,EMASTACK,"{'max_pb': 0.005, 'vol_thresh': 1.5, 'rsi_lo': 50, 'rsi_hi': 78, 'rsi_exit': 85, 'min_adx': 15, 'allowed_hours': [8, 9, 10, 14, 15, 16, 17, 18, 19, 20, 21], 'risk_pct': 0.01, 'max_hold_bars': 144, 'use_trail': True, 'trail_ema': 21, 'tp_atr_mult': 2.5, 'stop_extra': 0.002}",5,0.2,-5.4418,0.8356,-1.0884,0.2623,-1.1169,0.0282,0.0193,2994.56,1.5225727999999998
APT-USDT,EMASTACK,"{'max_pb': 0.005, 'vol_thresh': 1.5, 'rsi_lo': 45, 'rsi_hi': 73, 'rsi_exit': 80, 'min_adx': 15, 'allowed_hours': [8, 9, 10, 14, 15, 16, 17, 18, 19, 20, 21], 'risk_pct': 0.01, 'max_hold_bars': 144, 'use_trail': True, 'trail_ema': 21, 'tp_atr_mult': 2.5, 'stop_extra': 0.002}",5,0.2,-5.4418,0.8356,-1.0884,0.2623,-1.1169,0.0282,0.0193,2994.56,1.5225727999999998
APT-USDT,EMASTACK,"{'max_pb': 0.005, 'vol_thresh': 1.2, 'rsi_lo': 50, 'rsi_hi': 78, 'rsi_exit': 85, 'min_adx': 15, 'allowed_hours': [8, 9, 10, 14, 15, 16, 17, 18, 19, 20, 21], 'risk_pct': 0.01, 'max_hold_bars': 144, 'use_trail': True, 'trail_ema': 21, 'tp_atr_mult': 2.5, 'stop_extra': 0.002}",5,0.2,-5.4418,0.8356,-1.0884,0.2623,-1.1169,0.0282,0.0193,2994.56,1.5225727999999998
APT-USDT,EMASTACK,"{'max_pb': 0.005, 'vol_thresh': 1.2, 'rsi_lo': 45, 'rsi_hi': 73, 'rsi_exit': 80, 'min_adx': 15, 'allowed_hours': [8, 9, 10, 14, 15, 16, 17, 18, 19, 20, 21], 'risk_pct': 0.01, 'max_hold_bars': 144, 'use_trail': True, 'trail_ema': 21, 'tp_atr_mult': 2.5, 'stop_extra': 0.002}",5,0.2,-5.4418,0.8356,-1.0884,0.2623,-1.1169,0.0282,0.0193,2994.56,1.5225727999999998
NEAR-USDT,HVOL,"{'min_adx': 25, 'vol_thresh': 2.0, 'max_ext': 0.01, 'adx_exit': 25, 'allowed_hours': [], 'risk_pct': 0.01, 'max_hold_bars': 120, 'use_trail': False, 'tp_atr_mult': 2.5}",16,0.5,-11.4888,0.845,-0.7181,0.2617,-1.1075,0.0151,0.0087,2988.51,1.5168447999999997
DOGE-USDT,EMASTACK,"{'max_pb': 0.005, 'vol_thresh': 1.2, 'rsi_lo': 45, 'rsi_hi': 73, 'rsi_exit': 80, 'min_adx': 25, 'allowed_hours': [8, 9, 10, 14, 15, 16, 17, 18, 19, 20, 21], 'risk_pct': 0.01, 'max_hold_bars': 144, 'use_trail': True, 'trail_ema': 21, 'tp_atr_mult': 2.5, 'stop_extra': 0.002}",5,0.2,-2.1452,0.8268,-0.429,0.2514,-1.265,0.0047,0.0021,2997.85,1.4742191999999998
DOGE-USDT,EMASTACK,"{'max_pb': 0.005, 'vol_thresh': 1.2, 'rsi_lo': 50, 'rsi_hi': 78, 'rsi_exit': 85, 'min_adx': 25, 'allowed_hours': [8, 9, 10, 14, 15, 16, 17, 18, 19, 20, 21], 'risk_pct': 0.01, 'max_hold_bars': 144, 'use_trail': True, 'trail_ema': 21, 'tp_atr_mult': 2.5, 'stop_extra': 0.002}",5,0.2,-2.1452,0.8268,-0.429,0.2514,-1.265,0.0047,0.0021,2997.85,1.4742191999999998
DOGE-USDT,EMASTACK,"{'max_pb': 0.01, 'vol_thresh': 1.2, 'rsi_lo': 50, 'rsi_hi': 78, 'rsi_exit': 85, 'min_adx': 25, 'allowed_hours': [8, 9, 10, 14, 15, 16, 17, 18, 19, 20, 21], 'risk_pct': 0.01, 'max_hold_bars': 144, 'use_trail': True, 'trail_ema': 21, 'tp_atr_mult': 2.5, 'stop_extra': 0.002}",5,0.2,-2.1452,0.8268,-0.429,0.2514,-1.265,0.0047,0.0021,2997.85,1.4742191999999998
DOGE-USDT,EMASTACK,"{'max_pb': 0.015, 'vol_thresh': 1.2, 'rsi_lo': 50, 'rsi_hi': 78, 'rsi_exit': 85, 'min_adx': 25, 'allowed_hours': [8, 9, 10, 14, 15, 16, 17, 18, 19, 20, 21], 'risk_pct': 0.01, 'max_hold_bars': 144, 'use_trail': True, 'trail_ema': 21, 'tp_atr_mult': 2.5, 'stop_extra': 0.002}",5,0.2,-2.1452,0.8268,-0.429,0.2514,-1.265,0.0047,0.0021,2997.85,1.4742191999999998
DOGE-USDT,EMASTACK,"{'max_pb': 0.01, 'vol_thresh': 1.2, 'rsi_lo': 45, 'rsi_hi': 73, 'rsi_exit': 80, 'min_adx': 25, 'allowed_hours': [8, 9, 10, 14, 15, 16, 17, 18, 19, 20, 21], 'risk_pct': 0.01, 'max_hold_bars': 144, 'use_trail': True, 'trail_ema': 21, 'tp_atr_mult': 2.5, 'stop_extra': 0.002}",5,0.2,-2.1452,0.8268,-0.429,0.2514,-1.265,0.0047,0.0021,2997.85,1.4742191999999998
DOGE-USDT,EMASTACK,"{'max_pb': 0.015, 'vol_thresh': 1.2, 'rsi_lo': 45, 'rsi_hi': 73, 'rsi_exit': 80, 'min_adx': 25, 'allowed_hours': [8, 9, 10, 14, 15, 16, 17, 18, 19, 20, 21], 'risk_pct': 0.01, 'max_hold_bars': 144, 'use_trail': True, 'trail_ema': 21, 'tp_atr_mult': 2.5, 'stop_extra': 0.002}",5,0.2,-2.1452,0.8268,-0.429,0.2514,-1.265,0.0047,0.0021,2997.85,1.4742191999999998
LIT-USDT,HVOL,"{'min_adx': 25, 'vol_thresh': 1.5, 'max_ext': 0.01, 'adx_exit': 25, 'allowed_hours': [], 'risk_pct': 0.01, 'max_hold_bars': 120, 'use_trail': False, 'tp_atr_mult': 2.5}",17,0.2941,-49.0237,0.8721,-2.8837,0.2946,-0.8766,0.0582,0.0406,2950.98,1.4668151999999999
WLD-USDT,HVOL,"{'min_adx': 30, 'vol_thresh': 2.0, 'max_ext': 0.02, 'adx_exit': 20, 'allowed_hours': [], 'risk_pct': 0.01, 'max_hold_bars': 120, 'use_trail': False, 'tp_atr_mult': 2.5}",8,0.375,-4.9176,0.8266,-0.6147,0.2548,-1.2604,0.0079,0.0053,2995.08,1.4612696
WLD-USDT,HVOL,"{'min_adx': 30, 'vol_thresh': 2.0, 'max_ext': 0.03, 'adx_exit': 20, 'allowed_hours': [], 'risk_pct': 0.01, 'max_hold_bars': 120, 'use_trail': False, 'tp_atr_mult': 2.5}",8,0.375,-4.9176,0.8266,-0.6147,0.2548,-1.2604,0.0079,0.0053,2995.08,1.4612696
APT-USDT,STAB,"{'min_squeeze_bars': 3, 'vol_thresh': 1.5, 'stop_atr_mult': 2.0, 'adx_exit': 15, 'tp_atr_mult': 3.0, 'allowed_hours': [8, 9, 10, 14, 15, 16, 17, 18, 19, 20, 21], 'risk_pct': 0.01, 'max_hold_bars': 240, 'use_trail': True, 'trail_ema': 21}",7,0.4286,-11.0816,0.8522,-1.5831,0.2697,-1.2629,0.0203,0.0207,2988.92,1.4591135999999998
APT-USDT,STAB,"{'min_squeeze_bars': 3, 'vol_thresh': 1.5, 'stop_atr_mult': 2.5, 'adx_exit': 15, 'tp_atr_mult': 3.0, 'allowed_hours': [8, 9, 10, 14, 15, 16, 17, 18, 19, 20, 21], 'risk_pct': 0.01, 'max_hold_bars': 240, 'use_trail': True, 'trail_ema': 21}",7,0.4286,-11.0816,0.8522,-1.5831,0.2697,-1.2629,0.0203,0.0207,2988.92,1.4591135999999998
APT-USDT,STAB,"{'min_squeeze_bars': 3, 'vol_thresh': 1.5, 'stop_atr_mult': 2.5, 'adx_exit': 20, 'tp_atr_mult': 3.0, 'allowed_hours': [8, 9, 10, 14, 15, 16, 17, 18, 19, 20, 21], 'risk_pct': 0.01, 'max_hold_bars': 240, 'use_trail': True, 'trail_ema': 21}",7,0.4286,-11.0816,0.8522,-1.5831,0.2697,-1.2629,0.0203,0.0207,2988.92,1.4591135999999998
APT-USDT,STAB,"{'min_squeeze_bars': 3, 'vol_thresh': 1.5, 'stop_atr_mult': 2.0, 'adx_exit': 20, 'tp_atr_mult': 3.0, 'allowed_hours': [8, 9, 10, 14, 15, 16, 17, 18, 19, 20, 21], 'risk_pct': 0.01, 'max_hold_bars': 240, 'use_trail': True, 'trail_ema': 21}",7,0.4286,-11.0816,0.8522,-1.5831,0.2697,-1.2629,0.0203,0.0207,2988.92,1.4591135999999998
WLD-USDT,HVOL,"{'min_adx': 30, 'vol_thresh': 2.0, 'max_ext': 0.02, 'adx_exit': 25, 'allowed_hours': [], 'risk_pct': 0.01, 'max_hold_bars': 120, 'use_trail': False, 'tp_atr_mult': 2.5}",8,0.375,-5.1881,0.8188,-0.6485,0.2549,-1.3265,0.0079,0.0049,2994.81,1.4219475999999995
WLD-USDT,HVOL,"{'min_adx': 30, 'vol_thresh': 2.0, 'max_ext': 0.03, 'adx_exit': 25, 'allowed_hours': [], 'risk_pct': 0.01, 'max_hold_bars': 120, 'use_trail': False, 'tp_atr_mult': 2.5}",8,0.375,-5.1881,0.8188,-0.6485,0.2549,-1.3265,0.0079,0.0049,2994.81,1.4219475999999995
ENA-USDT,HVOL,"{'min_adx': 30, 'vol_thresh': 1.5, 'max_ext': 0.01, 'adx_exit': 15, 'allowed_hours': [], 'risk_pct': 0.01, 'max_hold_bars': 120, 'use_trail': False, 'tp_atr_mult': 2.5}",12,0.3333,-52.7844,0.8451,-4.3987,0.3138,-1.0292,0.0988,0.0438,2947.22,1.3310323999999998
APT-USDT,HVOL,"{'min_adx': 30, 'vol_thresh': 1.5, 'max_ext': 0.01, 'adx_exit': 25, 'allowed_hours': [], 'risk_pct': 0.01, 'max_hold_bars': 120, 'use_trail': False, 'tp_atr_mult': 2.5}",15,0.4667,-35.8579,0.8082,-2.3905,0.2792,-1.2202,0.0448,0.0282,2964.14,1.3015884000000002
ONDO-USDT,MTALIGN,"{'pb_thresh': 0.003, 'vol_thresh': 1.1, 'allowed_hours': [], 'tp_atr_mult': 2.5, 'risk_pct': 0.01, 'max_hold_bars': 96, 'use_trail': True, 'trail_ema': 21, 'stop_extra': 0.002}",7,0.1429,-4.4095,0.777,-0.6299,0.2541,-1.5295,0.0044,0.0035,2995.59,1.2819619999999998
APT-USDT,HVOL,"{'min_adx': 30, 'vol_thresh': 1.5, 'max_ext': 0.01, 'adx_exit': 20, 'allowed_hours': [], 'risk_pct': 0.01, 'max_hold_bars': 120, 'use_trail': False, 'tp_atr_mult': 2.5}",14,0.5714,-38.3422,0.7989,-2.7387,0.2794,-1.308,0.0515,0.0313,2961.66,1.2423812
ADA-USDT,MTALIGN,"{'pb_thresh': 0.005, 'vol_thresh': 1.3, 'allowed_hours': [8, 9, 10, 11, 14, 15, 16, 17, 18, 19, 20, 21], 'tp_atr_mult': 2.5, 'risk_pct': 0.01, 'max_hold_bars': 96, 'use_trail': True, 'trail_ema': 21, 'stop_extra': 0.002}",6,0.1667,-3.0179,0.7699,-0.503,0.2519,-1.662,0.0065,0.0028,2996.98,1.2260783999999998
ENA-USDT,HVOL,"{'min_adx': 20, 'vol_thresh': 2.0, 'max_ext': 0.03, 'adx_exit': 15, 'allowed_hours': [], 'risk_pct': 0.01, 'max_hold_bars': 120, 'use_trail': False, 'tp_atr_mult': 2.5}",18,0.3889,-78.33,0.8432,-4.3517,0.3276,-1.0257,0.0891,0.0527,2921.67,1.2135999999999998
FIL-USDT,HVOL,"{'min_adx': 25, 'vol_thresh': 2.0, 'max_ext': 0.01, 'adx_exit': 20, 'allowed_hours': [], 'risk_pct': 0.01, 'max_hold_bars': 120, 'use_trail': False, 'tp_atr_mult': 2.5}",15,0.2,-16.0508,0.7606,-1.0701,0.257,-1.5165,0.0128,0.0068,2983.95,1.2130968000000002
FIL-USDT,HVOL,"{'min_adx': 25, 'vol_thresh': 2.0, 'max_ext': 0.02, 'adx_exit': 20, 'allowed_hours': [], 'risk_pct': 0.01, 'max_hold_bars': 120, 'use_trail': False, 'tp_atr_mult': 2.5}",15,0.2,-16.0508,0.7606,-1.0701,0.257,-1.5165,0.0128,0.0068,2983.95,1.2130968000000002
FIL-USDT,HVOL,"{'min_adx': 25, 'vol_thresh': 2.0, 'max_ext': 0.03, 'adx_exit': 20, 'allowed_hours': [], 'risk_pct': 0.01, 'max_hold_bars': 120, 'use_trail': False, 'tp_atr_mult': 2.5}",15,0.2,-16.0508,0.7606,-1.0701,0.257,-1.5165,0.0128,0.0068,2983.95,1.2130968000000002
ADA-USDT,MTALIGN,"{'pb_thresh': 0.008, 'vol_thresh': 2.0, 'allowed_hours': [], 'tp_atr_mult': 2.5, 'risk_pct': 0.01, 'max_hold_bars': 96, 'use_trail': True, 'trail_ema': 21, 'stop_extra': 0.002}",12,0.1667,-5.8188,0.737,-0.4849,0.2544,-1.5459,0.0088,0.0027,2994.18,1.2094648
APT-USDT,HVOL,"{'min_adx': 30, 'vol_thresh': 1.3, 'max_ext': 0.03, 'adx_exit': 15, 'allowed_hours': [], 'risk_pct': 0.01, 'max_hold_bars': 120, 'use_trail': False, 'tp_atr_mult': 2.5}",16,0.4375,-57.611,0.8037,-3.6007,0.2994,-1.4355,0.0573,0.0348,2942.39,1.101506
WLD-USDT,HVOL,"{'min_adx': 30, 'vol_thresh': 2.0, 'max_ext': 0.02, 'adx_exit': 15, 'allowed_hours': [], 'risk_pct': 0.01, 'max_hold_bars': 120, 'use_trail': False, 'tp_atr_mult': 2.5}",8,0.375,-7.8699,0.7485,-0.9837,0.2549,-1.9091,0.0079,0.0053,2992.13,1.0727303999999998
WLD-USDT,HVOL,"{'min_adx': 30, 'vol_thresh': 2.0, 'max_ext': 0.03, 'adx_exit': 15, 'allowed_hours': [], 'risk_pct': 0.01, 'max_hold_bars': 120, 'use_trail': False, 'tp_atr_mult': 2.5}",8,0.375,-7.8699,0.7485,-0.9837,0.2549,-1.9091,0.0079,0.0053,2992.13,1.0727303999999998
DOT-USDT,MTALIGN,"{'pb_thresh': 0.005, 'vol_thresh': 2.0, 'allowed_hours': [], 'tp_atr_mult': 2.5, 'risk_pct': 0.01, 'max_hold_bars': 96, 'use_trail': True, 'trail_ema': 21, 'stop_extra': 0.002}",6,0.3333,-3.2146,0.7614,-0.5358,0.2537,-2.0208,0.0083,0.0031,2996.79,1.0672215999999999
APT-USDT,HVOL,"{'min_adx': 25, 'vol_thresh': 2.0, 'max_ext': 0.02, 'adx_exit': 25, 'allowed_hours': [], 'risk_pct': 0.01, 'max_hold_bars': 120, 'use_trail': False, 'tp_atr_mult': 2.5}",19,0.3684,-65.4957,0.7832,-3.4471,0.3009,-1.3719,0.0447,0.0327,2934.5,1.0631572
LIT-USDT,HVOL,"{'min_adx': 25, 'vol_thresh': 1.5, 'max_ext': 0.01, 'adx_exit': 20, 'allowed_hours': [], 'risk_pct': 0.01, 'max_hold_bars': 120, 'use_trail': False, 'tp_atr_mult': 2.5}",17,0.2941,-77.2154,0.8112,-4.5421,0.2995,-1.3774,0.0582,0.0445,2922.78,1.0574784
LIT-USDT,EMASTACK,"{'max_pb': 0.015, 'vol_thresh': 2.0, 'rsi_lo': 50, 'rsi_hi': 78, 'rsi_exit': 85, 'min_adx': 15, 'allowed_hours': [], 'risk_pct': 0.01, 'max_hold_bars': 144, 'use_trail': True, 'trail_ema': 21, 'tp_atr_mult': 2.5, 'stop_extra': 0.002}",6,0.1667,-16.0303,0.7358,-2.6717,0.2645,-1.8371,0.0388,0.0336,2983.97,1.0402388
LIT-USDT,EMASTACK,"{'max_pb': 0.015, 'vol_thresh': 2.0, 'rsi_lo': 45, 'rsi_hi': 73, 'rsi_exit': 80, 'min_adx': 15, 'allowed_hours': [], 'risk_pct': 0.01, 'max_hold_bars': 144, 'use_trail': True, 'trail_ema': 21, 'tp_atr_mult': 2.5, 'stop_extra': 0.002}",6,0.1667,-16.0303,0.7358,-2.6717,0.2645,-1.8371,0.0388,0.0336,2983.97,1.0402388
NEAR-USDT,HVOL,"{'min_adx': 20, 'vol_thresh': 1.5, 'max_ext': 0.01, 'adx_exit': 15, 'allowed_hours': [], 'risk_pct': 0.01, 'max_hold_bars': 120, 'use_trail': False, 'tp_atr_mult': 2.5}",24,0.375,-35.4932,0.7694,-1.4789,0.2756,-1.7418,0.0158,0.0098,2964.51,1.0398071999999998
FIL-USDT,HVOL,"{'min_adx': 25, 'vol_thresh': 2.0, 'max_ext': 0.02, 'adx_exit': 15, 'allowed_hours': [], 'risk_pct': 0.01, 'max_hold_bars': 120, 'use_trail': False, 'tp_atr_mult': 2.5}",15,0.2,-19.6414,0.7219,-1.3094,0.2579,-1.839,0.0128,0.0069,2980.36,1.0107844
FIL-USDT,HVOL,"{'min_adx': 25, 'vol_thresh': 2.0, 'max_ext': 0.03, 'adx_exit': 15, 'allowed_hours': [], 'risk_pct': 0.01, 'max_hold_bars': 120, 'use_trail': False, 'tp_atr_mult': 2.5}",15,0.2,-19.6414,0.7219,-1.3094,0.2579,-1.839,0.0128,0.0069,2980.36,1.0107844
FIL-USDT,HVOL,"{'min_adx': 25, 'vol_thresh': 2.0, 'max_ext': 0.01, 'adx_exit': 15, 'allowed_hours': [], 'risk_pct': 0.01, 'max_hold_bars': 120, 'use_trail': False, 'tp_atr_mult': 2.5}",15,0.2,-19.6414,0.7219,-1.3094,0.2579,-1.839,0.0128,0.0069,2980.36,1.0107844
PEPE-USDT,EMASTACK,"{'max_pb': 0.01, 'vol_thresh': 1.5, 'rsi_lo': 38, 'rsi_hi': 66, 'rsi_exit': 73, 'min_adx': 20, 'allowed_hours': [], 'risk_pct': 0.01, 'max_hold_bars': 144, 'use_trail': True, 'trail_ema': 21, 'tp_atr_mult': 2.5, 'stop_extra': 0.002}",7,0.1429,-5.5056,0.7199,-0.7865,0.2532,-2.0295,0.0047,0.0033,2994.49,0.9928275999999999
PEPE-USDT,EMASTACK,"{'max_pb': 0.005, 'vol_thresh': 1.5, 'rsi_lo': 45, 'rsi_hi': 73, 'rsi_exit': 80, 'min_adx': 20, 'allowed_hours': [], 'risk_pct': 0.01, 'max_hold_bars': 144, 'use_trail': True, 'trail_ema': 21, 'tp_atr_mult': 2.5, 'stop_extra': 0.002}",7,0.1429,-5.5056,0.7199,-0.7865,0.2532,-2.0295,0.0047,0.0033,2994.49,0.9928275999999999
PEPE-USDT,EMASTACK,"{'max_pb': 0.005, 'vol_thresh': 1.5, 'rsi_lo': 50, 'rsi_hi': 78, 'rsi_exit': 85, 'min_adx': 20, 'allowed_hours': [], 'risk_pct': 0.01, 'max_hold_bars': 144, 'use_trail': True, 'trail_ema': 21, 'tp_atr_mult': 2.5, 'stop_extra': 0.002}",7,0.1429,-5.5056,0.7199,-0.7865,0.2532,-2.0295,0.0047,0.0033,2994.49,0.9928275999999999
PEPE-USDT,EMASTACK,"{'max_pb': 0.01, 'vol_thresh': 1.5, 'rsi_lo': 45, 'rsi_hi': 73, 'rsi_exit': 80, 'min_adx': 20, 'allowed_hours': [], 'risk_pct': 0.01, 'max_hold_bars': 144, 'use_trail': True, 'trail_ema': 21, 'tp_atr_mult': 2.5, 'stop_extra': 0.002}",7,0.1429,-5.5056,0.7199,-0.7865,0.2532,-2.0295,0.0047,0.0033,2994.49,0.9928275999999999
PEPE-USDT,EMASTACK,"{'max_pb': 0.015, 'vol_thresh': 1.5, 'rsi_lo': 38, 'rsi_hi': 66, 'rsi_exit': 73, 'min_adx': 20, 'allowed_hours': [], 'risk_pct': 0.01, 'max_hold_bars': 144, 'use_trail': True, 'trail_ema': 21, 'tp_atr_mult': 2.5, 'stop_extra': 0.002}",7,0.1429,-5.5056,0.7199,-0.7865,0.2532,-2.0295,0.0047,0.0033,2994.49,0.9928275999999999
PEPE-USDT,EMASTACK,"{'max_pb': 0.005, 'vol_thresh': 1.5, 'rsi_lo': 38, 'rsi_hi': 66, 'rsi_exit': 73, 'min_adx': 20, 'allowed_hours': [], 'risk_pct': 0.01, 'max_hold_bars': 144, 'use_trail': True, 'trail_ema': 21, 'tp_atr_mult': 2.5, 'stop_extra': 0.002}",7,0.1429,-5.5056,0.7199,-0.7865,0.2532,-2.0295,0.0047,0.0033,2994.49,0.9928275999999999
PEPE-USDT,EMASTACK,"{'max_pb': 0.015, 'vol_thresh': 1.5, 'rsi_lo': 45, 'rsi_hi': 73, 'rsi_exit': 80, 'min_adx': 20, 'allowed_hours': [], 'risk_pct': 0.01, 'max_hold_bars': 144, 'use_trail': True, 'trail_ema': 21, 'tp_atr_mult': 2.5, 'stop_extra': 0.002}",7,0.1429,-5.5056,0.7199,-0.7865,0.2532,-2.0295,0.0047,0.0033,2994.49,0.9928275999999999
PEPE-USDT,EMASTACK,"{'max_pb': 0.015, 'vol_thresh': 1.5, 'rsi_lo': 50, 'rsi_hi': 78, 'rsi_exit': 85, 'min_adx': 20, 'allowed_hours': [], 'risk_pct': 0.01, 'max_hold_bars': 144, 'use_trail': True, 'trail_ema': 21, 'tp_atr_mult': 2.5, 'stop_extra': 0.002}",7,0.1429,-5.5056,0.7199,-0.7865,0.2532,-2.0295,0.0047,0.0033,2994.49,0.9928275999999999
PEPE-USDT,EMASTACK,"{'max_pb': 0.01, 'vol_thresh': 1.5, 'rsi_lo': 50, 'rsi_hi': 78, 'rsi_exit': 85, 'min_adx': 20, 'allowed_hours': [], 'risk_pct': 0.01, 'max_hold_bars': 144, 'use_trail': True, 'trail_ema': 21, 'tp_atr_mult': 2.5, 'stop_extra': 0.002}",7,0.1429,-5.5056,0.7199,-0.7865,0.2532,-2.0295,0.0047,0.0033,2994.49,0.9928275999999999
APT-USDT,HVOL,"{'min_adx': 30, 'vol_thresh': 2.0, 'max_ext': 0.03, 'adx_exit': 15, 'allowed_hours': [], 'risk_pct': 0.01, 'max_hold_bars': 120, 'use_trail': False, 'tp_atr_mult': 2.5}",11,0.4545,-42.2425,0.7669,-3.8402,0.2963,-1.797,0.0734,0.0309,2957.76,0.9662799999999999
ADA-USDT,HVOL,"{'min_adx': 30, 'vol_thresh': 2.0, 'max_ext': 0.01, 'adx_exit': 15, 'allowed_hours': [], 'risk_pct': 0.01, 'max_hold_bars': 120, 'use_trail': False, 'tp_atr_mult': 2.5}",14,0.3571,-14.5706,0.7255,-1.0408,0.2582,-2.0607,0.0151,0.0058,2985.43,0.9474876000000001
ADA-USDT,HVOL,"{'min_adx': 30, 'vol_thresh': 2.0, 'max_ext': 0.01, 'adx_exit': 20, 'allowed_hours': [], 'risk_pct': 0.01, 'max_hold_bars': 120, 'use_trail': False, 'tp_atr_mult': 2.5}",14,0.3571,-14.5706,0.7255,-1.0408,0.2582,-2.0607,0.0151,0.0058,2985.43,0.9474876000000001
ADA-USDT,HVOL,"{'min_adx': 30, 'vol_thresh': 2.0, 'max_ext': 0.01, 'adx_exit': 25, 'allowed_hours': [], 'risk_pct': 0.01, 'max_hold_bars': 120, 'use_trail': False, 'tp_atr_mult': 2.5}",14,0.3571,-14.5706,0.7255,-1.0408,0.2582,-2.0607,0.0151,0.0058,2985.43,0.9474876000000001
NEAR-USDT,HVOL,"{'min_adx': 20, 'vol_thresh': 1.3, 'max_ext': 0.01, 'adx_exit': 20, 'allowed_hours': [], 'risk_pct': 0.01, 'max_hold_bars': 120, 'use_trail': False, 'tp_atr_mult': 2.5}",27,0.3333,-41.625,0.7478,-1.5417,0.2785,-1.9377,0.0148,0.0093,2958.37,0.90162
APT-USDT,HVOL,"{'min_adx': 20, 'vol_thresh': 2.0, 'max_ext': 0.02, 'adx_exit': 25, 'allowed_hours': [], 'risk_pct': 0.01, 'max_hold_bars': 120, 'use_trail': False, 'tp_atr_mult': 2.5}",22,0.3636,-82.3947,0.7556,-3.7452,0.3117,-1.5525,0.0437,0.0323,2917.61,0.8711212000000003
APT-USDT,HVOL,"{'min_adx': 30, 'vol_thresh': 1.5, 'max_ext': 0.01, 'adx_exit': 15, 'allowed_hours': [], 'risk_pct': 0.01, 'max_hold_bars': 120, 'use_trail': False, 'tp_atr_mult': 2.5}",13,0.4615,-58.1094,0.7553,-4.47,0.2843,-1.891,0.0537,0.0337,2941.89,0.8598123999999998
NEAR-USDT,HVOL,"{'min_adx': 20, 'vol_thresh': 1.5, 'max_ext': 0.01, 'adx_exit': 20, 'allowed_hours': [], 'risk_pct': 0.01, 'max_hold_bars': 120, 'use_trail': False, 'tp_atr_mult': 2.5}",24,0.3333,-41.9658,0.7378,-1.7486,0.2776,-2.056,0.0149,0.0098,2958.03,0.8388367999999999
APT-USDT,HVOL,"{'min_adx': 20, 'vol_thresh': 2.0, 'max_ext': 0.02, 'adx_exit': 20, 'allowed_hours': [], 'risk_pct': 0.01, 'max_hold_bars': 120, 'use_trail': False, 'tp_atr_mult': 2.5}",21,0.4286,-83.4942,0.7457,-3.9759,0.3103,-1.6263,0.048,0.0337,2916.51,0.8237532000000001
ADA-USDT,MTALIGN,"{'pb_thresh': 0.003, 'vol_thresh': 1.5, 'allowed_hours': [], 'tp_atr_mult': 2.5, 'risk_pct': 0.01, 'max_hold_bars': 96, 'use_trail': True, 'trail_ema': 21, 'stop_extra': 0.002}",7,0.1429,-4.6584,0.6845,-0.6655,0.2526,-2.3699,0.005,0.0024,2995.34,0.8075563999999998
NEAR-USDT,HVOL,"{'min_adx': 25, 'vol_thresh': 2.0, 'max_ext': 0.03, 'adx_exit': 25, 'allowed_hours': [], 'risk_pct': 0.01, 'max_hold_bars': 120, 'use_trail': False, 'tp_atr_mult': 2.5}",19,0.5263,-27.5761,0.708,-1.4514,0.2664,-2.2063,0.0152,0.0095,2972.42,0.8027756
NEAR-USDT,HVOL,"{'min_adx': 25, 'vol_thresh': 2.0, 'max_ext': 0.02, 'adx_exit': 25, 'allowed_hours': [], 'risk_pct': 0.01, 'max_hold_bars': 120, 'use_trail': False, 'tp_atr_mult': 2.5}",19,0.5263,-27.5761,0.708,-1.4514,0.2664,-2.2063,0.0152,0.0095,2972.42,0.8027756
ENA-USDT,RVOL,"{'vol_thresh': 2.0, 'min_roc': 1.0, 'max_rsi': 75, 'min_adx': 18, 'stop_atr_mult': 2.0, 'rsi_exit': 80, 'allowed_hours': [14, 15, 16, 17, 18, 19, 20, 21], 'risk_pct': 0.01, 'max_hold_bars': 72, 'use_trail': True, 'trail_pct': 0.02, 'tp_atr_mult': 3.0}",7,0.4286,-12.9251,0.7167,-1.8464,0.2595,-2.4123,0.0201,0.0172,2987.07,0.7989295999999996
ENA-USDT,RVOL,"{'vol_thresh': 2.0, 'min_roc': 1.5, 'max_rsi': 75, 'min_adx': 18, 'stop_atr_mult': 1.5, 'rsi_exit': 80, 'allowed_hours': [14, 15, 16, 17, 18, 19, 20, 21], 'risk_pct': 0.01, 'max_hold_bars': 72, 'use_trail': True, 'trail_pct': 0.02, 'tp_atr_mult': 3.0}",7,0.4286,-12.9251,0.7167,-1.8464,0.2595,-2.4123,0.0201,0.0172,2987.07,0.7989295999999996
ENA-USDT,RVOL,"{'vol_thresh': 2.0, 'min_roc': 1.5, 'max_rsi': 75, 'min_adx': 18, 'stop_atr_mult': 2.0, 'rsi_exit': 80, 'allowed_hours': [14, 15, 16, 17, 18, 19, 20, 21], 'risk_pct': 0.01, 'max_hold_bars': 72, 'use_trail': True, 'trail_pct': 0.02, 'tp_atr_mult': 3.0}",7,0.4286,-12.9251,0.7167,-1.8464,0.2595,-2.4123,0.0201,0.0172,2987.07,0.7989295999999996
ENA-USDT,RVOL,"{'vol_thresh': 2.0, 'min_roc': 2.0, 'max_rsi': 75, 'min_adx': 18, 'stop_atr_mult': 1.5, 'rsi_exit': 80, 'allowed_hours': [14, 15, 16, 17, 18, 19, 20, 21], 'risk_pct': 0.01, 'max_hold_bars': 72, 'use_trail': True, 'trail_pct': 0.02, 'tp_atr_mult': 3.0}",7,0.4286,-12.9251,0.7167,-1.8464,0.2595,-2.4123,0.0201,0.0172,2987.07,0.7989295999999996
ENA-USDT,RVOL,"{'vol_thresh': 2.0, 'min_roc': 2.0, 'max_rsi': 75, 'min_adx': 18, 'stop_atr_mult': 2.0, 'rsi_exit': 80, 'allowed_hours': [14, 15, 16, 17, 18, 19, 20, 21], 'risk_pct': 0.01, 'max_hold_bars': 72, 'use_trail': True, 'trail_pct': 0.02, 'tp_atr_mult': 3.0}",7,0.4286,-12.9251,0.7167,-1.8464,0.2595,-2.4123,0.0201,0.0172,2987.07,0.7989295999999996
ENA-USDT,RVOL,"{'vol_thresh': 2.0, 'min_roc': 2.5, 'max_rsi': 75, 'min_adx': 18, 'stop_atr_mult': 1.5, 'rsi_exit': 80, 'allowed_hours': [14, 15, 16, 17, 18, 19, 20, 21], 'risk_pct': 0.01, 'max_hold_bars': 72, 'use_trail': True, 'trail_pct': 0.02, 'tp_atr_mult': 3.0}",7,0.4286,-12.9251,0.7167,-1.8464,0.2595,-2.4123,0.0201,0.0172,2987.07,0.7989295999999996
ENA-USDT,RVOL,"{'vol_thresh': 2.0, 'min_roc': 2.5, 'max_rsi': 75, 'min_adx': 18, 'stop_atr_mult': 2.0, 'rsi_exit': 80, 'allowed_hours': [14, 15, 16, 17, 18, 19, 20, 21], 'risk_pct': 0.01, 'max_hold_bars': 72, 'use_trail': True, 'trail_pct': 0.02, 'tp_atr_mult': 3.0}",7,0.4286,-12.9251,0.7167,-1.8464,0.2595,-2.4123,0.0201,0.0172,2987.07,0.7989295999999996
ENA-USDT,RVOL,"{'vol_thresh': 2.0, 'min_roc': 1.0, 'max_rsi': 75, 'min_adx': 18, 'stop_atr_mult': 1.5, 'rsi_exit': 80, 'allowed_hours': [14, 15, 16, 17, 18, 19, 20, 21], 'risk_pct': 0.01, 'max_hold_bars': 72, 'use_trail': True, 'trail_pct': 0.02, 'tp_atr_mult': 3.0}",7,0.4286,-12.9251,0.7167,-1.8464,0.2595,-2.4123,0.0201,0.0172,2987.07,0.7989295999999996
APT-USDT,HVOL,"{'min_adx': 20, 'vol_thresh': 1.5, 'max_ext': 0.03, 'adx_exit': 15, 'allowed_hours': [], 'risk_pct': 0.01, 'max_hold_bars': 120, 'use_trail': False, 'tp_atr_mult': 2.5}",26,0.5,-98.8636,0.7651,-3.8024,0.3095,-1.6264,0.0476,0.0357,2901.14,0.7921355999999999
APT-USDT,HVOL,"{'min_adx': 25, 'vol_thresh': 2.0, 'max_ext': 0.02, 'adx_exit': 20, 'allowed_hours': [], 'risk_pct': 0.01, 'max_hold_bars': 120, 'use_trail': False, 'tp_atr_mult': 2.5}",18,0.4444,-82.6429,0.7418,-4.5913,0.305,-1.7187,0.0476,0.0365,2917.36,0.7896484000000001
APT-USDT,HVOL,"{'min_adx': 25, 'vol_thresh': 1.3, 'max_ext': 0.03, 'adx_exit': 15, 'allowed_hours': [], 'risk_pct': 0.01, 'max_hold_bars': 120, 'use_trail': False, 'tp_atr_mult': 2.5}",22,0.5,-83.0351,0.7537,-3.7743,0.3032,-1.791,0.0512,0.0332,2916.96,0.7788096000000002
PEPE-USDT,EMASTACK,"{'max_pb': 0.005, 'vol_thresh': 1.2, 'rsi_lo': 45, 'rsi_hi': 73, 'rsi_exit': 80, 'min_adx': 25, 'allowed_hours': [], 'risk_pct': 0.01, 'max_hold_bars': 144, 'use_trail': True, 'trail_ema': 21, 'tp_atr_mult': 2.5, 'stop_extra': 0.002}",8,0.125,-7.1517,0.6638,-0.894,0.253,-2.4861,0.0041,0.0029,2992.85,0.7196531999999999
PEPE-USDT,EMASTACK,"{'max_pb': 0.015, 'vol_thresh': 1.2, 'rsi_lo': 45, 'rsi_hi': 73, 'rsi_exit': 80, 'min_adx': 25, 'allowed_hours': [], 'risk_pct': 0.01, 'max_hold_bars': 144, 'use_trail': True, 'trail_ema': 21, 'tp_atr_mult': 2.5, 'stop_extra': 0.002}",8,0.125,-7.1517,0.6638,-0.894,0.253,-2.4861,0.0041,0.0029,2992.85,0.7196531999999999
PEPE-USDT,EMASTACK,"{'max_pb': 0.015, 'vol_thresh': 1.2, 'rsi_lo': 38, 'rsi_hi': 66, 'rsi_exit': 73, 'min_adx': 25, 'allowed_hours': [], 'risk_pct': 0.01, 'max_hold_bars': 144, 'use_trail': True, 'trail_ema': 21, 'tp_atr_mult': 2.5, 'stop_extra': 0.002}",8,0.125,-7.1517,0.6638,-0.894,0.253,-2.4861,0.0041,0.0029,2992.85,0.7196531999999999
PEPE-USDT,EMASTACK,"{'max_pb': 0.015, 'vol_thresh': 1.2, 'rsi_lo': 50, 'rsi_hi': 78, 'rsi_exit': 85, 'min_adx': 25, 'allowed_hours': [], 'risk_pct': 0.01, 'max_hold_bars': 144, 'use_trail': True, 'trail_ema': 21, 'tp_atr_mult': 2.5, 'stop_extra': 0.002}",8,0.125,-7.1517,0.6638,-0.894,0.253,-2.4861,0.0041,0.0029,2992.85,0.7196531999999999
PEPE-USDT,EMASTACK,"{'max_pb': 0.01, 'vol_thresh': 1.2, 'rsi_lo': 50, 'rsi_hi': 78, 'rsi_exit': 85, 'min_adx': 25, 'allowed_hours': [], 'risk_pct': 0.01, 'max_hold_bars': 144, 'use_trail': True, 'trail_ema': 21, 'tp_atr_mult': 2.5, 'stop_extra': 0.002}",8,0.125,-7.1517,0.6638,-0.894,0.253,-2.4861,0.0041,0.0029,2992.85,0.7196531999999999
PEPE-USDT,EMASTACK,"{'max_pb': 0.01, 'vol_thresh': 1.2, 'rsi_lo': 45, 'rsi_hi': 73, 'rsi_exit': 80, 'min_adx': 25, 'allowed_hours': [], 'risk_pct': 0.01, 'max_hold_bars': 144, 'use_trail': True, 'trail_ema': 21, 'tp_atr_mult': 2.5, 'stop_extra': 0.002}",8,0.125,-7.1517,0.6638,-0.894,0.253,-2.4861,0.0041,0.0029,2992.85,0.7196531999999999
PEPE-USDT,EMASTACK,"{'max_pb': 0.01, 'vol_thresh': 1.2, 'rsi_lo': 38, 'rsi_hi': 66, 'rsi_exit': 73, 'min_adx': 25, 'allowed_hours': [], 'risk_pct': 0.01, 'max_hold_bars': 144, 'use_trail': True, 'trail_ema': 21, 'tp_atr_mult': 2.5, 'stop_extra': 0.002}",8,0.125,-7.1517,0.6638,-0.894,0.253,-2.4861,0.0041,0.0029,2992.85,0.7196531999999999
PEPE-USDT,EMASTACK,"{'max_pb': 0.005, 'vol_thresh': 1.2, 'rsi_lo': 50, 'rsi_hi': 78, 'rsi_exit': 85, 'min_adx': 25, 'allowed_hours': [], 'risk_pct': 0.01, 'max_hold_bars': 144, 'use_trail': True, 'trail_ema': 21, 'tp_atr_mult': 2.5, 'stop_extra': 0.002}",8,0.125,-7.1517,0.6638,-0.894,0.253,-2.4861,0.0041,0.0029,2992.85,0.7196531999999999
PEPE-USDT,EMASTACK,"{'max_pb': 0.005, 'vol_thresh': 1.2, 'rsi_lo': 38, 'rsi_hi': 66, 'rsi_exit': 73, 'min_adx': 25, 'allowed_hours': [], 'risk_pct': 0.01, 'max_hold_bars': 144, 'use_trail': True, 'trail_ema': 21, 'tp_atr_mult': 2.5, 'stop_extra': 0.002}",8,0.125,-7.1517,0.6638,-0.894,0.253,-2.4861,0.0041,0.0029,2992.85,0.7196531999999999
LIT-USDT,HVOL,"{'min_adx': 20, 'vol_thresh': 1.5, 'max_ext': 0.01, 'adx_exit': 15, 'allowed_hours': [], 'risk_pct': 0.01, 'max_hold_bars': 120, 'use_trail': False, 'tp_atr_mult': 2.5}",16,0.3125,-108.1489,0.7651,-6.7593,0.3149,-1.75,0.0699,0.0395,2891.85,0.7001544
PEPE-USDT,MTALIGN,"{'pb_thresh': 0.008, 'vol_thresh': 2.0, 'allowed_hours': [], 'tp_atr_mult': 2.5, 'risk_pct': 0.01, 'max_hold_bars': 96, 'use_trail': True, 'trail_ema': 21, 'stop_extra': 0.002}",8,0.125,-7.1946,0.66,-0.8993,0.2538,-2.5208,0.0054,0.0028,2992.81,0.6991015999999999
DOGE-USDT,EMASTACK,"{'max_pb': 0.015, 'vol_thresh': 1.5, 'rsi_lo': 38, 'rsi_hi': 66, 'rsi_exit': 73, 'min_adx': 20, 'allowed_hours': [], 'risk_pct': 0.01, 'max_hold_bars': 144, 'use_trail': True, 'trail_ema': 21, 'tp_atr_mult': 2.5, 'stop_extra': 0.002}",7,0.2857,-4.7092,0.689,-0.6727,0.2514,-2.7909,0.004,0.0021,2995.29,0.6469031999999997
DOGE-USDT,EMASTACK,"{'max_pb': 0.015, 'vol_thresh': 1.5, 'rsi_lo': 38, 'rsi_hi': 66, 'rsi_exit': 73, 'min_adx': 15, 'allowed_hours': [], 'risk_pct': 0.01, 'max_hold_bars': 144, 'use_trail': True, 'trail_ema': 21, 'tp_atr_mult': 2.5, 'stop_extra': 0.002}",7,0.2857,-4.7092,0.689,-0.6727,0.2514,-2.7909,0.004,0.0021,2995.29,0.6469031999999997
DOGE-USDT,EMASTACK,"{'max_pb': 0.005, 'vol_thresh': 1.5, 'rsi_lo': 38, 'rsi_hi': 66, 'rsi_exit': 73, 'min_adx': 20, 'allowed_hours': [], 'risk_pct': 0.01, 'max_hold_bars': 144, 'use_trail': True, 'trail_ema': 21, 'tp_atr_mult': 2.5, 'stop_extra': 0.002}",7,0.2857,-4.7092,0.689,-0.6727,0.2514,-2.7909,0.004,0.0021,2995.29,0.6469031999999997
DOGE-USDT,EMASTACK,"{'max_pb': 0.01, 'vol_thresh': 1.5, 'rsi_lo': 38, 'rsi_hi': 66, 'rsi_exit': 73, 'min_adx': 20, 'allowed_hours': [], 'risk_pct': 0.01, 'max_hold_bars': 144, 'use_trail': True, 'trail_ema': 21, 'tp_atr_mult': 2.5, 'stop_extra': 0.002}",7,0.2857,-4.7092,0.689,-0.6727,0.2514,-2.7909,0.004,0.0021,2995.29,0.6469031999999997
DOGE-USDT,EMASTACK,"{'max_pb': 0.005, 'vol_thresh': 1.5, 'rsi_lo': 38, 'rsi_hi': 66, 'rsi_exit': 73, 'min_adx': 15, 'allowed_hours': [], 'risk_pct': 0.01, 'max_hold_bars': 144, 'use_trail': True, 'trail_ema': 21, 'tp_atr_mult': 2.5, 'stop_extra': 0.002}",7,0.2857,-4.7092,0.689,-0.6727,0.2514,-2.7909,0.004,0.0021,2995.29,0.6469031999999997
DOGE-USDT,EMASTACK,"{'max_pb': 0.01, 'vol_thresh': 1.5, 'rsi_lo': 38, 'rsi_hi': 66, 'rsi_exit': 73, 'min_adx': 15, 'allowed_hours': [], 'risk_pct': 0.01, 'max_hold_bars': 144, 'use_trail': True, 'trail_ema': 21, 'tp_atr_mult': 2.5, 'stop_extra': 0.002}",7,0.2857,-4.7092,0.689,-0.6727,0.2514,-2.7909,0.004,0.0021,2995.29,0.6469031999999997
ADA-USDT,MTALIGN,"{'pb_thresh': 0.008, 'vol_thresh': 1.5, 'allowed_hours': [8, 9, 10, 11, 14, 15, 16, 17, 18, 19, 20, 21], 'tp_atr_mult': 2.5, 'risk_pct': 0.01, 'max_hold_bars': 96, 'use_trail': True, 'trail_ema': 21, 'stop_extra': 0.002}",6,0.1667,-5.1405,0.6625,-0.8568,0.2524,-2.7383,0.0076,0.0026,2994.86,0.625468
SUI-USDT,MTALIGN,"{'pb_thresh': 0.008, 'vol_thresh': 1.1, 'allowed_hours': [], 'tp_atr_mult': 2.5, 'risk_pct': 0.01, 'max_hold_bars': 96, 'use_trail': True, 'trail_ema': 21, 'stop_extra': 0.002}",16,0.3125,-11.0875,0.6775,-0.693,0.2553,-2.7619,0.0055,0.0028,2988.91,0.61184
PEPE-USDT,EMASTACK,"{'max_pb': 0.01, 'vol_thresh': 1.5, 'rsi_lo': 45, 'rsi_hi': 73, 'rsi_exit': 80, 'min_adx': 15, 'allowed_hours': [], 'risk_pct': 0.01, 'max_hold_bars': 144, 'use_trail': True, 'trail_ema': 21, 'tp_atr_mult': 2.5, 'stop_extra': 0.002}",8,0.125,-7.9006,0.6415,-0.9876,0.2532,-2.7148,0.0041,0.0031,2992.1,0.5915275999999998
PEPE-USDT,EMASTACK,"{'max_pb': 0.005, 'vol_thresh': 1.5, 'rsi_lo': 45, 'rsi_hi': 73, 'rsi_exit': 80, 'min_adx': 15, 'allowed_hours': [], 'risk_pct': 0.01, 'max_hold_bars': 144, 'use_trail': True, 'trail_ema': 21, 'tp_atr_mult': 2.5, 'stop_extra': 0.002}",8,0.125,-7.9006,0.6415,-0.9876,0.2532,-2.7148,0.0041,0.0031,2992.1,0.5915275999999998
PEPE-USDT,EMASTACK,"{'max_pb': 0.01, 'vol_thresh': 1.5, 'rsi_lo': 50, 'rsi_hi': 78, 'rsi_exit': 85, 'min_adx': 15, 'allowed_hours': [], 'risk_pct': 0.01, 'max_hold_bars': 144, 'use_trail': True, 'trail_ema': 21, 'tp_atr_mult': 2.5, 'stop_extra': 0.002}",8,0.125,-7.9006,0.6415,-0.9876,0.2532,-2.7148,0.0041,0.0031,2992.1,0.5915275999999998
PEPE-USDT,EMASTACK,"{'max_pb': 0.015, 'vol_thresh': 1.5, 'rsi_lo': 50, 'rsi_hi': 78, 'rsi_exit': 85, 'min_adx': 15, 'allowed_hours': [], 'risk_pct': 0.01, 'max_hold_bars': 144, 'use_trail': True, 'trail_ema': 21, 'tp_atr_mult': 2.5, 'stop_extra': 0.002}",8,0.125,-7.9006,0.6415,-0.9876,0.2532,-2.7148,0.0041,0.0031,2992.1,0.5915275999999998
PEPE-USDT,EMASTACK,"{'max_pb': 0.005, 'vol_thresh': 1.5, 'rsi_lo': 50, 'rsi_hi': 78, 'rsi_exit': 85, 'min_adx': 15, 'allowed_hours': [], 'risk_pct': 0.01, 'max_hold_bars': 144, 'use_trail': True, 'trail_ema': 21, 'tp_atr_mult': 2.5, 'stop_extra': 0.002}",8,0.125,-7.9006,0.6415,-0.9876,0.2532,-2.7148,0.0041,0.0031,2992.1,0.5915275999999998
PEPE-USDT,EMASTACK,"{'max_pb': 0.015, 'vol_thresh': 1.5, 'rsi_lo': 45, 'rsi_hi': 73, 'rsi_exit': 80, 'min_adx': 15, 'allowed_hours': [], 'risk_pct': 0.01, 'max_hold_bars': 144, 'use_trail': True, 'trail_ema': 21, 'tp_atr_mult': 2.5, 'stop_extra': 0.002}",8,0.125,-7.9006,0.6415,-0.9876,0.2532,-2.7148,0.0041,0.0031,2992.1,0.5915275999999998
PEPE-USDT,EMASTACK,"{'max_pb': 0.01, 'vol_thresh': 1.5, 'rsi_lo': 38, 'rsi_hi': 66, 'rsi_exit': 73, 'min_adx': 15, 'allowed_hours': [], 'risk_pct': 0.01, 'max_hold_bars': 144, 'use_trail': True, 'trail_ema': 21, 'tp_atr_mult': 2.5, 'stop_extra': 0.002}",8,0.125,-7.9006,0.6415,-0.9876,0.2532,-2.7148,0.0041,0.0031,2992.1,0.5915275999999998
PEPE-USDT,EMASTACK,"{'max_pb': 0.015, 'vol_thresh': 1.5, 'rsi_lo': 38, 'rsi_hi': 66, 'rsi_exit': 73, 'min_adx': 15, 'allowed_hours': [], 'risk_pct': 0.01, 'max_hold_bars': 144, 'use_trail': True, 'trail_ema': 21, 'tp_atr_mult': 2.5, 'stop_extra': 0.002}",8,0.125,-7.9006,0.6415,-0.9876,0.2532,-2.7148,0.0041,0.0031,2992.1,0.5915275999999998
PEPE-USDT,EMASTACK,"{'max_pb': 0.005, 'vol_thresh': 1.5, 'rsi_lo': 38, 'rsi_hi': 66, 'rsi_exit': 73, 'min_adx': 15, 'allowed_hours': [], 'risk_pct': 0.01, 'max_hold_bars': 144, 'use_trail': True, 'trail_ema': 21, 'tp_atr_mult': 2.5, 'stop_extra': 0.002}",8,0.125,-7.9006,0.6415,-0.9876,0.2532,-2.7148,0.0041,0.0031,2992.1,0.5915275999999998
LIT-USDT,EMASTACK,"{'max_pb': 0.015, 'vol_thresh': 1.2, 'rsi_lo': 38, 'rsi_hi': 66, 'rsi_exit': 73, 'min_adx': 15, 'allowed_hours': [], 'risk_pct': 0.01, 'max_hold_bars': 144, 'use_trail': True, 'trail_ema': 21, 'tp_atr_mult': 2.5, 'stop_extra': 0.002}",16,0.1875,-50.5278,0.6635,-3.158,0.2756,-2.316,0.0223,0.0179,2949.47,0.5911388
SUI-USDT,VSMO,"{'rsi_lo': 35, 'rsi_hi': 70, 'vol_thresh': 1.5, 'stop_atr_mult': 1.0, 'allowed_hours': [], 'tp_atr_mult': 3.0, 'risk_pct': 0.01, 'max_hold_bars': 144, 'use_trail': True, 'trail_ema': 21}",6,0.6667,-2.021,0.5851,-0.3368,0.2528,-2.594,0.0005,0.0032,2997.98,0.5791659999999997
SUI-USDT,VSMO,"{'rsi_lo': 35, 'rsi_hi': 70, 'vol_thresh': 1.5, 'stop_atr_mult': 1.5, 'allowed_hours': [], 'tp_atr_mult': 3.0, 'risk_pct': 0.01, 'max_hold_bars': 144, 'use_trail': True, 'trail_ema': 21}",6,0.6667,-2.021,0.5851,-0.3368,0.2528,-2.594,0.0005,0.0032,2997.98,0.5791659999999997
SUI-USDT,VSMO,"{'rsi_lo': 35, 'rsi_hi': 70, 'vol_thresh': 1.5, 'stop_atr_mult': 2.0, 'allowed_hours': [], 'tp_atr_mult': 3.0, 'risk_pct': 0.01, 'max_hold_bars': 144, 'use_trail': True, 'trail_ema': 21}",6,0.6667,-2.021,0.5851,-0.3368,0.2528,-2.594,0.0005,0.0032,2997.98,0.5791659999999997
LIT-USDT,EMASTACK,"{'max_pb': 0.01, 'vol_thresh': 1.5, 'rsi_lo': 38, 'rsi_hi': 66, 'rsi_exit': 73, 'min_adx': 15, 'allowed_hours': [], 'risk_pct': 0.01, 'max_hold_bars': 144, 'use_trail': True, 'trail_ema': 21, 'tp_atr_mult': 2.5, 'stop_extra': 0.002}",10,0.1,-36.3901,0.6382,-3.639,0.2671,-2.4278,0.0185,0.0202,2963.61,0.5735195999999999
APT-USDT,HVOL,"{'min_adx': 25, 'vol_thresh': 2.0, 'max_ext': 0.02, 'adx_exit': 15, 'allowed_hours': [], 'risk_pct': 0.01, 'max_hold_bars': 120, 'use_trail': False, 'tp_atr_mult': 2.5}",16,0.375,-92.445,0.7133,-5.7778,0.3073,-2.0613,0.0519,0.0354,2907.55,0.56835
ENA-USDT,HVOL,"{'min_adx': 20, 'vol_thresh': 1.3, 'max_ext': 0.03, 'adx_exit': 15, 'allowed_hours': [], 'risk_pct': 0.01, 'max_hold_bars': 120, 'use_trail': False, 'tp_atr_mult': 2.5}",31,0.3226,-171.028,0.7874,-5.517,0.3473,-1.4616,0.0708,0.0463,2828.97,0.5650479999999999
SUI-USDT,MTALIGN,"{'pb_thresh': 0.003, 'vol_thresh': 1.3, 'allowed_hours': [], 'tp_atr_mult': 2.5, 'risk_pct': 0.01, 'max_hold_bars': 96, 'use_trail': True, 'trail_ema': 21, 'stop_extra': 0.002}",5,0.2,-2.9431,0.6561,-0.5886,0.2517,-2.9274,0.0024,0.0021,2997.06,0.5497175999999999
LIT-USDT,EMASTACK,"{'max_pb': 0.005, 'vol_thresh': 1.2, 'rsi_lo': 38, 'rsi_hi': 66, 'rsi_exit': 73, 'min_adx': 25, 'allowed_hours': [], 'risk_pct': 0.01, 'max_hold_bars': 144, 'use_trail': True, 'trail_ema': 21, 'tp_atr_mult': 2.5, 'stop_extra': 0.002}",7,0.1429,-19.4432,0.6294,-2.7776,0.2637,-2.8432,0.0206,0.0124,2980.56,0.46534719999999985
LIT-USDT,EMASTACK,"{'max_pb': 0.005, 'vol_thresh': 1.2, 'rsi_lo': 38, 'rsi_hi': 66, 'rsi_exit': 73, 'min_adx': 20, 'allowed_hours': [], 'risk_pct': 0.01, 'max_hold_bars': 144, 'use_trail': True, 'trail_ema': 21, 'tp_atr_mult': 2.5, 'stop_extra': 0.002}",7,0.1429,-19.4432,0.6294,-2.7776,0.2637,-2.8432,0.0206,0.0124,2980.56,0.46534719999999985
DOGE-USDT,EMASTACK,"{'max_pb': 0.015, 'vol_thresh': 1.2, 'rsi_lo': 45, 'rsi_hi': 73, 'rsi_exit': 80, 'min_adx': 15, 'allowed_hours': [8, 9, 10, 14, 15, 16, 17, 18, 19, 20, 21], 'risk_pct': 0.01, 'max_hold_bars': 144, 'use_trail': True, 'trail_ema': 21, 'tp_atr_mult': 2.5, 'stop_extra': 0.002}",6,0.1667,-5.859,0.6357,-0.9765,0.2524,-3.0639,0.0039,0.0023,2994.14,0.45215400000000017
DOGE-USDT,EMASTACK,"{'max_pb': 0.005, 'vol_thresh': 1.2, 'rsi_lo': 45, 'rsi_hi': 73, 'rsi_exit': 80, 'min_adx': 15, 'allowed_hours': [8, 9, 10, 14, 15, 16, 17, 18, 19, 20, 21], 'risk_pct': 0.01, 'max_hold_bars': 144, 'use_trail': True, 'trail_ema': 21, 'tp_atr_mult': 2.5, 'stop_extra': 0.002}",6,0.1667,-5.859,0.6357,-0.9765,0.2524,-3.0639,0.0039,0.0023,2994.14,0.45215400000000017
DOGE-USDT,EMASTACK,"{'max_pb': 0.01, 'vol_thresh': 1.2, 'rsi_lo': 50, 'rsi_hi': 78, 'rsi_exit': 85, 'min_adx': 20, 'allowed_hours': [8, 9, 10, 14, 15, 16, 17, 18, 19, 20, 21], 'risk_pct': 0.01, 'max_hold_bars': 144, 'use_trail': True, 'trail_ema': 21, 'tp_atr_mult': 2.5, 'stop_extra': 0.002}",6,0.1667,-5.859,0.6357,-0.9765,0.2524,-3.0639,0.0039,0.0023,2994.14,0.45215400000000017
DOGE-USDT,EMASTACK,"{'max_pb': 0.01, 'vol_thresh': 1.2, 'rsi_lo': 50, 'rsi_hi': 78, 'rsi_exit': 85, 'min_adx': 15, 'allowed_hours': [8, 9, 10, 14, 15, 16, 17, 18, 19, 20, 21], 'risk_pct': 0.01, 'max_hold_bars': 144, 'use_trail': True, 'trail_ema': 21, 'tp_atr_mult': 2.5, 'stop_extra': 0.002}",6,0.1667,-5.859,0.6357,-0.9765,0.2524,-3.0639,0.0039,0.0023,2994.14,0.45215400000000017
DOGE-USDT,EMASTACK,"{'max_pb': 0.005, 'vol_thresh': 1.2, 'rsi_lo': 50, 'rsi_hi': 78, 'rsi_exit': 85, 'min_adx': 15, 'allowed_hours': [8, 9, 10, 14, 15, 16, 17, 18, 19, 20, 21], 'risk_pct': 0.01, 'max_hold_bars': 144, 'use_trail': True, 'trail_ema': 21, 'tp_atr_mult': 2.5, 'stop_extra': 0.002}",6,0.1667,-5.859,0.6357,-0.9765,0.2524,-3.0639,0.0039,0.0023,2994.14,0.45215400000000017
DOGE-USDT,EMASTACK,"{'max_pb': 0.01, 'vol_thresh': 1.2, 'rsi_lo': 45, 'rsi_hi': 73, 'rsi_exit': 80, 'min_adx': 20, 'allowed_hours': [8, 9, 10, 14, 15, 16, 17, 18, 19, 20, 21], 'risk_pct': 0.01, 'max_hold_bars': 144, 'use_trail': True, 'trail_ema': 21, 'tp_atr_mult': 2.5, 'stop_extra': 0.002}",6,0.1667,-5.859,0.6357,-0.9765,0.2524,-3.0639,0.0039,0.0023,2994.14,0.45215400000000017
DOGE-USDT,EMASTACK,"{'max_pb': 0.005, 'vol_thresh': 1.2, 'rsi_lo': 50, 'rsi_hi': 78, 'rsi_exit': 85, 'min_adx': 20, 'allowed_hours': [8, 9, 10, 14, 15, 16, 17, 18, 19, 20, 21], 'risk_pct': 0.01, 'max_hold_bars': 144, 'use_trail': True, 'trail_ema': 21, 'tp_atr_mult': 2.5, 'stop_extra': 0.002}",6,0.1667,-5.859,0.6357,-0.9765,0.2524,-3.0639,0.0039,0.0023,2994.14,0.45215400000000017
DOGE-USDT,EMASTACK,"{'max_pb': 0.015, 'vol_thresh': 1.2, 'rsi_lo': 50, 'rsi_hi': 78, 'rsi_exit': 85, 'min_adx': 20, 'allowed_hours': [8, 9, 10, 14, 15, 16, 17, 18, 19, 20, 21], 'risk_pct': 0.01, 'max_hold_bars': 144, 'use_trail': True, 'trail_ema': 21, 'tp_atr_mult': 2.5, 'stop_extra': 0.002}",6,0.1667,-5.859,0.6357,-0.9765,0.2524,-3.0639,0.0039,0.0023,2994.14,0.45215400000000017
DOGE-USDT,EMASTACK,"{'max_pb': 0.015, 'vol_thresh': 1.2, 'rsi_lo': 45, 'rsi_hi': 73, 'rsi_exit': 80, 'min_adx': 20, 'allowed_hours': [8, 9, 10, 14, 15, 16, 17, 18, 19, 20, 21], 'risk_pct': 0.01, 'max_hold_bars': 144, 'use_trail': True, 'trail_ema': 21, 'tp_atr_mult': 2.5, 'stop_extra': 0.002}",6,0.1667,-5.859,0.6357,-0.9765,0.2524,-3.0639,0.0039,0.0023,2994.14,0.45215400000000017
DOGE-USDT,EMASTACK,"{'max_pb': 0.01, 'vol_thresh': 1.2, 'rsi_lo': 45, 'rsi_hi': 73, 'rsi_exit': 80, 'min_adx': 15, 'allowed_hours': [8, 9, 10, 14, 15, 16, 17, 18, 19, 20, 21], 'risk_pct': 0.01, 'max_hold_bars': 144, 'use_trail': True, 'trail_ema': 21, 'tp_atr_mult': 2.5, 'stop_extra': 0.002}",6,0.1667,-5.859,0.6357,-0.9765,0.2524,-3.0639,0.0039,0.0023,2994.14,0.45215400000000017
DOGE-USDT,EMASTACK,"{'max_pb': 0.005, 'vol_thresh': 1.2, 'rsi_lo': 45, 'rsi_hi': 73, 'rsi_exit': 80, 'min_adx': 20, 'allowed_hours': [8, 9, 10, 14, 15, 16, 17, 18, 19, 20, 21], 'risk_pct': 0.01, 'max_hold_bars': 144, 'use_trail': True, 'trail_ema': 21, 'tp_atr_mult': 2.5, 'stop_extra': 0.002}",6,0.1667,-5.859,0.6357,-0.9765,0.2524,-3.0639,0.0039,0.0023,2994.14,0.45215400000000017
DOGE-USDT,EMASTACK,"{'max_pb': 0.015, 'vol_thresh': 1.2, 'rsi_lo': 50, 'rsi_hi': 78, 'rsi_exit': 85, 'min_adx': 15, 'allowed_hours': [8, 9, 10, 14, 15, 16, 17, 18, 19, 20, 21], 'risk_pct': 0.01, 'max_hold_bars': 144, 'use_trail': True, 'trail_ema': 21, 'tp_atr_mult': 2.5, 'stop_extra': 0.002}",6,0.1667,-5.859,0.6357,-0.9765,0.2524,-3.0639,0.0039,0.0023,2994.14,0.45215400000000017
PEPE-USDT,MTALIGN,"{'pb_thresh': 0.005, 'vol_thresh': 1.3, 'allowed_hours': [], 'tp_atr_mult': 2.5, 'risk_pct': 0.01, 'max_hold_bars': 96, 'use_trail': True, 'trail_ema': 21, 'stop_extra': 0.002}",8,0.125,-8.6457,0.6185,-1.0807,0.2547,-2.9732,0.0034,0.003,2991.35,0.44918720000000034
PEPE-USDT,MTALIGN,"{'pb_thresh': 0.005, 'vol_thresh': 1.5, 'allowed_hours': [], 'tp_atr_mult': 2.5, 'risk_pct': 0.01, 'max_hold_bars': 96, 'use_trail': True, 'trail_ema': 21, 'stop_extra': 0.002}",8,0.125,-8.6457,0.6185,-1.0807,0.2547,-2.9732,0.0034,0.003,2991.35,0.44918720000000034
APT-USDT,HVOL,"{'min_adx': 20, 'vol_thresh': 2.0, 'max_ext': 0.02, 'adx_exit': 15, 'allowed_hours': [], 'risk_pct': 0.01, 'max_hold_bars': 120, 'use_trail': False, 'tp_atr_mult': 2.5}",19,0.3684,-104.4684,0.6936,-5.4983,0.3102,-2.1613,0.0518,0.0357,2895.53,0.4478063999999997
ADA-USDT,MTALIGN,"{'pb_thresh': 0.005, 'vol_thresh': 1.1, 'allowed_hours': [8, 9, 10, 11, 14, 15, 16, 17, 18, 19, 20, 21], 'tp_atr_mult': 2.5, 'risk_pct': 0.01, 'max_hold_bars': 96, 'use_trail': True, 'trail_ema': 21, 'stop_extra': 0.002}",8,0.25,-6.4982,0.6102,-0.8123,0.2527,-3.0068,0.0065,0.0029,2993.5,0.4338871999999997
SUI-USDT,MTALIGN,"{'pb_thresh': 0.008, 'vol_thresh': 1.1, 'allowed_hours': [8, 9, 10, 11, 14, 15, 16, 17, 18, 19, 20, 21], 'tp_atr_mult': 2.5, 'risk_pct': 0.01, 'max_hold_bars': 96, 'use_trail': True, 'trail_ema': 21, 'stop_extra': 0.002}",5,0.2,-3.7886,0.6335,-0.7577,0.2527,-3.2034,0.0047,0.003,2996.21,0.4010355999999998
APT-USDT,HVOL,"{'min_adx': 20, 'vol_thresh': 1.3, 'max_ext': 0.02, 'adx_exit': 15, 'allowed_hours': [], 'risk_pct': 0.01, 'max_hold_bars': 120, 'use_trail': False, 'tp_atr_mult': 2.5}",27,0.4444,-129.3012,0.7186,-4.7889,0.3126,-2.1815,0.0455,0.0355,2870.7,0.3754951999999998
LIT-USDT,HVOL,"{'min_adx': 25, 'vol_thresh': 1.3, 'max_ext': 0.01, 'adx_exit': 15, 'allowed_hours': [], 'risk_pct': 0.01, 'max_hold_bars': 120, 'use_trail': False, 'tp_atr_mult': 2.5}",17,0.2941,-140.2306,0.732,-8.2489,0.3402,-2.0563,0.0625,0.0509,2859.77,0.37435760000000007
LIT-USDT,HVOL,"{'min_adx': 30, 'vol_thresh': 1.3, 'max_ext': 0.02, 'adx_exit': 15, 'allowed_hours': [], 'risk_pct': 0.01, 'max_hold_bars': 120, 'use_trail': False, 'tp_atr_mult': 2.5}",16,0.25,-119.2756,0.7104,-7.4547,0.3014,-2.308,0.0723,0.0521,2880.72,0.36389759999999993
LIT-USDT,EMASTACK,"{'max_pb': 0.005, 'vol_thresh': 1.2, 'rsi_lo': 38, 'rsi_hi': 66, 'rsi_exit': 73, 'min_adx': 15, 'allowed_hours': [], 'risk_pct': 0.01, 'max_hold_bars': 144, 'use_trail': True, 'trail_ema': 21, 'tp_atr_mult': 2.5, 'stop_extra': 0.002}",8,0.125,-21.8976,0.601,-2.7372,0.2643,-2.9977,0.0199,0.0115,2978.1,0.3505295999999998
NEAR-USDT,HVOL,"{'min_adx': 30, 'vol_thresh': 2.0, 'max_ext': 0.01, 'adx_exit': 20, 'allowed_hours': [], 'risk_pct': 0.01, 'max_hold_bars': 120, 'use_trail': False, 'tp_atr_mult': 2.5}",14,0.4286,-32.4627,0.5968,-2.3188,0.2641,-3.0644,0.0154,0.0106,2967.54,0.27548919999999977
NEAR-USDT,HVOL,"{'min_adx': 30, 'vol_thresh': 2.0, 'max_ext': 0.01, 'adx_exit': 15, 'allowed_hours': [], 'risk_pct': 0.01, 'max_hold_bars': 120, 'use_trail': False, 'tp_atr_mult': 2.5}",14,0.4286,-33.5413,0.5926,-2.3958,0.2641,-3.1374,0.0154,0.0106,2966.46,0.23567479999999996
PEPE-USDT,MTALIGN,"{'pb_thresh': 0.005, 'vol_thresh': 1.1, 'allowed_hours': [], 'tp_atr_mult': 2.5, 'risk_pct': 0.01, 'max_hold_bars': 96, 'use_trail': True, 'trail_ema': 21, 'stop_extra': 0.002}",9,0.1111,-10.3405,0.5755,-1.1489,0.2551,-3.3508,0.003,0.003,2989.66,0.22646799999999978
APT-USDT,HVOL,"{'min_adx': 20, 'vol_thresh': 1.5, 'max_ext': 0.01, 'adx_exit': 25, 'allowed_hours': [], 'risk_pct': 0.01, 'max_hold_bars': 120, 'use_trail': False, 'tp_atr_mult': 2.5}",22,0.3636,-107.4395,0.6517,-4.8836,0.2889,-2.6533,0.0354,0.028,2892.56,0.19757199999999986
APT-USDT,HVOL,"{'min_adx': 20, 'vol_thresh': 1.3, 'max_ext': 0.03, 'adx_exit': 15, 'allowed_hours': [], 'risk_pct': 0.01, 'max_hold_bars': 120, 'use_trail': False, 'tp_atr_mult': 2.5}",28,0.4643,-144.26,0.6912,-5.1521,0.3178,-2.4345,0.0457,0.0364,2855.74,0.1681600000000001
LINK-USDT,HVOL,"{'min_adx': 30, 'vol_thresh': 1.5, 'max_ext': 0.01, 'adx_exit': 15, 'allowed_hours': [], 'risk_pct': 0.01, 'max_hold_bars': 120, 'use_trail': False, 'tp_atr_mult': 2.5}",12,0.3333,-12.277,0.6098,-1.0231,0.2566,-3.6412,0.0045,0.0036,2987.72,0.1525120000000001
LINK-USDT,HVOL,"{'min_adx': 30, 'vol_thresh': 1.5, 'max_ext': 0.01, 'adx_exit': 20, 'allowed_hours': [], 'risk_pct': 0.01, 'max_hold_bars': 120, 'use_trail': False, 'tp_atr_mult': 2.5}",12,0.3333,-12.277,0.6098,-1.0231,0.2566,-3.6412,0.0045,0.0036,2987.72,0.1525120000000001
LINK-USDT,HVOL,"{'min_adx': 30, 'vol_thresh': 1.5, 'max_ext': 0.03, 'adx_exit': 15, 'allowed_hours': [], 'risk_pct': 0.01, 'max_hold_bars': 120, 'use_trail': False, 'tp_atr_mult': 2.5}",12,0.3333,-12.277,0.6098,-1.0231,0.2566,-3.6412,0.0045,0.0036,2987.72,0.1525120000000001
LINK-USDT,HVOL,"{'min_adx': 30, 'vol_thresh': 1.5, 'max_ext': 0.03, 'adx_exit': 20, 'allowed_hours': [], 'risk_pct': 0.01, 'max_hold_bars': 120, 'use_trail': False, 'tp_atr_mult': 2.5}",12,0.3333,-12.277,0.6098,-1.0231,0.2566,-3.6412,0.0045,0.0036,2987.72,0.1525120000000001
LINK-USDT,HVOL,"{'min_adx': 30, 'vol_thresh': 1.5, 'max_ext': 0.02, 'adx_exit': 15, 'allowed_hours': [], 'risk_pct': 0.01, 'max_hold_bars': 120, 'use_trail': False, 'tp_atr_mult': 2.5}",12,0.3333,-12.277,0.6098,-1.0231,0.2566,-3.6412,0.0045,0.0036,2987.72,0.1525120000000001
LINK-USDT,HVOL,"{'min_adx': 30, 'vol_thresh': 1.5, 'max_ext': 0.02, 'adx_exit': 20, 'allowed_hours': [], 'risk_pct': 0.01, 'max_hold_bars': 120, 'use_trail': False, 'tp_atr_mult': 2.5}",12,0.3333,-12.277,0.6098,-1.0231,0.2566,-3.6412,0.0045,0.0036,2987.72,0.1525120000000001
ADA-USDT,HVOL,"{'min_adx': 20, 'vol_thresh': 1.3, 'max_ext': 0.01, 'adx_exit': 15, 'allowed_hours': [], 'risk_pct': 0.01, 'max_hold_bars': 120, 'use_trail': False, 'tp_atr_mult': 2.5}",24,0.375,-42.5123,0.6102,-1.7713,0.267,-3.3558,0.0119,0.0067,2957.49,0.13593080000000002
ADA-USDT,HVOL,"{'min_adx': 25, 'vol_thresh': 2.0, 'max_ext': 0.01, 'adx_exit': 25, 'allowed_hours': [], 'risk_pct': 0.01, 'max_hold_bars': 120, 'use_trail': False, 'tp_atr_mult': 2.5}",19,0.3158,-35.3391,0.5848,-1.86,0.261,-3.3847,0.0122,0.007,2964.66,0.12096359999999973
DOT-USDT,MTALIGN,"{'pb_thresh': 0.003, 'vol_thresh': 1.1, 'allowed_hours': [8, 9, 10, 11, 14, 15, 16, 17, 18, 19, 20, 21], 'tp_atr_mult': 2.5, 'risk_pct': 0.01, 'max_hold_bars': 96, 'use_trail': True, 'trail_ema': 21, 'stop_extra': 0.002}",8,0.125,-8.2508,0.5656,-1.0314,0.2542,-3.6163,0.0061,0.0027,2991.75,0.11467679999999991
APT-USDT,HVOL,"{'min_adx': 25, 'vol_thresh': 1.5, 'max_ext': 0.01, 'adx_exit': 15, 'allowed_hours': [], 'risk_pct': 0.01, 'max_hold_bars': 120, 'use_trail': False, 'tp_atr_mult': 2.5}",14,0.4286,-94.7222,0.6349,-6.7659,0.2843,-2.9798,0.0534,0.0344,2905.28,0.09724119999999992
APT-USDT,HVOL,"{'min_adx': 25, 'vol_thresh': 1.5, 'max_ext': 0.01, 'adx_exit': 25, 'allowed_hours': [], 'risk_pct': 0.01, 'max_hold_bars': 120, 'use_trail': False, 'tp_atr_mult': 2.5}",18,0.3889,-98.4248,0.6149,-5.468,0.2855,-2.919,0.039,0.0286,2901.58,0.07555080000000014
LINK-USDT,HVOL,"{'min_adx': 30, 'vol_thresh': 1.5, 'max_ext': 0.01, 'adx_exit': 25, 'allowed_hours': [], 'risk_pct': 0.01, 'max_hold_bars': 120, 'use_trail': False, 'tp_atr_mult': 2.5}",12,0.3333,-12.8573,0.5987,-1.0714,0.2566,-3.8136,0.0045,0.0036,2987.14,0.0645808000000001
LINK-USDT,HVOL,"{'min_adx': 30, 'vol_thresh': 1.5, 'max_ext': 0.02, 'adx_exit': 25, 'allowed_hours': [], 'risk_pct': 0.01, 'max_hold_bars': 120, 'use_trail': False, 'tp_atr_mult': 2.5}",12,0.3333,-12.8573,0.5987,-1.0714,0.2566,-3.8136,0.0045,0.0036,2987.14,0.0645808000000001
LINK-USDT,HVOL,"{'min_adx': 30, 'vol_thresh': 1.5, 'max_ext': 0.03, 'adx_exit': 25, 'allowed_hours': [], 'risk_pct': 0.01, 'max_hold_bars': 120, 'use_trail': False, 'tp_atr_mult': 2.5}",12,0.3333,-12.8573,0.5987,-1.0714,0.2566,-3.8136,0.0045,0.0036,2987.14,0.0645808000000001
DOT-USDT,MTALIGN,"{'pb_thresh': 0.005, 'vol_thresh': 1.5, 'allowed_hours': [8, 9, 10, 11, 14, 15, 16, 17, 18, 19, 20, 21], 'tp_atr_mult': 2.5, 'risk_pct': 0.01, 'max_hold_bars': 96, 'use_trail': True, 'trail_ema': 21, 'stop_extra': 0.002}",7,0.2857,-7.044,0.5929,-1.0063,0.2546,-3.9484,0.0066,0.0031,2992.96,0.02721399999999996
ADA-USDT,HVOL,"{'min_adx': 20, 'vol_thresh': 1.3, 'max_ext': 0.01, 'adx_exit': 25, 'allowed_hours': [], 'risk_pct': 0.01, 'max_hold_bars': 120, 'use_trail': False, 'tp_atr_mult': 2.5}",25,0.32,-44.8184,0.5892,-1.7927,0.2667,-3.5568,0.0112,0.0059,2955.18,0.015106399999999964
ADA-USDT,HVOL,"{'min_adx': 25, 'vol_thresh': 2.0, 'max_ext': 0.01, 'adx_exit': 20, 'allowed_hours': [], 'risk_pct': 0.01, 'max_hold_bars': 120, 'use_trail': False, 'tp_atr_mult': 2.5}",19,0.3158,-37.6715,0.5692,-1.9827,0.2616,-3.5839,0.0122,0.0072,2962.33,0.007954000000000017
NEAR-USDT,HVOL,"{'min_adx': 30, 'vol_thresh': 1.5, 'max_ext': 0.01, 'adx_exit': 20, 'allowed_hours': [], 'risk_pct': 0.01, 'max_hold_bars': 120, 'use_trail': False, 'tp_atr_mult': 2.5}",19,0.4211,-53.6884,0.586,-2.8257,0.2707,-3.5797,0.0128,0.0112,2946.31,-0.03833359999999997
ADA-USDT,MTALIGN,"{'pb_thresh': 0.003, 'vol_thresh': 1.3, 'allowed_hours': [], 'tp_atr_mult': 2.5, 'risk_pct': 0.01, 'max_hold_bars': 96, 'use_trail': True, 'trail_ema': 21, 'stop_extra': 0.002}",9,0.1111,-8.8447,0.533,-0.9827,0.2526,-3.928,0.0039,0.0031,2991.16,-0.05967880000000014
NEAR-USDT,HVOL,"{'min_adx': 30, 'vol_thresh': 1.5, 'max_ext': 0.01, 'adx_exit': 15, 'allowed_hours': [], 'risk_pct': 0.01, 'max_hold_bars': 120, 'use_trail': False, 'tp_atr_mult': 2.5}",19,0.4211,-54.7594,0.5835,-2.8821,0.2707,-3.6295,0.0128,0.0112,2945.24,-0.06628760000000011
SUI-USDT,VSMO,"{'rsi_lo': 35, 'rsi_hi': 70, 'vol_thresh': 2.0, 'stop_atr_mult': 2.0, 'allowed_hours': [], 'tp_atr_mult': 3.0, 'risk_pct': 0.01, 'max_hold_bars': 144, 'use_trail': True, 'trail_ema': 21}",5,0.6,-2.6322,0.4596,-0.5264,0.2528,-3.7819,0.0005,0.0036,2997.37,-0.08668880000000012
SUI-USDT,VSMO,"{'rsi_lo': 35, 'rsi_hi': 70, 'vol_thresh': 2.0, 'stop_atr_mult': 1.5, 'allowed_hours': [], 'tp_atr_mult': 3.0, 'risk_pct': 0.01, 'max_hold_bars': 144, 'use_trail': True, 'trail_ema': 21}",5,0.6,-2.6322,0.4596,-0.5264,0.2528,-3.7819,0.0005,0.0036,2997.37,-0.08668880000000012
SUI-USDT,VSMO,"{'rsi_lo': 35, 'rsi_hi': 70, 'vol_thresh': 2.0, 'stop_atr_mult': 1.0, 'allowed_hours': [], 'tp_atr_mult': 3.0, 'risk_pct': 0.01, 'max_hold_bars': 144, 'use_trail': True, 'trail_ema': 21}",5,0.6,-2.6322,0.4596,-0.5264,0.2528,-3.7819,0.0005,0.0036,2997.37,-0.08668880000000012
NEAR-USDT,HVOL,"{'min_adx': 20, 'vol_thresh': 2.0, 'max_ext': 0.01, 'adx_exit': 25, 'allowed_hours': [], 'risk_pct': 0.01, 'max_hold_bars': 120, 'use_trail': False, 'tp_atr_mult': 2.5}",19,0.4211,-43.1116,0.5678,-2.269,0.2689,-3.7602,0.014,0.0092,2956.89,-0.09372639999999999
ADA-USDT,HVOL,"{'min_adx': 30, 'vol_thresh': 1.3, 'max_ext': 0.01, 'adx_exit': 25, 'allowed_hours': [], 'risk_pct': 0.01, 'max_hold_bars': 120, 'use_trail': False, 'tp_atr_mult': 2.5}",20,0.3,-40.179,0.5732,-2.0089,0.2635,-3.8517,0.0114,0.0065,2959.82,-0.10509600000000008
FIL-USDT,HVOL,"{'min_adx': 20, 'vol_thresh': 1.3, 'max_ext': 0.02, 'adx_exit': 20, 'allowed_hours': [], 'risk_pct': 0.01, 'max_hold_bars': 120, 'use_trail': False, 'tp_atr_mult': 2.5}",30,0.3333,-52.7236,0.5503,-1.7575,0.2646,-3.6476,0.0102,0.0062,2947.28,-0.10908439999999986
FIL-USDT,HVOL,"{'min_adx': 20, 'vol_thresh': 1.3, 'max_ext': 0.01, 'adx_exit': 20, 'allowed_hours': [], 'risk_pct': 0.01, 'max_hold_bars': 120, 'use_trail': False, 'tp_atr_mult': 2.5}",30,0.3333,-52.7236,0.5503,-1.7575,0.2646,-3.6476,0.0102,0.0062,2947.28,-0.10908439999999986
FIL-USDT,HVOL,"{'min_adx': 20, 'vol_thresh': 1.3, 'max_ext': 0.03, 'adx_exit': 20, 'allowed_hours': [], 'risk_pct': 0.01, 'max_hold_bars': 120, 'use_trail': False, 'tp_atr_mult': 2.5}",30,0.3333,-52.7236,0.5503,-1.7575,0.2646,-3.6476,0.0102,0.0062,2947.28,-0.10908439999999986
ADA-USDT,HVOL,"{'min_adx': 25, 'vol_thresh': 2.0, 'max_ext': 0.01, 'adx_exit': 15, 'allowed_hours': [], 'risk_pct': 0.01, 'max_hold_bars': 120, 'use_trail': False, 'tp_atr_mult': 2.5}",19,0.3158,-40.2828,0.5526,-2.1201,0.2622,-3.7891,0.0122,0.0073,2959.72,-0.11007120000000015
DOT-USDT,MTALIGN,"{'pb_thresh': 0.008, 'vol_thresh': 2.0, 'allowed_hours': [8, 9, 10, 11, 14, 15, 16, 17, 18, 19, 20, 21], 'tp_atr_mult': 2.5, 'risk_pct': 0.01, 'max_hold_bars': 96, 'use_trail': True, 'trail_ema': 21, 'stop_extra': 0.002}",6,0.3333,-7.5806,0.5751,-1.2634,0.2548,-4.2236,0.0075,0.004,2992.42,-0.11191240000000025
NEAR-USDT,HVOL,"{'min_adx': 25, 'vol_thresh': 1.5, 'max_ext': 0.01, 'adx_exit': 25, 'allowed_hours': [], 'risk_pct': 0.01, 'max_hold_bars': 120, 'use_trail': False, 'tp_atr_mult': 2.5}",21,0.3333,-53.7124,0.5788,-2.5577,0.2715,-3.8141,0.0132,0.0094,2946.29,-0.1437896000000003
NEAR-USDT,HVOL,"{'min_adx': 25, 'vol_thresh': 2.0, 'max_ext': 0.03, 'adx_exit': 20, 'allowed_hours': [], 'risk_pct': 0.01, 'max_hold_bars': 120, 'use_trail': False, 'tp_atr_mult': 2.5}",18,0.3889,-51.0436,0.5631,-2.8358,0.274,-3.7825,0.0155,0.0099,2948.96,-0.1465244000000001
NEAR-USDT,HVOL,"{'min_adx': 25, 'vol_thresh': 2.0, 'max_ext': 0.02, 'adx_exit': 20, 'allowed_hours': [], 'risk_pct': 0.01, 'max_hold_bars': 120, 'use_trail': False, 'tp_atr_mult': 2.5}",18,0.3889,-51.0436,0.5631,-2.8358,0.274,-3.7825,0.0155,0.0099,2948.96,-0.1465244000000001
ADA-USDT,HVOL,"{'min_adx': 20, 'vol_thresh': 1.3, 'max_ext': 0.01, 'adx_exit': 20, 'allowed_hours': [], 'risk_pct': 0.01, 'max_hold_bars': 120, 'use_trail': False, 'tp_atr_mult': 2.5}",25,0.32,-49.4963,0.5649,-1.9799,0.2679,-3.8818,0.0112,0.0064,2950.5,-0.17125520000000027
NEAR-USDT,HVOL,"{'min_adx': 25, 'vol_thresh': 1.5, 'max_ext': 0.03, 'adx_exit': 25, 'allowed_hours': [], 'risk_pct': 0.01, 'max_hold_bars': 120, 'use_trail': False, 'tp_atr_mult': 2.5}",23,0.3913,-58.671,0.5641,-2.5509,0.2735,-3.8164,0.0135,0.0096,2941.33,-0.18859400000000004
NEAR-USDT,HVOL,"{'min_adx': 25, 'vol_thresh': 1.5, 'max_ext': 0.02, 'adx_exit': 25, 'allowed_hours': [], 'risk_pct': 0.01, 'max_hold_bars': 120, 'use_trail': False, 'tp_atr_mult': 2.5}",23,0.3913,-58.671,0.5641,-2.5509,0.2735,-3.8164,0.0135,0.0096,2941.33,-0.18859400000000004
NEAR-USDT,HVOL,"{'min_adx': 25, 'vol_thresh': 2.0, 'max_ext': 0.03, 'adx_exit': 15, 'allowed_hours': [], 'risk_pct': 0.01, 'max_hold_bars': 120, 'use_trail': False, 'tp_atr_mult': 2.5}",18,0.3889,-52.1344,0.5578,-2.8964,0.2738,-3.8654,0.0155,0.0099,2947.87,-0.19179760000000035
NEAR-USDT,HVOL,"{'min_adx': 25, 'vol_thresh': 2.0, 'max_ext': 0.02, 'adx_exit': 15, 'allowed_hours': [], 'risk_pct': 0.01, 'max_hold_bars': 120, 'use_trail': False, 'tp_atr_mult': 2.5}",18,0.3889,-52.1344,0.5578,-2.8964,0.2738,-3.8654,0.0155,0.0099,2947.87,-0.19179760000000035
LINK-USDT,HVOL,"{'min_adx': 30, 'vol_thresh': 1.3, 'max_ext': 0.02, 'adx_exit': 15, 'allowed_hours': [], 'risk_pct': 0.01, 'max_hold_bars': 120, 'use_trail': False, 'tp_atr_mult': 2.5}",13,0.3077,-15.0412,0.5604,-1.157,0.2573,-4.2982,0.0043,0.0034,2984.96,-0.19614479999999979
LINK-USDT,HVOL,"{'min_adx': 30, 'vol_thresh': 1.3, 'max_ext': 0.02, 'adx_exit': 20, 'allowed_hours': [], 'risk_pct': 0.01, 'max_hold_bars': 120, 'use_trail': False, 'tp_atr_mult': 2.5}",13,0.3077,-15.0412,0.5604,-1.157,0.2573,-4.2982,0.0043,0.0034,2984.96,-0.19614479999999979
LINK-USDT,HVOL,"{'min_adx': 30, 'vol_thresh': 1.3, 'max_ext': 0.01, 'adx_exit': 20, 'allowed_hours': [], 'risk_pct': 0.01, 'max_hold_bars': 120, 'use_trail': False, 'tp_atr_mult': 2.5}",13,0.3077,-15.0412,0.5604,-1.157,0.2573,-4.2982,0.0043,0.0034,2984.96,-0.19614479999999979
LINK-USDT,HVOL,"{'min_adx': 30, 'vol_thresh': 1.3, 'max_ext': 0.03, 'adx_exit': 20, 'allowed_hours': [], 'risk_pct': 0.01, 'max_hold_bars': 120, 'use_trail': False, 'tp_atr_mult': 2.5}",13,0.3077,-15.0412,0.5604,-1.157,0.2573,-4.2982,0.0043,0.0034,2984.96,-0.19614479999999979
LINK-USDT,HVOL,"{'min_adx': 30, 'vol_thresh': 1.3, 'max_ext': 0.01, 'adx_exit': 15, 'allowed_hours': [], 'risk_pct': 0.01, 'max_hold_bars': 120, 'use_trail': False, 'tp_atr_mult': 2.5}",13,0.3077,-15.0412,0.5604,-1.157,0.2573,-4.2982,0.0043,0.0034,2984.96,-0.19614479999999979
LINK-USDT,HVOL,"{'min_adx': 30, 'vol_thresh': 1.3, 'max_ext': 0.03, 'adx_exit': 15, 'allowed_hours': [], 'risk_pct': 0.01, 'max_hold_bars': 120, 'use_trail': False, 'tp_atr_mult': 2.5}",13,0.3077,-15.0412,0.5604,-1.157,0.2573,-4.2982,0.0043,0.0034,2984.96,-0.19614479999999979
LIT-USDT,HVOL,"{'min_adx': 30, 'vol_thresh': 1.3, 'max_ext': 0.01, 'adx_exit': 15, 'allowed_hours': [], 'risk_pct': 0.01, 'max_hold_bars': 120, 'use_trail': False, 'tp_atr_mult': 2.5}",13,0.2308,-155.696,0.6294,-11.9766,0.3164,-3.0102,0.0675,0.0522,2844.3,-0.19916400000000023
ADA-USDT,HVOL,"{'min_adx': 30, 'vol_thresh': 1.3, 'max_ext': 0.01, 'adx_exit': 15, 'allowed_hours': [], 'risk_pct': 0.01, 'max_hold_bars': 120, 'use_trail': False, 'tp_atr_mult': 2.5}",20,0.3,-42.4984,0.5594,-2.1249,0.2639,-4.0457,0.0114,0.0066,2957.5,-0.21307360000000009
ADA-USDT,HVOL,"{'min_adx': 30, 'vol_thresh': 1.3, 'max_ext': 0.01, 'adx_exit': 20, 'allowed_hours': [], 'risk_pct': 0.01, 'max_hold_bars': 120, 'use_trail': False, 'tp_atr_mult': 2.5}",20,0.3,-42.4984,0.5594,-2.1249,0.2639,-4.0457,0.0114,0.0066,2957.5,-0.21307360000000009
APT-USDT,EMASTACK,"{'max_pb': 0.015, 'vol_thresh': 1.5, 'rsi_lo': 45, 'rsi_hi': 73, 'rsi_exit': 80, 'min_adx': 15, 'allowed_hours': [8, 9, 10, 14, 15, 16, 17, 18, 19, 20, 21], 'risk_pct': 0.01, 'max_hold_bars': 144, 'use_trail': True, 'trail_ema': 21, 'tp_atr_mult': 2.5, 'stop_extra': 0.002}",6,0.1667,-24.7717,0.5275,-4.1286,0.2664,-4.181,0.0264,0.0206,2975.23,-0.2466368000000002
APT-USDT,EMASTACK,"{'max_pb': 0.015, 'vol_thresh': 1.5, 'rsi_lo': 50, 'rsi_hi': 78, 'rsi_exit': 85, 'min_adx': 15, 'allowed_hours': [8, 9, 10, 14, 15, 16, 17, 18, 19, 20, 21], 'risk_pct': 0.01, 'max_hold_bars': 144, 'use_trail': True, 'trail_ema': 21, 'tp_atr_mult': 2.5, 'stop_extra': 0.002}",6,0.1667,-24.7717,0.5275,-4.1286,0.2664,-4.181,0.0264,0.0206,2975.23,-0.2466368000000002
APT-USDT,EMASTACK,"{'max_pb': 0.01, 'vol_thresh': 1.5, 'rsi_lo': 50, 'rsi_hi': 78, 'rsi_exit': 85, 'min_adx': 15, 'allowed_hours': [8, 9, 10, 14, 15, 16, 17, 18, 19, 20, 21], 'risk_pct': 0.01, 'max_hold_bars': 144, 'use_trail': True, 'trail_ema': 21, 'tp_atr_mult': 2.5, 'stop_extra': 0.002}",6,0.1667,-24.7717,0.5275,-4.1286,0.2664,-4.181,0.0264,0.0206,2975.23,-0.2466368000000002
APT-USDT,EMASTACK,"{'max_pb': 0.01, 'vol_thresh': 1.5, 'rsi_lo': 45, 'rsi_hi': 73, 'rsi_exit': 80, 'min_adx': 15, 'allowed_hours': [8, 9, 10, 14, 15, 16, 17, 18, 19, 20, 21], 'risk_pct': 0.01, 'max_hold_bars': 144, 'use_trail': True, 'trail_ema': 21, 'tp_atr_mult': 2.5, 'stop_extra': 0.002}",6,0.1667,-24.7717,0.5275,-4.1286,0.2664,-4.181,0.0264,0.0206,2975.23,-0.2466368000000002
LIT-USDT,HVOL,"{'min_adx': 30, 'vol_thresh': 1.3, 'max_ext': 0.01, 'adx_exit': 25, 'allowed_hours': [], 'risk_pct': 0.01, 'max_hold_bars': 120, 'use_trail': False, 'tp_atr_mult': 2.5}",14,0.3571,-120.0646,0.5923,-8.576,0.3062,-3.4179,0.057,0.0402,2879.94,-0.2651684000000002
LINK-USDT,HVOL,"{'min_adx': 30, 'vol_thresh': 1.3, 'max_ext': 0.03, 'adx_exit': 25, 'allowed_hours': [], 'risk_pct': 0.01, 'max_hold_bars': 120, 'use_trail': False, 'tp_atr_mult': 2.5}",13,0.3077,-15.621,0.551,-1.2016,0.2573,-4.4657,0.0043,0.0034,2984.38,-0.2795639999999997
LINK-USDT,HVOL,"{'min_adx': 30, 'vol_thresh': 1.3, 'max_ext': 0.01, 'adx_exit': 25, 'allowed_hours': [], 'risk_pct': 0.01, 'max_hold_bars': 120, 'use_trail': False, 'tp_atr_mult': 2.5}",13,0.3077,-15.621,0.551,-1.2016,0.2573,-4.4657,0.0043,0.0034,2984.38,-0.2795639999999997
LINK-USDT,HVOL,"{'min_adx': 30, 'vol_thresh': 1.3, 'max_ext': 0.02, 'adx_exit': 25, 'allowed_hours': [], 'risk_pct': 0.01, 'max_hold_bars': 120, 'use_trail': False, 'tp_atr_mult': 2.5}",13,0.3077,-15.621,0.551,-1.2016,0.2573,-4.4657,0.0043,0.0034,2984.38,-0.2795639999999997
LIT-USDT,EMASTACK,"{'max_pb': 0.015, 'vol_thresh': 1.5, 'rsi_lo': 38, 'rsi_hi': 66, 'rsi_exit': 73, 'min_adx': 15, 'allowed_hours': [], 'risk_pct': 0.01, 'max_hold_bars': 144, 'use_trail': True, 'trail_ema': 21, 'tp_atr_mult': 2.5, 'stop_extra': 0.002}",12,0.0833,-63.3952,0.5028,-5.2829,0.2694,-3.8048,0.0174,0.0199,2936.6,-0.2907008000000001
LIT-USDT,HVOL,"{'min_adx': 20, 'vol_thresh': 1.3, 'max_ext': 0.01, 'adx_exit': 25, 'allowed_hours': [], 'risk_pct': 0.01, 'max_hold_bars': 120, 'use_trail': False, 'tp_atr_mult': 2.5}",21,0.2857,-174.2962,0.6267,-8.2998,0.3221,-3.1004,0.0603,0.0405,2825.7,-0.3193948000000001
APT-USDT,HVOL,"{'min_adx': 25, 'vol_thresh': 1.5, 'max_ext': 0.01, 'adx_exit': 20, 'allowed_hours': [], 'risk_pct': 0.01, 'max_hold_bars': 120, 'use_trail': False, 'tp_atr_mult': 2.5}",16,0.5,-115.2619,0.5563,-7.2039,0.2889,-3.5357,0.0484,0.0359,2884.74,-0.3297775999999999
FIL-USDT,HVOL,"{'min_adx': 20, 'vol_thresh': 1.3, 'max_ext': 0.03, 'adx_exit': 15, 'allowed_hours': [], 'risk_pct': 0.01, 'max_hold_bars': 120, 'use_trail': False, 'tp_atr_mult': 2.5}",30,0.3333,-60.0555,0.5179,-2.0019,0.2664,-4.0811,0.0102,0.0064,2939.94,-0.362212
FIL-USDT,HVOL,"{'min_adx': 20, 'vol_thresh': 1.3, 'max_ext': 0.02, 'adx_exit': 15, 'allowed_hours': [], 'risk_pct': 0.01, 'max_hold_bars': 120, 'use_trail': False, 'tp_atr_mult': 2.5}",30,0.3333,-60.0555,0.5179,-2.0019,0.2664,-4.0811,0.0102,0.0064,2939.94,-0.362212
FIL-USDT,HVOL,"{'min_adx': 20, 'vol_thresh': 1.3, 'max_ext': 0.01, 'adx_exit': 15, 'allowed_hours': [], 'risk_pct': 0.01, 'max_hold_bars': 120, 'use_trail': False, 'tp_atr_mult': 2.5}",30,0.3333,-60.0555,0.5179,-2.0019,0.2664,-4.0811,0.0102,0.0064,2939.94,-0.362212
LIT-USDT,HVOL,"{'min_adx': 30, 'vol_thresh': 2.0, 'max_ext': 0.01, 'adx_exit': 15, 'allowed_hours': [], 'risk_pct': 0.01, 'max_hold_bars': 120, 'use_trail': False, 'tp_atr_mult': 2.5}",8,0.125,-123.2215,0.5676,-15.4027,0.3058,-3.5573,0.0527,0.051,2876.78,-0.37020600000000026
LIT-USDT,HVOL,"{'min_adx': 20, 'vol_thresh': 1.3, 'max_ext': 0.02, 'adx_exit': 15, 'allowed_hours': [], 'risk_pct': 0.01, 'max_hold_bars': 120, 'use_trail': False, 'tp_atr_mult': 2.5}",22,0.2273,-191.8156,0.6302,-8.7189,0.3184,-3.0969,0.0636,0.0448,2808.18,-0.3791224000000002
NEAR-USDT,HVOL,"{'min_adx': 25, 'vol_thresh': 1.3, 'max_ext': 0.01, 'adx_exit': 25, 'allowed_hours': [], 'risk_pct': 0.01, 'max_hold_bars': 120, 'use_trail': False, 'tp_atr_mult': 2.5}",23,0.3478,-64.9479,0.5491,-2.8238,0.2753,-4.172,0.0127,0.0097,2935.05,-0.38024160000000007
ONDO-USDT,HVOL,"{'min_adx': 30, 'vol_thresh': 1.3, 'max_ext': 0.03, 'adx_exit': 25, 'allowed_hours': [], 'risk_pct': 0.01, 'max_hold_bars': 120, 'use_trail': False, 'tp_atr_mult': 2.5}",22,0.1818,-48.3822,0.4969,-2.1992,0.2679,-4.1772,0.0091,0.0061,2951.62,-0.38695880000000016
ONDO-USDT,HVOL,"{'min_adx': 30, 'vol_thresh': 1.3, 'max_ext': 0.02, 'adx_exit': 25, 'allowed_hours': [], 'risk_pct': 0.01, 'max_hold_bars': 120, 'use_trail': False, 'tp_atr_mult': 2.5}",22,0.1818,-48.3822,0.4969,-2.1992,0.2679,-4.1772,0.0091,0.0061,2951.62,-0.38695880000000016
APT-USDT,HVOL,"{'min_adx': 25, 'vol_thresh': 1.5, 'max_ext': 0.03, 'adx_exit': 20, 'allowed_hours': [], 'risk_pct': 0.01, 'max_hold_bars': 120, 'use_trail': False, 'tp_atr_mult': 2.5}",25,0.44,-180.1557,0.5933,-7.2062,0.3264,-3.1233,0.0455,0.0379,2819.84,-0.4063927999999999
NEAR-USDT,HVOL,"{'min_adx': 25, 'vol_thresh': 1.3, 'max_ext': 0.02, 'adx_exit': 25, 'allowed_hours': [], 'risk_pct': 0.01, 'max_hold_bars': 120, 'use_trail': False, 'tp_atr_mult': 2.5}",25,0.4,-69.8875,0.5374,-2.7955,0.2773,-4.1462,0.013,0.0099,2930.11,-0.4092300000000002
NEAR-USDT,HVOL,"{'min_adx': 25, 'vol_thresh': 1.3, 'max_ext': 0.03, 'adx_exit': 25, 'allowed_hours': [], 'risk_pct': 0.01, 'max_hold_bars': 120, 'use_trail': False, 'tp_atr_mult': 2.5}",25,0.4,-69.8875,0.5374,-2.7955,0.2773,-4.1462,0.013,0.0099,2930.11,-0.4092300000000002
NEAR-USDT,HVOL,"{'min_adx': 30, 'vol_thresh': 1.3, 'max_ext': 0.01, 'adx_exit': 20, 'allowed_hours': [], 'risk_pct': 0.01, 'max_hold_bars': 120, 'use_trail': False, 'tp_atr_mult': 2.5}",21,0.4286,-68.863,0.5411,-3.2792,0.2745,-4.1877,0.012,0.0116,2931.14,-0.413382
NEAR-USDT,HVOL,"{'min_adx': 30, 'vol_thresh': 1.3, 'max_ext': 0.01, 'adx_exit': 15, 'allowed_hours': [], 'risk_pct': 0.01, 'max_hold_bars': 120, 'use_trail': False, 'tp_atr_mult': 2.5}",21,0.4286,-69.9284,0.5395,-3.3299,0.2745,-4.2301,0.012,0.0116,2930.07,-0.43700360000000027
PEPE-USDT,EMASTACK,"{'max_pb': 0.01, 'vol_thresh': 1.2, 'rsi_lo': 45, 'rsi_hi': 73, 'rsi_exit': 80, 'min_adx': 20, 'allowed_hours': [], 'risk_pct': 0.01, 'max_hold_bars': 144, 'use_trail': True, 'trail_ema': 21, 'tp_atr_mult': 2.5, 'stop_extra': 0.002}",10,0.1,-15.3668,0.4788,-1.5367,0.2541,-4.6163,0.0037,0.0031,2984.63,-0.4438871999999998
PEPE-USDT,EMASTACK,"{'max_pb': 0.01, 'vol_thresh': 1.2, 'rsi_lo': 50, 'rsi_hi': 78, 'rsi_exit': 85, 'min_adx': 20, 'allowed_hours': [], 'risk_pct': 0.01, 'max_hold_bars': 144, 'use_trail': True, 'trail_ema': 21, 'tp_atr_mult': 2.5, 'stop_extra': 0.002}",10,0.1,-15.3668,0.4788,-1.5367,0.2541,-4.6163,0.0037,0.0031,2984.63,-0.4438871999999998
PEPE-USDT,EMASTACK,"{'max_pb': 0.005, 'vol_thresh': 1.2, 'rsi_lo': 38, 'rsi_hi': 66, 'rsi_exit': 73, 'min_adx': 20, 'allowed_hours': [], 'risk_pct': 0.01, 'max_hold_bars': 144, 'use_trail': True, 'trail_ema': 21, 'tp_atr_mult': 2.5, 'stop_extra': 0.002}",10,0.1,-15.3668,0.4788,-1.5367,0.2541,-4.6163,0.0037,0.0031,2984.63,-0.4438871999999998
PEPE-USDT,EMASTACK,"{'max_pb': 0.015, 'vol_thresh': 1.2, 'rsi_lo': 45, 'rsi_hi': 73, 'rsi_exit': 80, 'min_adx': 20, 'allowed_hours': [], 'risk_pct': 0.01, 'max_hold_bars': 144, 'use_trail': True, 'trail_ema': 21, 'tp_atr_mult': 2.5, 'stop_extra': 0.002}",10,0.1,-15.3668,0.4788,-1.5367,0.2541,-4.6163,0.0037,0.0031,2984.63,-0.4438871999999998
PEPE-USDT,EMASTACK,"{'max_pb': 0.015, 'vol_thresh': 1.2, 'rsi_lo': 38, 'rsi_hi': 66, 'rsi_exit': 73, 'min_adx': 20, 'allowed_hours': [], 'risk_pct': 0.01, 'max_hold_bars': 144, 'use_trail': True, 'trail_ema': 21, 'tp_atr_mult': 2.5, 'stop_extra': 0.002}",10,0.1,-15.3668,0.4788,-1.5367,0.2541,-4.6163,0.0037,0.0031,2984.63,-0.4438871999999998
PEPE-USDT,EMASTACK,"{'max_pb': 0.005, 'vol_thresh': 1.2, 'rsi_lo': 45, 'rsi_hi': 73, 'rsi_exit': 80, 'min_adx': 20, 'allowed_hours': [], 'risk_pct': 0.01, 'max_hold_bars': 144, 'use_trail': True, 'trail_ema': 21, 'tp_atr_mult': 2.5, 'stop_extra': 0.002}",10,0.1,-15.3668,0.4788,-1.5367,0.2541,-4.6163,0.0037,0.0031,2984.63,-0.4438871999999998
PEPE-USDT,EMASTACK,"{'max_pb': 0.015, 'vol_thresh': 1.2, 'rsi_lo': 50, 'rsi_hi': 78, 'rsi_exit': 85, 'min_adx': 20, 'allowed_hours': [], 'risk_pct': 0.01, 'max_hold_bars': 144, 'use_trail': True, 'trail_ema': 21, 'tp_atr_mult': 2.5, 'stop_extra': 0.002}",10,0.1,-15.3668,0.4788,-1.5367,0.2541,-4.6163,0.0037,0.0031,2984.63,-0.4438871999999998
PEPE-USDT,EMASTACK,"{'max_pb': 0.01, 'vol_thresh': 1.2, 'rsi_lo': 38, 'rsi_hi': 66, 'rsi_exit': 73, 'min_adx': 20, 'allowed_hours': [], 'risk_pct': 0.01, 'max_hold_bars': 144, 'use_trail': True, 'trail_ema': 21, 'tp_atr_mult': 2.5, 'stop_extra': 0.002}",10,0.1,-15.3668,0.4788,-1.5367,0.2541,-4.6163,0.0037,0.0031,2984.63,-0.4438871999999998
PEPE-USDT,EMASTACK,"{'max_pb': 0.005, 'vol_thresh': 1.2, 'rsi_lo': 50, 'rsi_hi': 78, 'rsi_exit': 85, 'min_adx': 20, 'allowed_hours': [], 'risk_pct': 0.01, 'max_hold_bars': 144, 'use_trail': True, 'trail_ema': 21, 'tp_atr_mult': 2.5, 'stop_extra': 0.002}",10,0.1,-15.3668,0.4788,-1.5367,0.2541,-4.6163,0.0037,0.0031,2984.63,-0.4438871999999998
HYPE-USDT,MTALIGN,"{'pb_thresh': 0.003, 'vol_thresh': 1.1, 'allowed_hours': [14, 15, 16, 17, 18, 19], 'tp_atr_mult': 2.5, 'risk_pct': 0.01, 'max_hold_bars': 96, 'use_trail': True, 'trail_ema': 21, 'stop_extra': 0.002}",5,0.2,-6.3073,0.5199,-1.2615,0.2534,-4.8875,0.0031,0.0027,2993.69,-0.45377920000000005
FIL-USDT,HVOL,"{'min_adx': 20, 'vol_thresh': 1.3, 'max_ext': 0.02, 'adx_exit': 25, 'allowed_hours': [], 'risk_pct': 0.01, 'max_hold_bars': 120, 'use_trail': False, 'tp_atr_mult': 2.5}",31,0.2903,-62.8629,0.5052,-2.0278,0.2666,-4.2421,0.0095,0.006,2937.14,-0.45709160000000004
FIL-USDT,HVOL,"{'min_adx': 20, 'vol_thresh': 1.3, 'max_ext': 0.03, 'adx_exit': 25, 'allowed_hours': [], 'risk_pct': 0.01, 'max_hold_bars': 120, 'use_trail': False, 'tp_atr_mult': 2.5}",31,0.2903,-62.8629,0.5052,-2.0278,0.2666,-4.2421,0.0095,0.006,2937.14,-0.45709160000000004
FIL-USDT,HVOL,"{'min_adx': 20, 'vol_thresh': 1.3, 'max_ext': 0.01, 'adx_exit': 25, 'allowed_hours': [], 'risk_pct': 0.01, 'max_hold_bars': 120, 'use_trail': False, 'tp_atr_mult': 2.5}",31,0.2903,-62.8629,0.5052,-2.0278,0.2666,-4.2421,0.0095,0.006,2937.14,-0.45709160000000004
ADA-USDT,HVOL,"{'min_adx': 25, 'vol_thresh': 1.3, 'max_ext': 0.01, 'adx_exit': 15, 'allowed_hours': [], 'risk_pct': 0.01, 'max_hold_bars': 120, 'use_trail': False, 'tp_atr_mult': 2.5}",23,0.3043,-57.6133,0.523,-2.5049,0.27,-4.3761,0.0112,0.0076,2942.39,-0.4663932000000002
APT-USDT,HVOL,"{'min_adx': 20, 'vol_thresh': 1.5, 'max_ext': 0.01, 'adx_exit': 15, 'allowed_hours': [], 'risk_pct': 0.01, 'max_hold_bars': 120, 'use_trail': False, 'tp_atr_mult': 2.5}",17,0.4118,-131.607,0.5609,-7.7416,0.2982,-3.7286,0.0493,0.0335,2868.39,-0.4747180000000002
LIT-USDT,HVOL,"{'min_adx': 20, 'vol_thresh': 1.3, 'max_ext': 0.02, 'adx_exit': 25, 'allowed_hours': [], 'risk_pct': 0.01, 'max_hold_bars': 120, 'use_trail': False, 'tp_atr_mult': 2.5}",26,0.3077,-214.5799,0.6217,-8.2531,0.3377,-3.0399,0.0538,0.0425,2785.42,-0.4794296
ADA-USDT,HVOL,"{'min_adx': 30, 'vol_thresh': 1.5, 'max_ext': 0.01, 'adx_exit': 25, 'allowed_hours': [], 'risk_pct': 0.01, 'max_hold_bars': 120, 'use_trail': False, 'tp_atr_mult': 2.5}",19,0.3158,-43.8241,0.5171,-2.3065,0.2635,-4.5713,0.0118,0.0065,2956.18,-0.49166640000000017
NEAR-USDT,HVOL,"{'min_adx': 20, 'vol_thresh': 2.0, 'max_ext': 0.02, 'adx_exit': 25, 'allowed_hours': [], 'risk_pct': 0.01, 'max_hold_bars': 120, 'use_trail': False, 'tp_atr_mult': 2.5}",22,0.4545,-59.0287,0.5076,-2.6831,0.2741,-4.3757,0.0142,0.0098,2940.97,-0.49909479999999984
NEAR-USDT,HVOL,"{'min_adx': 20, 'vol_thresh': 2.0, 'max_ext': 0.03, 'adx_exit': 25, 'allowed_hours': [], 'risk_pct': 0.01, 'max_hold_bars': 120, 'use_trail': False, 'tp_atr_mult': 2.5}",22,0.4545,-59.0287,0.5076,-2.6831,0.2741,-4.3757,0.0142,0.0098,2940.97,-0.49909479999999984
LIT-USDT,HVOL,"{'min_adx': 20, 'vol_thresh': 1.3, 'max_ext': 0.01, 'adx_exit': 20, 'allowed_hours': [], 'risk_pct': 0.01, 'max_hold_bars': 120, 'use_trail': False, 'tp_atr_mult': 2.5}",21,0.2857,-187.4381,0.6082,-8.9256,0.3257,-3.3411,0.0603,0.0431,2812.56,-0.49959240000000005
ADA-USDT,HVOL,"{'min_adx': 20, 'vol_thresh': 2.0, 'max_ext': 0.01, 'adx_exit': 25, 'allowed_hours': [], 'risk_pct': 0.01, 'max_hold_bars': 120, 'use_trail': False, 'tp_atr_mult': 2.5}",20,0.3,-48.5426,0.4945,-2.4271,0.2651,-4.4603,0.0126,0.0067,2951.46,-0.5016404000000001
ONDO-USDT,HVOL,"{'min_adx': 30, 'vol_thresh': 1.3, 'max_ext': 0.03, 'adx_exit': 20, 'allowed_hours': [], 'risk_pct': 0.01, 'max_hold_bars': 120, 'use_trail': False, 'tp_atr_mult': 2.5}",22,0.1818,-51.9657,0.4788,-2.3621,0.2687,-4.4822,0.0091,0.0062,2948.03,-0.5512427999999998
ONDO-USDT,HVOL,"{'min_adx': 30, 'vol_thresh': 1.3, 'max_ext': 0.02, 'adx_exit': 20, 'allowed_hours': [], 'risk_pct': 0.01, 'max_hold_bars': 120, 'use_trail': False, 'tp_atr_mult': 2.5}",22,0.1818,-51.9657,0.4788,-2.3621,0.2687,-4.4822,0.0091,0.0062,2948.03,-0.5512427999999998
ADA-USDT,HVOL,"{'min_adx': 25, 'vol_thresh': 1.3, 'max_ext': 0.01, 'adx_exit': 25, 'allowed_hours': [], 'risk_pct': 0.01, 'max_hold_bars': 120, 'use_trail': False, 'tp_atr_mult': 2.5}",24,0.25,-59.6388,0.5053,-2.4849,0.2696,-4.538,0.0105,0.0069,2940.36,-0.5654052000000003
ADA-USDT,HVOL,"{'min_adx': 20, 'vol_thresh': 2.0, 'max_ext': 0.01, 'adx_exit': 20, 'allowed_hours': [], 'risk_pct': 0.01, 'max_hold_bars': 120, 'use_trail': False, 'tp_atr_mult': 2.5}",20,0.3,-50.3251,0.4855,-2.5163,0.2655,-4.6022,0.0126,0.0069,2949.67,-0.5794304000000003
DOT-USDT,MTALIGN,"{'pb_thresh': 0.005, 'vol_thresh': 1.3, 'allowed_hours': [8, 9, 10, 11, 14, 15, 16, 17, 18, 19, 20, 21], 'tp_atr_mult': 2.5, 'risk_pct': 0.01, 'max_hold_bars': 96, 'use_trail': True, 'trail_ema': 21, 'stop_extra': 0.002}",9,0.2222,-11.3596,0.4745,-1.2622,0.2552,-5.5696,0.0052,0.0032,2988.64,-0.5888883999999999
ADA-USDT,HVOL,"{'min_adx': 30, 'vol_thresh': 1.5, 'max_ext': 0.01, 'adx_exit': 15, 'allowed_hours': [], 'risk_pct': 0.01, 'max_hold_bars': 120, 'use_trail': False, 'tp_atr_mult': 2.5}",19,0.3158,-46.1407,0.5042,-2.4285,0.2635,-4.7775,0.0118,0.0067,2953.86,-0.6027628000000003
ADA-USDT,HVOL,"{'min_adx': 30, 'vol_thresh': 1.5, 'max_ext': 0.01, 'adx_exit': 20, 'allowed_hours': [], 'risk_pct': 0.01, 'max_hold_bars': 120, 'use_trail': False, 'tp_atr_mult': 2.5}",19,0.3158,-46.1407,0.5042,-2.4285,0.2635,-4.7775,0.0118,0.0067,2953.86,-0.6027628000000003
ONDO-USDT,MTALIGN,"{'pb_thresh': 0.005, 'vol_thresh': 1.3, 'allowed_hours': [], 'tp_atr_mult': 2.5, 'risk_pct': 0.01, 'max_hold_bars': 96, 'use_trail': True, 'trail_ema': 21, 'stop_extra': 0.002}",7,0.2857,-9.3155,0.4577,-1.3308,0.2525,-6.2565,0.0041,0.0031,2990.68,-0.6032120000000001
ONDO-USDT,HVOL,"{'min_adx': 30, 'vol_thresh': 2.0, 'max_ext': 0.03, 'adx_exit': 25, 'allowed_hours': [], 'risk_pct': 0.01, 'max_hold_bars': 120, 'use_trail': False, 'tp_atr_mult': 2.5}",15,0.1333,-42.6854,0.4592,-2.8457,0.2685,-4.6633,0.01,0.0073,2957.31,-0.6157615999999999
ONDO-USDT,HVOL,"{'min_adx': 30, 'vol_thresh': 2.0, 'max_ext': 0.02, 'adx_exit': 25, 'allowed_hours': [], 'risk_pct': 0.01, 'max_hold_bars': 120, 'use_trail': False, 'tp_atr_mult': 2.5}",15,0.1333,-42.6854,0.4592,-2.8457,0.2685,-4.6633,0.01,0.0073,2957.31,-0.6157615999999999
SUI-USDT,MTALIGN,"{'pb_thresh': 0.003, 'vol_thresh': 1.1, 'allowed_hours': [], 'tp_atr_mult': 2.5, 'risk_pct': 0.01, 'max_hold_bars': 96, 'use_trail': True, 'trail_ema': 21, 'stop_extra': 0.002}",8,0.25,-8.1179,0.4459,-1.0147,0.253,-5.6979,0.0032,0.002,2991.88,-0.6166216000000001
DOGE-USDT,EMASTACK,"{'max_pb': 0.01, 'vol_thresh': 1.2, 'rsi_lo': 38, 'rsi_hi': 66, 'rsi_exit': 73, 'min_adx': 25, 'allowed_hours': [8, 9, 10, 14, 15, 16, 17, 18, 19, 20, 21], 'risk_pct': 0.01, 'max_hold_bars': 144, 'use_trail': True, 'trail_ema': 21, 'tp_atr_mult': 2.5, 'stop_extra': 0.002}",5,0.2,-6.9685,0.4367,-1.3937,0.2515,-6.3624,0.0032,0.0021,2993.03,-0.6243240000000001
DOGE-USDT,EMASTACK,"{'max_pb': 0.015, 'vol_thresh': 1.2, 'rsi_lo': 38, 'rsi_hi': 66, 'rsi_exit': 73, 'min_adx': 25, 'allowed_hours': [8, 9, 10, 14, 15, 16, 17, 18, 19, 20, 21], 'risk_pct': 0.01, 'max_hold_bars': 144, 'use_trail': True, 'trail_ema': 21, 'tp_atr_mult': 2.5, 'stop_extra': 0.002}",5,0.2,-6.9685,0.4367,-1.3937,0.2515,-6.3624,0.0032,0.0021,2993.03,-0.6243240000000001
DOGE-USDT,EMASTACK,"{'max_pb': 0.005, 'vol_thresh': 1.2, 'rsi_lo': 38, 'rsi_hi': 66, 'rsi_exit': 73, 'min_adx': 25, 'allowed_hours': [8, 9, 10, 14, 15, 16, 17, 18, 19, 20, 21], 'risk_pct': 0.01, 'max_hold_bars': 144, 'use_trail': True, 'trail_ema': 21, 'tp_atr_mult': 2.5, 'stop_extra': 0.002}",5,0.2,-6.9685,0.4367,-1.3937,0.2515,-6.3624,0.0032,0.0021,2993.03,-0.6243240000000001
DOGE-USDT,EMASTACK,"{'max_pb': 0.01, 'vol_thresh': 1.2, 'rsi_lo': 50, 'rsi_hi': 78, 'rsi_exit': 85, 'min_adx': 25, 'allowed_hours': [], 'risk_pct': 0.01, 'max_hold_bars': 144, 'use_trail': True, 'trail_ema': 21, 'tp_atr_mult': 2.5, 'stop_extra': 0.002}",8,0.125,-12.4563,0.4507,-1.557,0.2529,-5.352,0.0035,0.0025,2987.54,-0.6266752
DOGE-USDT,EMASTACK,"{'max_pb': 0.015, 'vol_thresh': 1.2, 'rsi_lo': 50, 'rsi_hi': 78, 'rsi_exit': 85, 'min_adx': 25, 'allowed_hours': [], 'risk_pct': 0.01, 'max_hold_bars': 144, 'use_trail': True, 'trail_ema': 21, 'tp_atr_mult': 2.5, 'stop_extra': 0.002}",8,0.125,-12.4563,0.4507,-1.557,0.2529,-5.352,0.0035,0.0025,2987.54,-0.6266752
DOGE-USDT,EMASTACK,"{'max_pb': 0.015, 'vol_thresh': 1.2, 'rsi_lo': 45, 'rsi_hi': 73, 'rsi_exit': 80, 'min_adx': 25, 'allowed_hours': [], 'risk_pct': 0.01, 'max_hold_bars': 144, 'use_trail': True, 'trail_ema': 21, 'tp_atr_mult': 2.5, 'stop_extra': 0.002}",8,0.125,-12.4563,0.4507,-1.557,0.2529,-5.352,0.0035,0.0025,2987.54,-0.6266752
DOGE-USDT,EMASTACK,"{'max_pb': 0.01, 'vol_thresh': 1.2, 'rsi_lo': 45, 'rsi_hi': 73, 'rsi_exit': 80, 'min_adx': 25, 'allowed_hours': [], 'risk_pct': 0.01, 'max_hold_bars': 144, 'use_trail': True, 'trail_ema': 21, 'tp_atr_mult': 2.5, 'stop_extra': 0.002}",8,0.125,-12.4563,0.4507,-1.557,0.2529,-5.352,0.0035,0.0025,2987.54,-0.6266752
DOGE-USDT,EMASTACK,"{'max_pb': 0.005, 'vol_thresh': 1.2, 'rsi_lo': 50, 'rsi_hi': 78, 'rsi_exit': 85, 'min_adx': 25, 'allowed_hours': [], 'risk_pct': 0.01, 'max_hold_bars': 144, 'use_trail': True, 'trail_ema': 21, 'tp_atr_mult': 2.5, 'stop_extra': 0.002}",8,0.125,-12.4563,0.4507,-1.557,0.2529,-5.352,0.0035,0.0025,2987.54,-0.6266752
DOGE-USDT,EMASTACK,"{'max_pb': 0.005, 'vol_thresh': 1.2, 'rsi_lo': 45, 'rsi_hi': 73, 'rsi_exit': 80, 'min_adx': 25, 'allowed_hours': [], 'risk_pct': 0.01, 'max_hold_bars': 144, 'use_trail': True, 'trail_ema': 21, 'tp_atr_mult': 2.5, 'stop_extra': 0.002}",8,0.125,-12.4563,0.4507,-1.557,0.2529,-5.352,0.0035,0.0025,2987.54,-0.6266752
DOT-USDT,EMASTACK,"{'max_pb': 0.015, 'vol_thresh': 1.2, 'rsi_lo': 38, 'rsi_hi': 66, 'rsi_exit': 73, 'min_adx': 25, 'allowed_hours': [], 'risk_pct': 0.01, 'max_hold_bars': 144, 'use_trail': True, 'trail_ema': 21, 'tp_atr_mult': 2.5, 'stop_extra': 0.002}",6,0.1667,-11.939,0.4403,-1.9898,0.2531,-5.9422,0.0049,0.0043,2988.06,-0.6404059999999998
DOT-USDT,EMASTACK,"{'max_pb': 0.01, 'vol_thresh': 1.2, 'rsi_lo': 38, 'rsi_hi': 66, 'rsi_exit': 73, 'min_adx': 25, 'allowed_hours': [], 'risk_pct': 0.01, 'max_hold_bars': 144, 'use_trail': True, 'trail_ema': 21, 'tp_atr_mult': 2.5, 'stop_extra': 0.002}",6,0.1667,-11.939,0.4403,-1.9898,0.2531,-5.9422,0.0049,0.0043,2988.06,-0.6404059999999998
DOT-USDT,EMASTACK,"{'max_pb': 0.005, 'vol_thresh': 1.2, 'rsi_lo': 38, 'rsi_hi': 66, 'rsi_exit': 73, 'min_adx': 25, 'allowed_hours': [], 'risk_pct': 0.01, 'max_hold_bars': 144, 'use_trail': True, 'trail_ema': 21, 'tp_atr_mult': 2.5, 'stop_extra': 0.002}",6,0.1667,-11.939,0.4403,-1.9898,0.2531,-5.9422,0.0049,0.0043,2988.06,-0.6404059999999998
DOT-USDT,MTALIGN,"{'pb_thresh': 0.008, 'vol_thresh': 1.5, 'allowed_hours': [8, 9, 10, 11, 14, 15, 16, 17, 18, 19, 20, 21], 'tp_atr_mult': 2.5, 'risk_pct': 0.01, 'max_hold_bars': 96, 'use_trail': True, 'trail_ema': 21, 'stop_extra': 0.002}",8,0.25,-12.8641,0.4437,-1.608,0.2561,-6.2145,0.0059,0.0035,2987.14,-0.6420064000000001
DOT-USDT,EMASTACK,"{'max_pb': 0.005, 'vol_thresh': 1.5, 'rsi_lo': 38, 'rsi_hi': 66, 'rsi_exit': 73, 'min_adx': 15, 'allowed_hours': [], 'risk_pct': 0.01, 'max_hold_bars': 144, 'use_trail': True, 'trail_ema': 21, 'tp_atr_mult': 2.5, 'stop_extra': 0.002}",7,0.1429,-12.2488,0.4336,-1.7498,0.255,-5.8818,0.0043,0.0033,2987.75,-0.6535951999999998
DOT-USDT,EMASTACK,"{'max_pb': 0.01, 'vol_thresh': 1.5, 'rsi_lo': 38, 'rsi_hi': 66, 'rsi_exit': 73, 'min_adx': 15, 'allowed_hours': [], 'risk_pct': 0.01, 'max_hold_bars': 144, 'use_trail': True, 'trail_ema': 21, 'tp_atr_mult': 2.5, 'stop_extra': 0.002}",7,0.1429,-12.2488,0.4336,-1.7498,0.255,-5.8818,0.0043,0.0033,2987.75,-0.6535951999999998
DOT-USDT,EMASTACK,"{'max_pb': 0.015, 'vol_thresh': 1.5, 'rsi_lo': 38, 'rsi_hi': 66, 'rsi_exit': 73, 'min_adx': 20, 'allowed_hours': [], 'risk_pct': 0.01, 'max_hold_bars': 144, 'use_trail': True, 'trail_ema': 21, 'tp_atr_mult': 2.5, 'stop_extra': 0.002}",7,0.1429,-12.2488,0.4336,-1.7498,0.255,-5.8818,0.0043,0.0033,2987.75,-0.6535951999999998
DOT-USDT,EMASTACK,"{'max_pb': 0.015, 'vol_thresh': 1.5, 'rsi_lo': 38, 'rsi_hi': 66, 'rsi_exit': 73, 'min_adx': 15, 'allowed_hours': [], 'risk_pct': 0.01, 'max_hold_bars': 144, 'use_trail': True, 'trail_ema': 21, 'tp_atr_mult': 2.5, 'stop_extra': 0.002}",7,0.1429,-12.2488,0.4336,-1.7498,0.255,-5.8818,0.0043,0.0033,2987.75,-0.6535951999999998
DOT-USDT,EMASTACK,"{'max_pb': 0.01, 'vol_thresh': 1.5, 'rsi_lo': 38, 'rsi_hi': 66, 'rsi_exit': 73, 'min_adx': 20, 'allowed_hours': [], 'risk_pct': 0.01, 'max_hold_bars': 144, 'use_trail': True, 'trail_ema': 21, 'tp_atr_mult': 2.5, 'stop_extra': 0.002}",7,0.1429,-12.2488,0.4336,-1.7498,0.255,-5.8818,0.0043,0.0033,2987.75,-0.6535951999999998
DOT-USDT,EMASTACK,"{'max_pb': 0.005, 'vol_thresh': 1.5, 'rsi_lo': 38, 'rsi_hi': 66, 'rsi_exit': 73, 'min_adx': 20, 'allowed_hours': [], 'risk_pct': 0.01, 'max_hold_bars': 144, 'use_trail': True, 'trail_ema': 21, 'tp_atr_mult': 2.5, 'stop_extra': 0.002}",7,0.1429,-12.2488,0.4336,-1.7498,0.255,-5.8818,0.0043,0.0033,2987.75,-0.6535951999999998
SUI-USDT,MTALIGN,"{'pb_thresh': 0.005, 'vol_thresh': 1.5, 'allowed_hours': [], 'tp_atr_mult': 2.5, 'risk_pct': 0.01, 'max_hold_bars': 96, 'use_trail': True, 'trail_ema': 21, 'stop_extra': 0.002}",6,0.1667,-8.4361,0.4193,-1.406,0.253,-6.3179,0.0048,0.0042,2991.56,-0.6577944000000001
PEPE-USDT,EMASTACK,"{'max_pb': 0.015, 'vol_thresh': 1.2, 'rsi_lo': 50, 'rsi_hi': 78, 'rsi_exit': 85, 'min_adx': 15, 'allowed_hours': [], 'risk_pct': 0.01, 'max_hold_bars': 144, 'use_trail': True, 'trail_ema': 21, 'tp_atr_mult': 2.5, 'stop_extra': 0.002}",11,0.0909,-17.7539,0.4428,-1.614,0.2547,-5.0829,0.0034,0.0029,2982.25,-0.6615155999999996
PEPE-USDT,EMASTACK,"{'max_pb': 0.005, 'vol_thresh': 1.2, 'rsi_lo': 38, 'rsi_hi': 66, 'rsi_exit': 73, 'min_adx': 15, 'allowed_hours': [], 'risk_pct': 0.01, 'max_hold_bars': 144, 'use_trail': True, 'trail_ema': 21, 'tp_atr_mult': 2.5, 'stop_extra': 0.002}",11,0.0909,-17.7539,0.4428,-1.614,0.2547,-5.0829,0.0034,0.0029,2982.25,-0.6615155999999996
PEPE-USDT,EMASTACK,"{'max_pb': 0.015, 'vol_thresh': 1.2, 'rsi_lo': 45, 'rsi_hi': 73, 'rsi_exit': 80, 'min_adx': 15, 'allowed_hours': [], 'risk_pct': 0.01, 'max_hold_bars': 144, 'use_trail': True, 'trail_ema': 21, 'tp_atr_mult': 2.5, 'stop_extra': 0.002}",11,0.0909,-17.7539,0.4428,-1.614,0.2547,-5.0829,0.0034,0.0029,2982.25,-0.6615155999999996
PEPE-USDT,EMASTACK,"{'max_pb': 0.005, 'vol_thresh': 1.2, 'rsi_lo': 50, 'rsi_hi': 78, 'rsi_exit': 85, 'min_adx': 15, 'allowed_hours': [], 'risk_pct': 0.01, 'max_hold_bars': 144, 'use_trail': True, 'trail_ema': 21, 'tp_atr_mult': 2.5, 'stop_extra': 0.002}",11,0.0909,-17.7539,0.4428,-1.614,0.2547,-5.0829,0.0034,0.0029,2982.25,-0.6615155999999996
PEPE-USDT,EMASTACK,"{'max_pb': 0.01, 'vol_thresh': 1.2, 'rsi_lo': 50, 'rsi_hi': 78, 'rsi_exit': 85, 'min_adx': 15, 'allowed_hours': [], 'risk_pct': 0.01, 'max_hold_bars': 144, 'use_trail': True, 'trail_ema': 21, 'tp_atr_mult': 2.5, 'stop_extra': 0.002}",11,0.0909,-17.7539,0.4428,-1.614,0.2547,-5.0829,0.0034,0.0029,2982.25,-0.6615155999999996
PEPE-USDT,EMASTACK,"{'max_pb': 0.015, 'vol_thresh': 1.2, 'rsi_lo': 38, 'rsi_hi': 66, 'rsi_exit': 73, 'min_adx': 15, 'allowed_hours': [], 'risk_pct': 0.01, 'max_hold_bars': 144, 'use_trail': True, 'trail_ema': 21, 'tp_atr_mult': 2.5, 'stop_extra': 0.002}",11,0.0909,-17.7539,0.4428,-1.614,0.2547,-5.0829,0.0034,0.0029,2982.25,-0.6615155999999996
PEPE-USDT,EMASTACK,"{'max_pb': 0.005, 'vol_thresh': 1.2, 'rsi_lo': 45, 'rsi_hi': 73, 'rsi_exit': 80, 'min_adx': 15, 'allowed_hours': [], 'risk_pct': 0.01, 'max_hold_bars': 144, 'use_trail': True, 'trail_ema': 21, 'tp_atr_mult': 2.5, 'stop_extra': 0.002}",11,0.0909,-17.7539,0.4428,-1.614,0.2547,-5.0829,0.0034,0.0029,2982.25,-0.6615155999999996
PEPE-USDT,EMASTACK,"{'max_pb': 0.01, 'vol_thresh': 1.2, 'rsi_lo': 45, 'rsi_hi': 73, 'rsi_exit': 80, 'min_adx': 15, 'allowed_hours': [], 'risk_pct': 0.01, 'max_hold_bars': 144, 'use_trail': True, 'trail_ema': 21, 'tp_atr_mult': 2.5, 'stop_extra': 0.002}",11,0.0909,-17.7539,0.4428,-1.614,0.2547,-5.0829,0.0034,0.0029,2982.25,-0.6615155999999996
PEPE-USDT,EMASTACK,"{'max_pb': 0.01, 'vol_thresh': 1.2, 'rsi_lo': 38, 'rsi_hi': 66, 'rsi_exit': 73, 'min_adx': 15, 'allowed_hours': [], 'risk_pct': 0.01, 'max_hold_bars': 144, 'use_trail': True, 'trail_ema': 21, 'tp_atr_mult': 2.5, 'stop_extra': 0.002}",11,0.0909,-17.7539,0.4428,-1.614,0.2547,-5.0829,0.0034,0.0029,2982.25,-0.6615155999999996
WLD-USDT,HVOL,"{'min_adx': 25, 'vol_thresh': 2.0, 'max_ext': 0.01, 'adx_exit': 25, 'allowed_hours': [], 'risk_pct': 0.01, 'max_hold_bars': 120, 'use_trail': False, 'tp_atr_mult': 2.5}",9,0.3333,-21.0617,0.4453,-2.3402,0.2582,-5.4144,0.0074,0.0066,2978.94,-0.6744968
LIT-USDT,HVOL,"{'min_adx': 30, 'vol_thresh': 1.3, 'max_ext': 0.03, 'adx_exit': 15, 'allowed_hours': [], 'risk_pct': 0.01, 'max_hold_bars': 120, 'use_trail': False, 'tp_atr_mult': 2.5}",21,0.2857,-215.6363,0.5943,-10.2684,0.3141,-3.4825,0.0651,0.052,2784.36,-0.6781951999999999
ONDO-USDT,HVOL,"{'min_adx': 25, 'vol_thresh': 1.3, 'max_ext': 0.02, 'adx_exit': 20, 'allowed_hours': [], 'risk_pct': 0.01, 'max_hold_bars': 120, 'use_trail': False, 'tp_atr_mult': 2.5}",29,0.2069,-65.8705,0.4767,-2.2714,0.2719,-4.6543,0.0081,0.0064,2934.13,-0.6820520000000001
ONDO-USDT,HVOL,"{'min_adx': 25, 'vol_thresh': 1.3, 'max_ext': 0.03, 'adx_exit': 20, 'allowed_hours': [], 'risk_pct': 0.01, 'max_hold_bars': 120, 'use_trail': False, 'tp_atr_mult': 2.5}",29,0.2069,-65.8705,0.4767,-2.2714,0.2719,-4.6543,0.0081,0.0064,2934.13,-0.6820520000000001
SUI-USDT,HVOL,"{'min_adx': 30, 'vol_thresh': 2.0, 'max_ext': 0.03, 'adx_exit': 20, 'allowed_hours': [], 'risk_pct': 0.01, 'max_hold_bars': 120, 'use_trail': False, 'tp_atr_mult': 2.5}",13,0.3077,-27.4609,0.4549,-2.1124,0.2578,-5.3273,0.0101,0.0071,2972.54,-0.6852936000000001
SUI-USDT,HVOL,"{'min_adx': 30, 'vol_thresh': 2.0, 'max_ext': 0.02, 'adx_exit': 20, 'allowed_hours': [], 'risk_pct': 0.01, 'max_hold_bars': 120, 'use_trail': False, 'tp_atr_mult': 2.5}",13,0.3077,-27.4609,0.4549,-2.1124,0.2578,-5.3273,0.0101,0.0071,2972.54,-0.6852936000000001
SUI-USDT,HVOL,"{'min_adx': 30, 'vol_thresh': 2.0, 'max_ext': 0.01, 'adx_exit': 20, 'allowed_hours': [], 'risk_pct': 0.01, 'max_hold_bars': 120, 'use_trail': False, 'tp_atr_mult': 2.5}",13,0.3077,-27.4609,0.4549,-2.1124,0.2578,-5.3273,0.0101,0.0071,2972.54,-0.6852936000000001
AVAX-USDT,MTALIGN,"{'pb_thresh': 0.005, 'vol_thresh': 1.5, 'allowed_hours': [], 'tp_atr_mult': 2.5, 'risk_pct': 0.01, 'max_hold_bars': 96, 'use_trail': True, 'trail_ema': 21, 'stop_extra': 0.002}",13,0.1538,-21.6029,0.4355,-1.6618,0.2572,-5.939,0.0042,0.0037,2978.4,-0.6903616
APT-USDT,HVOL,"{'min_adx': 25, 'vol_thresh': 1.3, 'max_ext': 0.02, 'adx_exit': 15, 'allowed_hours': [], 'risk_pct': 0.01, 'max_hold_bars': 120, 'use_trail': False, 'tp_atr_mult': 2.5}",21,0.4286,-175.2641,0.5531,-8.3459,0.3236,-3.7553,0.0487,0.0356,2824.74,-0.6971264000000001
ADA-USDT,HVOL,"{'min_adx': 20, 'vol_thresh': 2.0, 'max_ext': 0.01, 'adx_exit': 15, 'allowed_hours': [], 'risk_pct': 0.01, 'max_hold_bars': 120, 'use_trail': False, 'tp_atr_mult': 2.5}",20,0.3,-53.1948,0.4717,-2.6597,0.2662,-4.8146,0.0126,0.0071,2946.81,-0.6972692000000003
PEPE-USDT,MTALIGN,"{'pb_thresh': 0.008, 'vol_thresh': 1.3, 'allowed_hours': [], 'tp_atr_mult': 2.5, 'risk_pct': 0.01, 'max_hold_bars': 96, 'use_trail': True, 'trail_ema': 21, 'stop_extra': 0.002}",11,0.0909,-19.1374,0.4219,-1.7398,0.2551,-5.4813,0.0043,0.0034,2980.86,-0.6987996
PEPE-USDT,MTALIGN,"{'pb_thresh': 0.008, 'vol_thresh': 1.5, 'allowed_hours': [], 'tp_atr_mult': 2.5, 'risk_pct': 0.01, 'max_hold_bars': 96, 'use_trail': True, 'trail_ema': 21, 'stop_extra': 0.002}",11,0.0909,-19.1374,0.4219,-1.7398,0.2551,-5.4813,0.0043,0.0034,2980.86,-0.6987996
APT-USDT,HVOL,"{'min_adx': 25, 'vol_thresh': 1.5, 'max_ext': 0.03, 'adx_exit': 25, 'allowed_hours': [], 'risk_pct': 0.01, 'max_hold_bars': 120, 'use_trail': False, 'tp_atr_mult': 2.5}",26,0.3077,-200.3903,0.5532,-7.7073,0.3246,-3.5516,0.0406,0.0334,2799.61,-0.7170012000000001
APT-USDT,EMASTACK,"{'max_pb': 0.01, 'vol_thresh': 1.2, 'rsi_lo': 45, 'rsi_hi': 73, 'rsi_exit': 80, 'min_adx': 15, 'allowed_hours': [8, 9, 10, 14, 15, 16, 17, 18, 19, 20, 21], 'risk_pct': 0.01, 'max_hold_bars': 144, 'use_trail': True, 'trail_ema': 21, 'tp_atr_mult': 2.5, 'stop_extra': 0.002}",7,0.1429,-33.5763,0.4516,-4.7966,0.2664,-5.2137,0.023,0.0192,2966.42,-0.7233052
APT-USDT,EMASTACK,"{'max_pb': 0.01, 'vol_thresh': 1.2, 'rsi_lo': 50, 'rsi_hi': 78, 'rsi_exit': 85, 'min_adx': 15, 'allowed_hours': [8, 9, 10, 14, 15, 16, 17, 18, 19, 20, 21], 'risk_pct': 0.01, 'max_hold_bars': 144, 'use_trail': True, 'trail_ema': 21, 'tp_atr_mult': 2.5, 'stop_extra': 0.002}",7,0.1429,-33.5763,0.4516,-4.7966,0.2664,-5.2137,0.023,0.0192,2966.42,-0.7233052
APT-USDT,EMASTACK,"{'max_pb': 0.015, 'vol_thresh': 1.2, 'rsi_lo': 50, 'rsi_hi': 78, 'rsi_exit': 85, 'min_adx': 15, 'allowed_hours': [8, 9, 10, 14, 15, 16, 17, 18, 19, 20, 21], 'risk_pct': 0.01, 'max_hold_bars': 144, 'use_trail': True, 'trail_ema': 21, 'tp_atr_mult': 2.5, 'stop_extra': 0.002}",7,0.1429,-33.5763,0.4516,-4.7966,0.2664,-5.2137,0.023,0.0192,2966.42,-0.7233052
APT-USDT,EMASTACK,"{'max_pb': 0.015, 'vol_thresh': 1.2, 'rsi_lo': 45, 'rsi_hi': 73, 'rsi_exit': 80, 'min_adx': 15, 'allowed_hours': [8, 9, 10, 14, 15, 16, 17, 18, 19, 20, 21], 'risk_pct': 0.01, 'max_hold_bars': 144, 'use_trail': True, 'trail_ema': 21, 'tp_atr_mult': 2.5, 'stop_extra': 0.002}",7,0.1429,-33.5763,0.4516,-4.7966,0.2664,-5.2137,0.023,0.0192,2966.42,-0.7233052
AVAX-USDT,MTALIGN,"{'pb_thresh': 0.005, 'vol_thresh': 1.3, 'allowed_hours': [], 'tp_atr_mult': 2.5, 'risk_pct': 0.01, 'max_hold_bars': 96, 'use_trail': True, 'trail_ema': 21, 'stop_extra': 0.002}",16,0.1875,-23.4829,0.4186,-1.4677,0.2576,-5.8068,0.0044,0.0033,2976.52,-0.7236316
WLD-USDT,HVOL,"{'min_adx': 25, 'vol_thresh': 2.0, 'max_ext': 0.01, 'adx_exit': 20, 'allowed_hours': [], 'risk_pct': 0.01, 'max_hold_bars': 120, 'use_trail': False, 'tp_atr_mult': 2.5}",9,0.3333,-23.8443,0.4148,-2.6494,0.2589,-5.6756,0.0074,0.0072,2976.16,-0.7320772000000001
ADA-USDT,HVOL,"{'min_adx': 30, 'vol_thresh': 2.0, 'max_ext': 0.02, 'adx_exit': 25, 'allowed_hours': [], 'risk_pct': 0.01, 'max_hold_bars': 120, 'use_trail': False, 'tp_atr_mult': 2.5}",15,0.2667,-35.9203,0.4486,-2.3947,0.2614,-5.1422,0.0142,0.0057,2964.08,-0.7321812000000001
ADA-USDT,HVOL,"{'min_adx': 30, 'vol_thresh': 2.0, 'max_ext': 0.03, 'adx_exit': 25, 'allowed_hours': [], 'risk_pct': 0.01, 'max_hold_bars': 120, 'use_trail': False, 'tp_atr_mult': 2.5}",15,0.2667,-35.9203,0.4486,-2.3947,0.2614,-5.1422,0.0142,0.0057,2964.08,-0.7321812000000001
ADA-USDT,HVOL,"{'min_adx': 30, 'vol_thresh': 2.0, 'max_ext': 0.03, 'adx_exit': 20, 'allowed_hours': [], 'risk_pct': 0.01, 'max_hold_bars': 120, 'use_trail': False, 'tp_atr_mult': 2.5}",15,0.2667,-35.9203,0.4486,-2.3947,0.2614,-5.1422,0.0142,0.0057,2964.08,-0.7321812000000001
ADA-USDT,HVOL,"{'min_adx': 30, 'vol_thresh': 2.0, 'max_ext': 0.02, 'adx_exit': 15, 'allowed_hours': [], 'risk_pct': 0.01, 'max_hold_bars': 120, 'use_trail': False, 'tp_atr_mult': 2.5}",15,0.2667,-35.9203,0.4486,-2.3947,0.2614,-5.1422,0.0142,0.0057,2964.08,-0.7321812000000001
ADA-USDT,HVOL,"{'min_adx': 30, 'vol_thresh': 2.0, 'max_ext': 0.02, 'adx_exit': 20, 'allowed_hours': [], 'risk_pct': 0.01, 'max_hold_bars': 120, 'use_trail': False, 'tp_atr_mult': 2.5}",15,0.2667,-35.9203,0.4486,-2.3947,0.2614,-5.1422,0.0142,0.0057,2964.08,-0.7321812000000001
ADA-USDT,HVOL,"{'min_adx': 30, 'vol_thresh': 2.0, 'max_ext': 0.03, 'adx_exit': 15, 'allowed_hours': [], 'risk_pct': 0.01, 'max_hold_bars': 120, 'use_trail': False, 'tp_atr_mult': 2.5}",15,0.2667,-35.9203,0.4486,-2.3947,0.2614,-5.1422,0.0142,0.0057,2964.08,-0.7321812000000001
PEPE-USDT,MTALIGN,"{'pb_thresh': 0.008, 'vol_thresh': 1.1, 'allowed_hours': [], 'tp_atr_mult': 2.5, 'risk_pct': 0.01, 'max_hold_bars': 96, 'use_trail': True, 'trail_ema': 21, 'stop_extra': 0.002}",12,0.0833,-20.8263,0.4014,-1.7355,0.2555,-5.7115,0.004,0.0033,2979.17,-0.7367052000000003
NEAR-USDT,HVOL,"{'min_adx': 30, 'vol_thresh': 2.0, 'max_ext': 0.02, 'adx_exit': 25, 'allowed_hours': [], 'risk_pct': 0.01, 'max_hold_bars': 120, 'use_trail': False, 'tp_atr_mult': 2.5}",15,0.4667,-43.7656,0.4313,-2.9177,0.2638,-4.8622,0.0141,0.0089,2956.23,-0.7367923999999998
NEAR-USDT,HVOL,"{'min_adx': 30, 'vol_thresh': 2.0, 'max_ext': 0.03, 'adx_exit': 25, 'allowed_hours': [], 'risk_pct': 0.01, 'max_hold_bars': 120, 'use_trail': False, 'tp_atr_mult': 2.5}",15,0.4667,-43.7656,0.4313,-2.9177,0.2638,-4.8622,0.0141,0.0089,2956.23,-0.7367923999999998
DOGE-USDT,EMASTACK,"{'max_pb': 0.015, 'vol_thresh': 1.2, 'rsi_lo': 45, 'rsi_hi': 73, 'rsi_exit': 80, 'min_adx': 20, 'allowed_hours': [], 'risk_pct': 0.01, 'max_hold_bars': 144, 'use_trail': True, 'trail_ema': 21, 'tp_atr_mult': 2.5, 'stop_extra': 0.002}",9,0.1111,-16.1573,0.3872,-1.7953,0.2538,-6.4752,0.0031,0.0026,2983.84,-0.7376292
DOGE-USDT,EMASTACK,"{'max_pb': 0.005, 'vol_thresh': 1.2, 'rsi_lo': 50, 'rsi_hi': 78, 'rsi_exit': 85, 'min_adx': 15, 'allowed_hours': [], 'risk_pct': 0.01, 'max_hold_bars': 144, 'use_trail': True, 'trail_ema': 21, 'tp_atr_mult': 2.5, 'stop_extra': 0.002}",9,0.1111,-16.1573,0.3872,-1.7953,0.2538,-6.4752,0.0031,0.0026,2983.84,-0.7376292
DOGE-USDT,EMASTACK,"{'max_pb': 0.015, 'vol_thresh': 1.2, 'rsi_lo': 45, 'rsi_hi': 73, 'rsi_exit': 80, 'min_adx': 15, 'allowed_hours': [], 'risk_pct': 0.01, 'max_hold_bars': 144, 'use_trail': True, 'trail_ema': 21, 'tp_atr_mult': 2.5, 'stop_extra': 0.002}",9,0.1111,-16.1573,0.3872,-1.7953,0.2538,-6.4752,0.0031,0.0026,2983.84,-0.7376292
DOGE-USDT,EMASTACK,"{'max_pb': 0.005, 'vol_thresh': 1.2, 'rsi_lo': 45, 'rsi_hi': 73, 'rsi_exit': 80, 'min_adx': 20, 'allowed_hours': [], 'risk_pct': 0.01, 'max_hold_bars': 144, 'use_trail': True, 'trail_ema': 21, 'tp_atr_mult': 2.5, 'stop_extra': 0.002}",9,0.1111,-16.1573,0.3872,-1.7953,0.2538,-6.4752,0.0031,0.0026,2983.84,-0.7376292
DOGE-USDT,EMASTACK,"{'max_pb': 0.015, 'vol_thresh': 1.2, 'rsi_lo': 50, 'rsi_hi': 78, 'rsi_exit': 85, 'min_adx': 15, 'allowed_hours': [], 'risk_pct': 0.01, 'max_hold_bars': 144, 'use_trail': True, 'trail_ema': 21, 'tp_atr_mult': 2.5, 'stop_extra': 0.002}",9,0.1111,-16.1573,0.3872,-1.7953,0.2538,-6.4752,0.0031,0.0026,2983.84,-0.7376292
DOGE-USDT,EMASTACK,"{'max_pb': 0.005, 'vol_thresh': 1.2, 'rsi_lo': 50, 'rsi_hi': 78, 'rsi_exit': 85, 'min_adx': 20, 'allowed_hours': [], 'risk_pct': 0.01, 'max_hold_bars': 144, 'use_trail': True, 'trail_ema': 21, 'tp_atr_mult': 2.5, 'stop_extra': 0.002}",9,0.1111,-16.1573,0.3872,-1.7953,0.2538,-6.4752,0.0031,0.0026,2983.84,-0.7376292
DOGE-USDT,EMASTACK,"{'max_pb': 0.005, 'vol_thresh': 1.2, 'rsi_lo': 45, 'rsi_hi': 73, 'rsi_exit': 80, 'min_adx': 15, 'allowed_hours': [], 'risk_pct': 0.01, 'max_hold_bars': 144, 'use_trail': True, 'trail_ema': 21, 'tp_atr_mult': 2.5, 'stop_extra': 0.002}",9,0.1111,-16.1573,0.3872,-1.7953,0.2538,-6.4752,0.0031,0.0026,2983.84,-0.7376292
DOGE-USDT,EMASTACK,"{'max_pb': 0.01, 'vol_thresh': 1.2, 'rsi_lo': 50, 'rsi_hi': 78, 'rsi_exit': 85, 'min_adx': 15, 'allowed_hours': [], 'risk_pct': 0.01, 'max_hold_bars': 144, 'use_trail': True, 'trail_ema': 21, 'tp_atr_mult': 2.5, 'stop_extra': 0.002}",9,0.1111,-16.1573,0.3872,-1.7953,0.2538,-6.4752,0.0031,0.0026,2983.84,-0.7376292
DOGE-USDT,EMASTACK,"{'max_pb': 0.01, 'vol_thresh': 1.2, 'rsi_lo': 45, 'rsi_hi': 73, 'rsi_exit': 80, 'min_adx': 20, 'allowed_hours': [], 'risk_pct': 0.01, 'max_hold_bars': 144, 'use_trail': True, 'trail_ema': 21, 'tp_atr_mult': 2.5, 'stop_extra': 0.002}",9,0.1111,-16.1573,0.3872,-1.7953,0.2538,-6.4752,0.0031,0.0026,2983.84,-0.7376292
DOGE-USDT,EMASTACK,"{'max_pb': 0.01, 'vol_thresh': 1.2, 'rsi_lo': 50, 'rsi_hi': 78, 'rsi_exit': 85, 'min_adx': 20, 'allowed_hours': [], 'risk_pct': 0.01, 'max_hold_bars': 144, 'use_trail': True, 'trail_ema': 21, 'tp_atr_mult': 2.5, 'stop_extra': 0.002}",9,0.1111,-16.1573,0.3872,-1.7953,0.2538,-6.4752,0.0031,0.0026,2983.84,-0.7376292
DOGE-USDT,EMASTACK,"{'max_pb': 0.015, 'vol_thresh': 1.2, 'rsi_lo': 50, 'rsi_hi': 78, 'rsi_exit': 85, 'min_adx': 20, 'allowed_hours': [], 'risk_pct': 0.01, 'max_hold_bars': 144, 'use_trail': True, 'trail_ema': 21, 'tp_atr_mult': 2.5, 'stop_extra': 0.002}",9,0.1111,-16.1573,0.3872,-1.7953,0.2538,-6.4752,0.0031,0.0026,2983.84,-0.7376292
DOGE-USDT,EMASTACK,"{'max_pb': 0.01, 'vol_thresh': 1.2, 'rsi_lo': 45, 'rsi_hi': 73, 'rsi_exit': 80, 'min_adx': 15, 'allowed_hours': [], 'risk_pct': 0.01, 'max_hold_bars': 144, 'use_trail': True, 'trail_ema': 21, 'tp_atr_mult': 2.5, 'stop_extra': 0.002}",9,0.1111,-16.1573,0.3872,-1.7953,0.2538,-6.4752,0.0031,0.0026,2983.84,-0.7376292
SUI-USDT,HVOL,"{'min_adx': 30, 'vol_thresh': 2.0, 'max_ext': 0.02, 'adx_exit': 15, 'allowed_hours': [], 'risk_pct': 0.01, 'max_hold_bars': 120, 'use_trail': False, 'tp_atr_mult': 2.5}",13,0.3077,-30.5612,0.4285,-2.3509,0.2586,-5.7931,0.0101,0.0071,2969.44,-0.7380947999999998
SUI-USDT,HVOL,"{'min_adx': 30, 'vol_thresh': 2.0, 'max_ext': 0.01, 'adx_exit': 15, 'allowed_hours': [], 'risk_pct': 0.01, 'max_hold_bars': 120, 'use_trail': False, 'tp_atr_mult': 2.5}",13,0.3077,-30.5612,0.4285,-2.3509,0.2586,-5.7931,0.0101,0.0071,2969.44,-0.7380947999999998
SUI-USDT,HVOL,"{'min_adx': 30, 'vol_thresh': 2.0, 'max_ext': 0.03, 'adx_exit': 15, 'allowed_hours': [], 'risk_pct': 0.01, 'max_hold_bars': 120, 'use_trail': False, 'tp_atr_mult': 2.5}",13,0.3077,-30.5612,0.4285,-2.3509,0.2586,-5.7931,0.0101,0.0071,2969.44,-0.7380947999999998
BTC-USDT,VSMO,"{'rsi_lo': 45, 'rsi_hi': 80, 'vol_thresh': 1.5, 'stop_atr_mult': 2.0, 'allowed_hours': [], 'tp_atr_mult': 3.0, 'risk_pct': 0.01, 'max_hold_bars': 144, 'use_trail': True, 'trail_ema': 21}",6,0.1667,-6.5507,0.3547,-1.0918,0.2513,-7.9919,0.0014,0.0011,2993.45,-0.7454528
XLM-USDT,VSMO,"{'rsi_lo': 35, 'rsi_hi': 70, 'vol_thresh': 1.5, 'stop_atr_mult': 1.0, 'allowed_hours': [], 'tp_atr_mult': 3.0, 'risk_pct': 0.01, 'max_hold_bars': 144, 'use_trail': True, 'trail_ema': 21}",5,0.4,-1.4711,0.3362,-0.2942,0.2511,-7.0206,0.0004,0.0013,2998.53,-0.7526844
XLM-USDT,VSMO,"{'rsi_lo': 35, 'rsi_hi': 70, 'vol_thresh': 1.5, 'stop_atr_mult': 2.0, 'allowed_hours': [], 'tp_atr_mult': 3.0, 'risk_pct': 0.01, 'max_hold_bars': 144, 'use_trail': True, 'trail_ema': 21}",5,0.4,-1.4711,0.3362,-0.2942,0.2511,-7.0206,0.0004,0.0013,2998.53,-0.7526844
XLM-USDT,VSMO,"{'rsi_lo': 35, 'rsi_hi': 70, 'vol_thresh': 1.5, 'stop_atr_mult': 1.5, 'allowed_hours': [], 'tp_atr_mult': 3.0, 'risk_pct': 0.01, 'max_hold_bars': 144, 'use_trail': True, 'trail_ema': 21}",5,0.4,-1.4711,0.3362,-0.2942,0.2511,-7.0206,0.0004,0.0013,2998.53,-0.7526844
ADA-USDT,MTALIGN,"{'pb_thresh': 0.003, 'vol_thresh': 1.1, 'allowed_hours': [], 'tp_atr_mult': 2.5, 'risk_pct': 0.01, 'max_hold_bars': 96, 'use_trail': True, 'trail_ema': 21, 'stop_extra': 0.002}",13,0.1538,-16.7131,0.3783,-1.2856,0.2542,-5.9834,0.004,0.0031,2983.29,-0.7536024000000001
ADA-USDT,HVOL,"{'min_adx': 25, 'vol_thresh': 1.3, 'max_ext': 0.01, 'adx_exit': 20, 'allowed_hours': [], 'risk_pct': 0.01, 'max_hold_bars': 120, 'use_trail': False, 'tp_atr_mult': 2.5}",24,0.25,-64.8301,0.4843,-2.7013,0.2709,-4.8877,0.0105,0.0073,2935.17,-0.7588503999999998
DOT-USDT,MTALIGN,"{'pb_thresh': 0.008, 'vol_thresh': 1.3, 'allowed_hours': [8, 9, 10, 11, 14, 15, 16, 17, 18, 19, 20, 21], 'tp_atr_mult': 2.5, 'risk_pct': 0.01, 'max_hold_bars': 96, 'use_trail': True, 'trail_ema': 21, 'stop_extra': 0.002}",10,0.2,-17.1713,0.3739,-1.7171,0.2566,-7.4126,0.0047,0.0035,2982.83,-0.7644352
AVAX-USDT,MTALIGN,"{'pb_thresh': 0.008, 'vol_thresh': 1.5, 'allowed_hours': [], 'tp_atr_mult': 2.5, 'risk_pct': 0.01, 'max_hold_bars': 96, 'use_trail': True, 'trail_ema': 21, 'stop_extra': 0.002}",14,0.1429,-25.4115,0.3957,-1.8151,0.2581,-6.6836,0.0042,0.0038,2974.59,-0.766196
BTC-USDT,VSMO,"{'rsi_lo': 40, 'rsi_hi': 75, 'vol_thresh': 1.5, 'stop_atr_mult': 2.0, 'allowed_hours': [], 'tp_atr_mult': 3.0, 'risk_pct': 0.01, 'max_hold_bars': 144, 'use_trail': True, 'trail_ema': 21}",7,0.1429,-6.9452,0.3414,-0.9922,0.2514,-7.8629,0.0012,0.0011,2993.05,-0.7670808000000002
APT-USDT,EMASTACK,"{'max_pb': 0.005, 'vol_thresh': 1.5, 'rsi_lo': 45, 'rsi_hi': 73, 'rsi_exit': 80, 'min_adx': 15, 'allowed_hours': [], 'risk_pct': 0.01, 'max_hold_bars': 144, 'use_trail': True, 'trail_ema': 21, 'tp_atr_mult': 2.5, 'stop_extra': 0.002}",7,0.1429,-37.5152,0.4243,-5.3593,0.2702,-5.7562,0.0222,0.0199,2962.48,-0.7838107999999999
APT-USDT,EMASTACK,"{'max_pb': 0.005, 'vol_thresh': 1.5, 'rsi_lo': 50, 'rsi_hi': 78, 'rsi_exit': 85, 'min_adx': 15, 'allowed_hours': [], 'risk_pct': 0.01, 'max_hold_bars': 144, 'use_trail': True, 'trail_ema': 21, 'tp_atr_mult': 2.5, 'stop_extra': 0.002}",7,0.1429,-37.5152,0.4243,-5.3593,0.2702,-5.7562,0.0222,0.0199,2962.48,-0.7838107999999999
SUI-USDT,MTALIGN,"{'pb_thresh': 0.008, 'vol_thresh': 2.0, 'allowed_hours': [], 'tp_atr_mult': 2.5, 'risk_pct': 0.01, 'max_hold_bars': 96, 'use_trail': True, 'trail_ema': 21, 'stop_extra': 0.002}",6,0.3333,-12.3257,0.3456,-2.0543,0.2539,-7.7552,0.0063,0.0055,2987.67,-0.7848027999999997
LIT-USDT,HVOL,"{'min_adx': 30, 'vol_thresh': 1.3, 'max_ext': 0.02, 'adx_exit': 25, 'allowed_hours': [], 'risk_pct': 0.01, 'max_hold_bars': 120, 'use_trail': False, 'tp_atr_mult': 2.5}",17,0.2941,-174.3666,0.5449,-10.2569,0.3276,-3.9467,0.0497,0.0426,2825.63,-0.7863964000000001
WLD-USDT,HVOL,"{'min_adx': 25, 'vol_thresh': 2.0, 'max_ext': 0.01, 'adx_exit': 15, 'allowed_hours': [], 'risk_pct': 0.01, 'max_hold_bars': 120, 'use_trail': False, 'tp_atr_mult': 2.5}",9,0.3333,-26.778,0.3868,-2.9753,0.2596,-6.1096,0.0074,0.0072,2973.22,-0.786512
HYPE-USDT,HVOL,"{'min_adx': 20, 'vol_thresh': 2.0, 'max_ext': 0.03, 'adx_exit': 15, 'allowed_hours': [], 'risk_pct': 0.01, 'max_hold_bars': 120, 'use_trail': False, 'tp_atr_mult': 2.5}",19,0.3684,-35.6526,0.409,-1.8765,0.2609,-6.0165,0.0039,0.0049,2964.35,-0.7900103999999999
HYPE-USDT,HVOL,"{'min_adx': 20, 'vol_thresh': 2.0, 'max_ext': 0.02, 'adx_exit': 20, 'allowed_hours': [], 'risk_pct': 0.01, 'max_hold_bars': 120, 'use_trail': False, 'tp_atr_mult': 2.5}",19,0.3684,-35.6526,0.409,-1.8765,0.2609,-6.0165,0.0039,0.0049,2964.35,-0.7900103999999999
HYPE-USDT,HVOL,"{'min_adx': 20, 'vol_thresh': 2.0, 'max_ext': 0.02, 'adx_exit': 15, 'allowed_hours': [], 'risk_pct': 0.01, 'max_hold_bars': 120, 'use_trail': False, 'tp_atr_mult': 2.5}",19,0.3684,-35.6526,0.409,-1.8765,0.2609,-6.0165,0.0039,0.0049,2964.35,-0.7900103999999999
HYPE-USDT,HVOL,"{'min_adx': 20, 'vol_thresh': 2.0, 'max_ext': 0.01, 'adx_exit': 15, 'allowed_hours': [], 'risk_pct': 0.01, 'max_hold_bars': 120, 'use_trail': False, 'tp_atr_mult': 2.5}",19,0.3684,-35.6526,0.409,-1.8765,0.2609,-6.0165,0.0039,0.0049,2964.35,-0.7900103999999999
HYPE-USDT,HVOL,"{'min_adx': 20, 'vol_thresh': 2.0, 'max_ext': 0.01, 'adx_exit': 20, 'allowed_hours': [], 'risk_pct': 0.01, 'max_hold_bars': 120, 'use_trail': False, 'tp_atr_mult': 2.5}",19,0.3684,-35.6526,0.409,-1.8765,0.2609,-6.0165,0.0039,0.0049,2964.35,-0.7900103999999999
HYPE-USDT,HVOL,"{'min_adx': 20, 'vol_thresh': 2.0, 'max_ext': 0.03, 'adx_exit': 20, 'allowed_hours': [], 'risk_pct': 0.01, 'max_hold_bars': 120, 'use_trail': False, 'tp_atr_mult': 2.5}",19,0.3684,-35.6526,0.409,-1.8765,0.2609,-6.0165,0.0039,0.0049,2964.35,-0.7900103999999999
DOGE-USDT,EMASTACK,"{'max_pb': 0.005, 'vol_thresh': 1.2, 'rsi_lo': 38, 'rsi_hi': 66, 'rsi_exit': 73, 'min_adx': 20, 'allowed_hours': [8, 9, 10, 14, 15, 16, 17, 18, 19, 20, 21], 'risk_pct': 0.01, 'max_hold_bars': 144, 'use_trail': True, 'trail_ema': 21, 'tp_atr_mult': 2.5, 'stop_extra': 0.002}",6,0.1667,-10.6763,0.3357,-1.7794,0.2524,-8.5952,0.0027,0.0023,2989.32,-0.7915551999999998
DOGE-USDT,EMASTACK,"{'max_pb': 0.015, 'vol_thresh': 1.2, 'rsi_lo': 38, 'rsi_hi': 66, 'rsi_exit': 73, 'min_adx': 15, 'allowed_hours': [8, 9, 10, 14, 15, 16, 17, 18, 19, 20, 21], 'risk_pct': 0.01, 'max_hold_bars': 144, 'use_trail': True, 'trail_ema': 21, 'tp_atr_mult': 2.5, 'stop_extra': 0.002}",6,0.1667,-10.6763,0.3357,-1.7794,0.2524,-8.5952,0.0027,0.0023,2989.32,-0.7915551999999998
DOGE-USDT,EMASTACK,"{'max_pb': 0.01, 'vol_thresh': 1.2, 'rsi_lo': 38, 'rsi_hi': 66, 'rsi_exit': 73, 'min_adx': 20, 'allowed_hours': [8, 9, 10, 14, 15, 16, 17, 18, 19, 20, 21], 'risk_pct': 0.01, 'max_hold_bars': 144, 'use_trail': True, 'trail_ema': 21, 'tp_atr_mult': 2.5, 'stop_extra': 0.002}",6,0.1667,-10.6763,0.3357,-1.7794,0.2524,-8.5952,0.0027,0.0023,2989.32,-0.7915551999999998
DOGE-USDT,EMASTACK,"{'max_pb': 0.01, 'vol_thresh': 1.2, 'rsi_lo': 38, 'rsi_hi': 66, 'rsi_exit': 73, 'min_adx': 15, 'allowed_hours': [8, 9, 10, 14, 15, 16, 17, 18, 19, 20, 21], 'risk_pct': 0.01, 'max_hold_bars': 144, 'use_trail': True, 'trail_ema': 21, 'tp_atr_mult': 2.5, 'stop_extra': 0.002}",6,0.1667,-10.6763,0.3357,-1.7794,0.2524,-8.5952,0.0027,0.0023,2989.32,-0.7915551999999998
DOGE-USDT,EMASTACK,"{'max_pb': 0.005, 'vol_thresh': 1.2, 'rsi_lo': 38, 'rsi_hi': 66, 'rsi_exit': 73, 'min_adx': 15, 'allowed_hours': [8, 9, 10, 14, 15, 16, 17, 18, 19, 20, 21], 'risk_pct': 0.01, 'max_hold_bars': 144, 'use_trail': True, 'trail_ema': 21, 'tp_atr_mult': 2.5, 'stop_extra': 0.002}",6,0.1667,-10.6763,0.3357,-1.7794,0.2524,-8.5952,0.0027,0.0023,2989.32,-0.7915551999999998
DOGE-USDT,EMASTACK,"{'max_pb': 0.015, 'vol_thresh': 1.2, 'rsi_lo': 38, 'rsi_hi': 66, 'rsi_exit': 73, 'min_adx': 20, 'allowed_hours': [8, 9, 10, 14, 15, 16, 17, 18, 19, 20, 21], 'risk_pct': 0.01, 'max_hold_bars': 144, 'use_trail': True, 'trail_ema': 21, 'tp_atr_mult': 2.5, 'stop_extra': 0.002}",6,0.1667,-10.6763,0.3357,-1.7794,0.2524,-8.5952,0.0027,0.0023,2989.32,-0.7915551999999998
SUI-USDT,MTALIGN,"{'pb_thresh': 0.005, 'vol_thresh': 1.1, 'allowed_hours': [], 'tp_atr_mult': 2.5, 'risk_pct': 0.01, 'max_hold_bars': 96, 'use_trail': True, 'trail_ema': 21, 'stop_extra': 0.002}",14,0.2143,-19.715,0.3606,-1.4082,0.2553,-7.4599,0.0053,0.003,2980.28,-0.7932600000000001
AVAX-USDT,MTALIGN,"{'pb_thresh': 0.008, 'vol_thresh': 1.3, 'allowed_hours': [], 'tp_atr_mult': 2.5, 'risk_pct': 0.01, 'max_hold_bars': 96, 'use_trail': True, 'trail_ema': 21, 'stop_extra': 0.002}",17,0.1765,-27.2891,0.3823,-1.6052,0.2586,-6.4889,0.0044,0.0035,2972.71,-0.7943064
ONDO-USDT,HVOL,"{'min_adx': 30, 'vol_thresh': 2.0, 'max_ext': 0.02, 'adx_exit': 20, 'allowed_hours': [], 'risk_pct': 0.01, 'max_hold_bars': 120, 'use_trail': False, 'tp_atr_mult': 2.5}",15,0.1333,-46.2616,0.439,-3.0841,0.2693,-5.0552,0.01,0.0075,2953.74,-0.7958463999999998
ONDO-USDT,HVOL,"{'min_adx': 30, 'vol_thresh': 2.0, 'max_ext': 0.03, 'adx_exit': 20, 'allowed_hours': [], 'risk_pct': 0.01, 'max_hold_bars': 120, 'use_trail': False, 'tp_atr_mult': 2.5}",15,0.1333,-46.2616,0.439,-3.0841,0.2693,-5.0552,0.01,0.0075,2953.74,-0.7958463999999998
WLD-USDT,HVOL,"{'min_adx': 25, 'vol_thresh': 2.0, 'max_ext': 0.02, 'adx_exit': 25, 'allowed_hours': [], 'risk_pct': 0.01, 'max_hold_bars': 120, 'use_trail': False, 'tp_atr_mult': 2.5}",10,0.3,-27.7443,0.3785,-2.7744,0.2598,-6.6375,0.0072,0.0067,2972.26,-0.8030272
WLD-USDT,HVOL,"{'min_adx': 25, 'vol_thresh': 2.0, 'max_ext': 0.03, 'adx_exit': 25, 'allowed_hours': [], 'risk_pct': 0.01, 'max_hold_bars': 120, 'use_trail': False, 'tp_atr_mult': 2.5}",10,0.3,-27.7443,0.3785,-2.7744,0.2598,-6.6375,0.0072,0.0067,2972.26,-0.8030272
ONDO-USDT,HVOL,"{'min_adx': 25, 'vol_thresh': 2.0, 'max_ext': 0.03, 'adx_exit': 20, 'allowed_hours': [], 'risk_pct': 0.01, 'max_hold_bars': 120, 'use_trail': False, 'tp_atr_mult': 2.5}",18,0.1667,-51.5697,0.4437,-2.865,0.2689,-4.9988,0.0095,0.0075,2948.43,-0.8091488000000002
ONDO-USDT,HVOL,"{'min_adx': 25, 'vol_thresh': 2.0, 'max_ext': 0.02, 'adx_exit': 20, 'allowed_hours': [], 'risk_pct': 0.01, 'max_hold_bars': 120, 'use_trail': False, 'tp_atr_mult': 2.5}",18,0.1667,-51.5697,0.4437,-2.865,0.2689,-4.9988,0.0095,0.0075,2948.43,-0.8091488000000002
ETH-USDT,HVOL,"{'min_adx': 25, 'vol_thresh': 2.0, 'max_ext': 0.01, 'adx_exit': 25, 'allowed_hours': [], 'risk_pct': 0.01, 'max_hold_bars': 120, 'use_trail': False, 'tp_atr_mult': 2.5}",14,0.2143,-19.3018,0.346,-1.3787,0.2563,-7.0106,0.0032,0.0024,2980.7,-0.8145072
ETH-USDT,HVOL,"{'min_adx': 25, 'vol_thresh': 2.0, 'max_ext': 0.03, 'adx_exit': 25, 'allowed_hours': [], 'risk_pct': 0.01, 'max_hold_bars': 120, 'use_trail': False, 'tp_atr_mult': 2.5}",14,0.2143,-19.3018,0.346,-1.3787,0.2563,-7.0106,0.0032,0.0024,2980.7,-0.8145072
ETH-USDT,HVOL,"{'min_adx': 25, 'vol_thresh': 2.0, 'max_ext': 0.02, 'adx_exit': 25, 'allowed_hours': [], 'risk_pct': 0.01, 'max_hold_bars': 120, 'use_trail': False, 'tp_atr_mult': 2.5}",14,0.2143,-19.3018,0.346,-1.3787,0.2563,-7.0106,0.0032,0.0024,2980.7,-0.8145072
ADA-USDT,HVOL,"{'min_adx': 20, 'vol_thresh': 1.3, 'max_ext': 0.03, 'adx_exit': 15, 'allowed_hours': [], 'risk_pct': 0.01, 'max_hold_bars': 120, 'use_trail': False, 'tp_atr_mult': 2.5}",25,0.32,-63.6621,0.4731,-2.5465,0.2711,-5.0831,0.0114,0.0066,2936.34,-0.8160983999999999
ADA-USDT,HVOL,"{'min_adx': 20, 'vol_thresh': 1.3, 'max_ext': 0.02, 'adx_exit': 15, 'allowed_hours': [], 'risk_pct': 0.01, 'max_hold_bars': 120, 'use_trail': False, 'tp_atr_mult': 2.5}",25,0.32,-63.6621,0.4731,-2.5465,0.2711,-5.0831,0.0114,0.0066,2936.34,-0.8160983999999999
AVAX-USDT,MTALIGN,"{'pb_thresh': 0.005, 'vol_thresh': 1.1, 'allowed_hours': [8, 9, 10, 11, 14, 15, 16, 17, 18, 19, 20, 21], 'tp_atr_mult': 2.5, 'risk_pct': 0.01, 'max_hold_bars': 96, 'use_trail': True, 'trail_ema': 21, 'stop_extra': 0.002}",11,0.1818,-19.7457,0.3446,-1.7951,0.255,-7.5435,0.0033,0.0037,2980.25,-0.8170827999999999
AVAX-USDT,MTALIGN,"{'pb_thresh': 0.008, 'vol_thresh': 1.1, 'allowed_hours': [8, 9, 10, 11, 14, 15, 16, 17, 18, 19, 20, 21], 'tp_atr_mult': 2.5, 'risk_pct': 0.01, 'max_hold_bars': 96, 'use_trail': True, 'trail_ema': 21, 'stop_extra': 0.002}",11,0.1818,-19.7457,0.3446,-1.7951,0.255,-7.5435,0.0033,0.0037,2980.25,-0.8170827999999999
APT-USDT,HVOL,"{'min_adx': 30, 'vol_thresh': 2.0, 'max_ext': 0.01, 'adx_exit': 20, 'allowed_hours': [], 'risk_pct': 0.01, 'max_hold_bars': 120, 'use_trail': False, 'tp_atr_mult': 2.5}",9,0.5556,-63.9134,0.4251,-7.1015,0.2759,-4.8266,0.0444,0.0294,2936.09,-0.8245436000000002
ETH-USDT,VSMO,"{'rsi_lo': 45, 'rsi_hi': 80, 'vol_thresh': 3.0, 'stop_atr_mult': 2.0, 'allowed_hours': [], 'tp_atr_mult': 3.0, 'risk_pct': 0.01, 'max_hold_bars': 144, 'use_trail': True, 'trail_ema': 21}",5,0.2,-4.9391,0.2976,-0.9878,0.2523,-10.1781,0.0012,0.0009,2995.06,-0.8256564
ETH-USDT,VSMO,"{'rsi_lo': 45, 'rsi_hi': 80, 'vol_thresh': 3.0, 'stop_atr_mult': 1.5, 'allowed_hours': [], 'tp_atr_mult': 3.0, 'risk_pct': 0.01, 'max_hold_bars': 144, 'use_trail': True, 'trail_ema': 21}",5,0.2,-4.9391,0.2976,-0.9878,0.2523,-10.1781,0.0012,0.0009,2995.06,-0.8256564
ETH-USDT,VSMO,"{'rsi_lo': 45, 'rsi_hi': 80, 'vol_thresh': 3.0, 'stop_atr_mult': 1.0, 'allowed_hours': [], 'tp_atr_mult': 3.0, 'risk_pct': 0.01, 'max_hold_bars': 144, 'use_trail': True, 'trail_ema': 21}",5,0.2,-4.9391,0.2976,-0.9878,0.2523,-10.1781,0.0012,0.0009,2995.06,-0.8256564
LIT-USDT,EMASTACK,"{'max_pb': 0.01, 'vol_thresh': 1.5, 'rsi_lo': 50, 'rsi_hi': 78, 'rsi_exit': 85, 'min_adx': 15, 'allowed_hours': [], 'risk_pct': 0.01, 'max_hold_bars': 144, 'use_trail': True, 'trail_ema': 21, 'tp_atr_mult': 2.5, 'stop_extra': 0.002}",11,0.0909,-59.003,0.428,-5.3639,0.2678,-4.9172,0.0268,0.0248,2941.0,-0.8286920000000002
LIT-USDT,EMASTACK,"{'max_pb': 0.01, 'vol_thresh': 1.5, 'rsi_lo': 45, 'rsi_hi': 73, 'rsi_exit': 80, 'min_adx': 15, 'allowed_hours': [], 'risk_pct': 0.01, 'max_hold_bars': 144, 'use_trail': True, 'trail_ema': 21, 'tp_atr_mult': 2.5, 'stop_extra': 0.002}",11,0.0909,-59.003,0.428,-5.3639,0.2678,-4.9172,0.0268,0.0248,2941.0,-0.8286920000000002
NEAR-USDT,HVOL,"{'min_adx': 30, 'vol_thresh': 1.5, 'max_ext': 0.03, 'adx_exit': 25, 'allowed_hours': [], 'risk_pct': 0.01, 'max_hold_bars': 120, 'use_trail': False, 'tp_atr_mult': 2.5}",20,0.4,-65.0098,0.4663,-3.2505,0.2689,-5.0272,0.012,0.0096,2934.99,-0.8294891999999998
NEAR-USDT,HVOL,"{'min_adx': 30, 'vol_thresh': 1.5, 'max_ext': 0.02, 'adx_exit': 25, 'allowed_hours': [], 'risk_pct': 0.01, 'max_hold_bars': 120, 'use_trail': False, 'tp_atr_mult': 2.5}",20,0.4,-65.0098,0.4663,-3.2505,0.2689,-5.0272,0.012,0.0096,2934.99,-0.8294891999999998
APT-USDT,RVOL,"{'vol_thresh': 2.0, 'min_roc': 2.0, 'max_rsi': 75, 'min_adx': 18, 'stop_atr_mult': 1.5, 'rsi_exit': 80, 'allowed_hours': [14, 15, 16, 17, 18, 19, 20, 21], 'risk_pct': 0.01, 'max_hold_bars': 72, 'use_trail': True, 'trail_pct': 0.02, 'tp_atr_mult': 3.0}",7,0.1429,-30.4948,0.3704,-4.3564,0.2639,-6.9672,0.0166,0.0178,2969.51,-0.8302792000000001
APT-USDT,RVOL,"{'vol_thresh': 2.0, 'min_roc': 2.0, 'max_rsi': 75, 'min_adx': 18, 'stop_atr_mult': 2.0, 'rsi_exit': 80, 'allowed_hours': [14, 15, 16, 17, 18, 19, 20, 21], 'risk_pct': 0.01, 'max_hold_bars': 72, 'use_trail': True, 'trail_pct': 0.02, 'tp_atr_mult': 3.0}",7,0.1429,-30.4948,0.3704,-4.3564,0.2639,-6.9672,0.0166,0.0178,2969.51,-0.8302792000000001
ONDO-USDT,MTALIGN,"{'pb_thresh': 0.005, 'vol_thresh': 1.1, 'allowed_hours': [8, 9, 10, 11, 14, 15, 16, 17, 18, 19, 20, 21], 'tp_atr_mult': 2.5, 'risk_pct': 0.01, 'max_hold_bars': 96, 'use_trail': True, 'trail_ema': 21, 'stop_extra': 0.002}",5,0.2,-8.7732,0.3045,-1.7546,0.2523,-9.9028,0.0018,0.0034,2991.23,-0.8306427999999999
ADA-USDT,HVOL,"{'min_adx': 25, 'vol_thresh': 1.5, 'max_ext': 0.01, 'adx_exit': 25, 'allowed_hours': [], 'risk_pct': 0.01, 'max_hold_bars': 120, 'use_trail': False, 'tp_atr_mult': 2.5}",23,0.2609,-63.3218,0.4597,-2.7531,0.2678,-5.1519,0.0108,0.007,2936.68,-0.8315372000000003
ETH-USDT,HVOL,"{'min_adx': 25, 'vol_thresh': 2.0, 'max_ext': 0.01, 'adx_exit': 20, 'allowed_hours': [], 'risk_pct': 0.01, 'max_hold_bars': 120, 'use_trail': False, 'tp_atr_mult': 2.5}",14,0.2143,-20.3138,0.3345,-1.451,0.2565,-7.2197,0.0032,0.0027,2979.69,-0.8360052
ETH-USDT,HVOL,"{'min_adx': 25, 'vol_thresh': 2.0, 'max_ext': 0.02, 'adx_exit': 15, 'allowed_hours': [], 'risk_pct': 0.01, 'max_hold_bars': 120, 'use_trail': False, 'tp_atr_mult': 2.5}",14,0.2143,-20.3138,0.3345,-1.451,0.2565,-7.2197,0.0032,0.0027,2979.69,-0.8360052
ETH-USDT,HVOL,"{'min_adx': 25, 'vol_thresh': 2.0, 'max_ext': 0.01, 'adx_exit': 15, 'allowed_hours': [], 'risk_pct': 0.01, 'max_hold_bars': 120, 'use_trail': False, 'tp_atr_mult': 2.5}",14,0.2143,-20.3138,0.3345,-1.451,0.2565,-7.2197,0.0032,0.0027,2979.69,-0.8360052
ETH-USDT,HVOL,"{'min_adx': 25, 'vol_thresh': 2.0, 'max_ext': 0.03, 'adx_exit': 15, 'allowed_hours': [], 'risk_pct': 0.01, 'max_hold_bars': 120, 'use_trail': False, 'tp_atr_mult': 2.5}",14,0.2143,-20.3138,0.3345,-1.451,0.2565,-7.2197,0.0032,0.0027,2979.69,-0.8360052
ETH-USDT,HVOL,"{'min_adx': 25, 'vol_thresh': 2.0, 'max_ext': 0.03, 'adx_exit': 20, 'allowed_hours': [], 'risk_pct': 0.01, 'max_hold_bars': 120, 'use_trail': False, 'tp_atr_mult': 2.5}",14,0.2143,-20.3138,0.3345,-1.451,0.2565,-7.2197,0.0032,0.0027,2979.69,-0.8360052
ETH-USDT,HVOL,"{'min_adx': 25, 'vol_thresh': 2.0, 'max_ext': 0.02, 'adx_exit': 20, 'allowed_hours': [], 'risk_pct': 0.01, 'max_hold_bars': 120, 'use_trail': False, 'tp_atr_mult': 2.5}",14,0.2143,-20.3138,0.3345,-1.451,0.2565,-7.2197,0.0032,0.0027,2979.69,-0.8360052
HYPE-USDT,EMASTACK,"{'max_pb': 0.01, 'vol_thresh': 1.5, 'rsi_lo': 38, 'rsi_hi': 66, 'rsi_exit': 73, 'min_adx': 15, 'allowed_hours': [], 'risk_pct': 0.01, 'max_hold_bars': 144, 'use_trail': True, 'trail_ema': 21, 'tp_atr_mult': 2.5, 'stop_extra': 0.002}",7,0.2857,-11.7115,0.3089,-1.6731,0.2534,-9.7069,0.0027,0.0026,2988.29,-0.8368960000000001
HYPE-USDT,EMASTACK,"{'max_pb': 0.005, 'vol_thresh': 1.5, 'rsi_lo': 38, 'rsi_hi': 66, 'rsi_exit': 73, 'min_adx': 15, 'allowed_hours': [], 'risk_pct': 0.01, 'max_hold_bars': 144, 'use_trail': True, 'trail_ema': 21, 'tp_atr_mult': 2.5, 'stop_extra': 0.002}",7,0.2857,-11.7115,0.3089,-1.6731,0.2534,-9.7069,0.0027,0.0026,2988.29,-0.8368960000000001
HYPE-USDT,EMASTACK,"{'max_pb': 0.015, 'vol_thresh': 1.5, 'rsi_lo': 38, 'rsi_hi': 66, 'rsi_exit': 73, 'min_adx': 15, 'allowed_hours': [], 'risk_pct': 0.01, 'max_hold_bars': 144, 'use_trail': True, 'trail_ema': 21, 'tp_atr_mult': 2.5, 'stop_extra': 0.002}",7,0.2857,-11.7115,0.3089,-1.6731,0.2534,-9.7069,0.0027,0.0026,2988.29,-0.8368960000000001
ONDO-USDT,MTALIGN,"{'pb_thresh': 0.005, 'vol_thresh': 1.1, 'allowed_hours': [], 'tp_atr_mult': 2.5, 'risk_pct': 0.01, 'max_hold_bars': 96, 'use_trail': True, 'trail_ema': 21, 'stop_extra': 0.002}",9,0.2222,-16.5868,0.3211,-1.843,0.2543,-9.3605,0.0035,0.0036,2983.41,-0.8389971999999998
WLD-USDT,VSMO,"{'rsi_lo': 40, 'rsi_hi': 75, 'vol_thresh': 2.0, 'stop_atr_mult': 1.0, 'allowed_hours': [], 'tp_atr_mult': 3.0, 'risk_pct': 0.01, 'max_hold_bars': 144, 'use_trail': True, 'trail_ema': 21}",5,0.2,-2.0976,0.2799,-0.4195,0.2512,-10.577,0.0024,0.0015,2997.9,-0.8397403999999999
WLD-USDT,VSMO,"{'rsi_lo': 40, 'rsi_hi': 75, 'vol_thresh': 2.0, 'stop_atr_mult': 2.0, 'allowed_hours': [], 'tp_atr_mult': 3.0, 'risk_pct': 0.01, 'max_hold_bars': 144, 'use_trail': True, 'trail_ema': 21}",5,0.2,-2.0976,0.2799,-0.4195,0.2512,-10.577,0.0024,0.0015,2997.9,-0.8397403999999999
WLD-USDT,VSMO,"{'rsi_lo': 40, 'rsi_hi': 75, 'vol_thresh': 2.0, 'stop_atr_mult': 1.5, 'allowed_hours': [], 'tp_atr_mult': 3.0, 'risk_pct': 0.01, 'max_hold_bars': 144, 'use_trail': True, 'trail_ema': 21}",5,0.2,-2.0976,0.2799,-0.4195,0.2512,-10.577,0.0024,0.0015,2997.9,-0.8397403999999999
AVAX-USDT,MTALIGN,"{'pb_thresh': 0.008, 'vol_thresh': 1.3, 'allowed_hours': [8, 9, 10, 11, 14, 15, 16, 17, 18, 19, 20, 21], 'tp_atr_mult': 2.5, 'risk_pct': 0.01, 'max_hold_bars': 96, 'use_trail': True, 'trail_ema': 21, 'stop_extra': 0.002}",9,0.1111,-20.0861,0.3274,-2.2318,0.255,-8.0117,0.0039,0.0044,2979.91,-0.8442444
AVAX-USDT,MTALIGN,"{'pb_thresh': 0.005, 'vol_thresh': 1.3, 'allowed_hours': [8, 9, 10, 11, 14, 15, 16, 17, 18, 19, 20, 21], 'tp_atr_mult': 2.5, 'risk_pct': 0.01, 'max_hold_bars': 96, 'use_trail': True, 'trail_ema': 21, 'stop_extra': 0.002}",9,0.1111,-20.0861,0.3274,-2.2318,0.255,-8.0117,0.0039,0.0044,2979.91,-0.8442444
DOT-USDT,EMASTACK,"{'max_pb': 0.005, 'vol_thresh': 1.2, 'rsi_lo': 38, 'rsi_hi': 66, 'rsi_exit': 73, 'min_adx': 20, 'allowed_hours': [], 'risk_pct': 0.01, 'max_hold_bars': 144, 'use_trail': True, 'trail_ema': 21, 'tp_atr_mult': 2.5, 'stop_extra': 0.002}",9,0.1111,-19.4192,0.3251,-2.1577,0.2563,-8.0929,0.0049,0.0036,2980.58,-0.8463267999999999
DOT-USDT,EMASTACK,"{'max_pb': 0.015, 'vol_thresh': 1.2, 'rsi_lo': 38, 'rsi_hi': 66, 'rsi_exit': 73, 'min_adx': 20, 'allowed_hours': [], 'risk_pct': 0.01, 'max_hold_bars': 144, 'use_trail': True, 'trail_ema': 21, 'tp_atr_mult': 2.5, 'stop_extra': 0.002}",9,0.1111,-19.4192,0.3251,-2.1577,0.2563,-8.0929,0.0049,0.0036,2980.58,-0.8463267999999999
DOT-USDT,EMASTACK,"{'max_pb': 0.01, 'vol_thresh': 1.2, 'rsi_lo': 38, 'rsi_hi': 66, 'rsi_exit': 73, 'min_adx': 20, 'allowed_hours': [], 'risk_pct': 0.01, 'max_hold_bars': 144, 'use_trail': True, 'trail_ema': 21, 'tp_atr_mult': 2.5, 'stop_extra': 0.002}",9,0.1111,-19.4192,0.3251,-2.1577,0.2563,-8.0929,0.0049,0.0036,2980.58,-0.8463267999999999
FIL-USDT,HVOL,"{'min_adx': 25, 'vol_thresh': 1.3, 'max_ext': 0.02, 'adx_exit': 20, 'allowed_hours': [], 'risk_pct': 0.01, 'max_hold_bars': 120, 'use_trail': False, 'tp_atr_mult': 2.5}",26,0.1923,-57.3776,0.4308,-2.2068,0.2645,-5.0806,0.0102,0.0056,2942.62,-0.8478104
FIL-USDT,HVOL,"{'min_adx': 25, 'vol_thresh': 1.3, 'max_ext': 0.03, 'adx_exit': 20, 'allowed_hours': [], 'risk_pct': 0.01, 'max_hold_bars': 120, 'use_trail': False, 'tp_atr_mult': 2.5}",26,0.1923,-57.3776,0.4308,-2.2068,0.2645,-5.0806,0.0102,0.0056,2942.62,-0.8478104
FIL-USDT,HVOL,"{'min_adx': 25, 'vol_thresh': 1.3, 'max_ext': 0.01, 'adx_exit': 20, 'allowed_hours': [], 'risk_pct': 0.01, 'max_hold_bars': 120, 'use_trail': False, 'tp_atr_mult': 2.5}",26,0.1923,-57.3776,0.4308,-2.2068,0.2645,-5.0806,0.0102,0.0056,2942.62,-0.8478104
WLD-USDT,HVOL,"{'min_adx': 25, 'vol_thresh': 2.0, 'max_ext': 0.02, 'adx_exit': 20, 'allowed_hours': [], 'risk_pct': 0.01, 'max_hold_bars': 120, 'use_trail': False, 'tp_atr_mult': 2.5}",10,0.3,-30.5207,0.3562,-3.0521,0.2605,-6.7948,0.0072,0.0072,2969.48,-0.8482828
WLD-USDT,HVOL,"{'min_adx': 25, 'vol_thresh': 2.0, 'max_ext': 0.03, 'adx_exit': 20, 'allowed_hours': [], 'risk_pct': 0.01, 'max_hold_bars': 120, 'use_trail': False, 'tp_atr_mult': 2.5}",10,0.3,-30.5207,0.3562,-3.0521,0.2605,-6.7948,0.0072,0.0072,2969.48,-0.8482828
SUI-USDT,MTALIGN,"{'pb_thresh': 0.008, 'vol_thresh': 1.5, 'allowed_hours': [], 'tp_atr_mult': 2.5, 'risk_pct': 0.01, 'max_hold_bars': 96, 'use_trail': True, 'trail_ema': 21, 'stop_extra': 0.002}",8,0.25,-14.5357,0.3093,-1.817,0.2545,-8.0363,0.005,0.0045,2985.46,-0.8486928
ADA-USDT,HVOL,"{'min_adx': 20, 'vol_thresh': 1.3, 'max_ext': 0.02, 'adx_exit': 25, 'allowed_hours': [], 'risk_pct': 0.01, 'max_hold_bars': 120, 'use_trail': False, 'tp_atr_mult': 2.5}",26,0.2692,-65.9517,0.4543,-2.5366,0.2708,-5.3057,0.0108,0.0059,2934.05,-0.8531567999999998
ADA-USDT,HVOL,"{'min_adx': 20, 'vol_thresh': 1.3, 'max_ext': 0.03, 'adx_exit': 25, 'allowed_hours': [], 'risk_pct': 0.01, 'max_hold_bars': 120, 'use_trail': False, 'tp_atr_mult': 2.5}",26,0.2692,-65.9517,0.4543,-2.5366,0.2708,-5.3057,0.0108,0.0059,2934.05,-0.8531567999999998
ONDO-USDT,HVOL,"{'min_adx': 30, 'vol_thresh': 1.5, 'max_ext': 0.03, 'adx_exit': 25, 'allowed_hours': [], 'risk_pct': 0.01, 'max_hold_bars': 120, 'use_trail': False, 'tp_atr_mult': 2.5}",22,0.1364,-57.6337,0.4308,-2.6197,0.2701,-5.045,0.0088,0.0063,2942.37,-0.8544348000000002
ONDO-USDT,HVOL,"{'min_adx': 30, 'vol_thresh': 1.5, 'max_ext': 0.02, 'adx_exit': 25, 'allowed_hours': [], 'risk_pct': 0.01, 'max_hold_bars': 120, 'use_trail': False, 'tp_atr_mult': 2.5}",22,0.1364,-57.6337,0.4308,-2.6197,0.2701,-5.045,0.0088,0.0063,2942.37,-0.8544348000000002
DOT-USDT,EMASTACK,"{'max_pb': 0.015, 'vol_thresh': 2.0, 'rsi_lo': 50, 'rsi_hi': 78, 'rsi_exit': 85, 'min_adx': 25, 'allowed_hours': [], 'risk_pct': 0.01, 'max_hold_bars': 144, 'use_trail': True, 'trail_ema': 21, 'tp_atr_mult': 2.5, 'stop_extra': 0.002}",5,0.4,-25.4428,0.3353,-5.0886,0.2597,-6.8302,0.0267,0.0138,2974.56,-0.8585212000000002
AVAX-USDT,MTALIGN,"{'pb_thresh': 0.005, 'vol_thresh': 1.1, 'allowed_hours': [], 'tp_atr_mult': 2.5, 'risk_pct': 0.01, 'max_hold_bars': 96, 'use_trail': True, 'trail_ema': 21, 'stop_extra': 0.002}",20,0.2,-32.2143,0.3518,-1.6107,0.2587,-7.1956,0.0036,0.0033,2967.79,-0.8598572
ONDO-USDT,EMASTACK,"{'max_pb': 0.015, 'vol_thresh': 1.2, 'rsi_lo': 50, 'rsi_hi': 78, 'rsi_exit': 85, 'min_adx': 15, 'allowed_hours': [], 'risk_pct': 0.01, 'max_hold_bars': 144, 'use_trail': True, 'trail_ema': 21, 'tp_atr_mult': 2.5, 'stop_extra': 0.002}",5,0.2,-9.9496,0.2873,-1.9899,0.2529,-9.8583,0.0041,0.0035,2990.05,-0.8617484
ONDO-USDT,EMASTACK,"{'max_pb': 0.015, 'vol_thresh': 1.2, 'rsi_lo': 38, 'rsi_hi': 66, 'rsi_exit': 73, 'min_adx': 15, 'allowed_hours': [], 'risk_pct': 0.01, 'max_hold_bars': 144, 'use_trail': True, 'trail_ema': 21, 'tp_atr_mult': 2.5, 'stop_extra': 0.002}",5,0.2,-9.9496,0.2873,-1.9899,0.2529,-9.8583,0.0041,0.0035,2990.05,-0.8617484
ONDO-USDT,EMASTACK,"{'max_pb': 0.01, 'vol_thresh': 1.2, 'rsi_lo': 50, 'rsi_hi': 78, 'rsi_exit': 85, 'min_adx': 15, 'allowed_hours': [], 'risk_pct': 0.01, 'max_hold_bars': 144, 'use_trail': True, 'trail_ema': 21, 'tp_atr_mult': 2.5, 'stop_extra': 0.002}",5,0.2,-9.9496,0.2873,-1.9899,0.2529,-9.8583,0.0041,0.0035,2990.05,-0.8617484
ONDO-USDT,EMASTACK,"{'max_pb': 0.01, 'vol_thresh': 1.2, 'rsi_lo': 38, 'rsi_hi': 66, 'rsi_exit': 73, 'min_adx': 15, 'allowed_hours': [], 'risk_pct': 0.01, 'max_hold_bars': 144, 'use_trail': True, 'trail_ema': 21, 'tp_atr_mult': 2.5, 'stop_extra': 0.002}",5,0.2,-9.9496,0.2873,-1.9899,0.2529,-9.8583,0.0041,0.0035,2990.05,-0.8617484
ONDO-USDT,EMASTACK,"{'max_pb': 0.015, 'vol_thresh': 1.2, 'rsi_lo': 45, 'rsi_hi': 73, 'rsi_exit': 80, 'min_adx': 15, 'allowed_hours': [], 'risk_pct': 0.01, 'max_hold_bars': 144, 'use_trail': True, 'trail_ema': 21, 'tp_atr_mult': 2.5, 'stop_extra': 0.002}",5,0.2,-9.9496,0.2873,-1.9899,0.2529,-9.8583,0.0041,0.0035,2990.05,-0.8617484
ONDO-USDT,EMASTACK,"{'max_pb': 0.01, 'vol_thresh': 1.2, 'rsi_lo': 45, 'rsi_hi': 73, 'rsi_exit': 80, 'min_adx': 15, 'allowed_hours': [], 'risk_pct': 0.01, 'max_hold_bars': 144, 'use_trail': True, 'trail_ema': 21, 'tp_atr_mult': 2.5, 'stop_extra': 0.002}",5,0.2,-9.9496,0.2873,-1.9899,0.2529,-9.8583,0.0041,0.0035,2990.05,-0.8617484
FIL-USDT,HVOL,"{'min_adx': 30, 'vol_thresh': 1.3, 'max_ext': 0.02, 'adx_exit': 25, 'allowed_hours': [], 'risk_pct': 0.01, 'max_hold_bars': 120, 'use_trail': False, 'tp_atr_mult': 2.5}",18,0.2778,-42.9532,0.3803,-2.3863,0.261,-5.6688,0.0111,0.0064,2957.05,-0.8623628
FIL-USDT,HVOL,"{'min_adx': 30, 'vol_thresh': 1.3, 'max_ext': 0.03, 'adx_exit': 25, 'allowed_hours': [], 'risk_pct': 0.01, 'max_hold_bars': 120, 'use_trail': False, 'tp_atr_mult': 2.5}",18,0.2778,-42.9532,0.3803,-2.3863,0.261,-5.6688,0.0111,0.0064,2957.05,-0.8623628
FIL-USDT,HVOL,"{'min_adx': 30, 'vol_thresh': 1.3, 'max_ext': 0.01, 'adx_exit': 25, 'allowed_hours': [], 'risk_pct': 0.01, 'max_hold_bars': 120, 'use_trail': False, 'tp_atr_mult': 2.5}",18,0.2778,-42.9532,0.3803,-2.3863,0.261,-5.6688,0.0111,0.0064,2957.05,-0.8623628
AVAX-USDT,MTALIGN,"{'pb_thresh': 0.005, 'vol_thresh': 1.5, 'allowed_hours': [8, 9, 10, 11, 14, 15, 16, 17, 18, 19, 20, 21], 'tp_atr_mult': 2.5, 'risk_pct': 0.01, 'max_hold_bars': 96, 'use_trail': True, 'trail_ema': 21, 'stop_extra': 0.002}",9,0.1111,-21.0249,0.3174,-2.3361,0.2552,-8.3576,0.0037,0.0046,2978.98,-0.8631995999999997
AVAX-USDT,MTALIGN,"{'pb_thresh': 0.008, 'vol_thresh': 1.5, 'allowed_hours': [8, 9, 10, 11, 14, 15, 16, 17, 18, 19, 20, 21], 'tp_atr_mult': 2.5, 'risk_pct': 0.01, 'max_hold_bars': 96, 'use_trail': True, 'trail_ema': 21, 'stop_extra': 0.002}",9,0.1111,-21.0249,0.3174,-2.3361,0.2552,-8.3576,0.0037,0.0046,2978.98,-0.8631995999999997
HYPE-USDT,EMASTACK,"{'max_pb': 0.005, 'vol_thresh': 1.5, 'rsi_lo': 50, 'rsi_hi': 78, 'rsi_exit': 85, 'min_adx': 15, 'allowed_hours': [], 'risk_pct': 0.01, 'max_hold_bars': 144, 'use_trail': True, 'trail_ema': 21, 'tp_atr_mult': 2.5, 'stop_extra': 0.002}",7,0.2857,-11.9975,0.2919,-1.7139,0.2534,-9.4746,0.003,0.0026,2988.0,-0.86354
HYPE-USDT,EMASTACK,"{'max_pb': 0.005, 'vol_thresh': 1.5, 'rsi_lo': 45, 'rsi_hi': 73, 'rsi_exit': 80, 'min_adx': 15, 'allowed_hours': [], 'risk_pct': 0.01, 'max_hold_bars': 144, 'use_trail': True, 'trail_ema': 21, 'tp_atr_mult': 2.5, 'stop_extra': 0.002}",7,0.2857,-11.9975,0.2919,-1.7139,0.2534,-9.4746,0.003,0.0026,2988.0,-0.86354
HYPE-USDT,EMASTACK,"{'max_pb': 0.015, 'vol_thresh': 1.5, 'rsi_lo': 45, 'rsi_hi': 73, 'rsi_exit': 80, 'min_adx': 15, 'allowed_hours': [], 'risk_pct': 0.01, 'max_hold_bars': 144, 'use_trail': True, 'trail_ema': 21, 'tp_atr_mult': 2.5, 'stop_extra': 0.002}",7,0.2857,-11.9975,0.2919,-1.7139,0.2534,-9.4746,0.003,0.0026,2988.0,-0.86354
HYPE-USDT,EMASTACK,"{'max_pb': 0.01, 'vol_thresh': 1.5, 'rsi_lo': 45, 'rsi_hi': 73, 'rsi_exit': 80, 'min_adx': 15, 'allowed_hours': [], 'risk_pct': 0.01, 'max_hold_bars': 144, 'use_trail': True, 'trail_ema': 21, 'tp_atr_mult': 2.5, 'stop_extra': 0.002}",7,0.2857,-11.9975,0.2919,-1.7139,0.2534,-9.4746,0.003,0.0026,2988.0,-0.86354
HYPE-USDT,EMASTACK,"{'max_pb': 0.01, 'vol_thresh': 1.5, 'rsi_lo': 50, 'rsi_hi': 78, 'rsi_exit': 85, 'min_adx': 15, 'allowed_hours': [], 'risk_pct': 0.01, 'max_hold_bars': 144, 'use_trail': True, 'trail_ema': 21, 'tp_atr_mult': 2.5, 'stop_extra': 0.002}",7,0.2857,-11.9975,0.2919,-1.7139,0.2534,-9.4746,0.003,0.0026,2988.0,-0.86354
HYPE-USDT,EMASTACK,"{'max_pb': 0.015, 'vol_thresh': 1.5, 'rsi_lo': 50, 'rsi_hi': 78, 'rsi_exit': 85, 'min_adx': 15, 'allowed_hours': [], 'risk_pct': 0.01, 'max_hold_bars': 144, 'use_trail': True, 'trail_ema': 21, 'tp_atr_mult': 2.5, 'stop_extra': 0.002}",7,0.2857,-11.9975,0.2919,-1.7139,0.2534,-9.4746,0.003,0.0026,2988.0,-0.86354
ADA-USDT,HVOL,"{'min_adx': 25, 'vol_thresh': 2.0, 'max_ext': 0.03, 'adx_exit': 25, 'allowed_hours': [], 'risk_pct': 0.01, 'max_hold_bars': 120, 'use_trail': False, 'tp_atr_mult': 2.5}",20,0.25,-56.5402,0.4173,-2.827,0.2651,-5.4833,0.0116,0.0069,2943.46,-0.8653107999999998
ADA-USDT,HVOL,"{'min_adx': 25, 'vol_thresh': 2.0, 'max_ext': 0.02, 'adx_exit': 25, 'allowed_hours': [], 'risk_pct': 0.01, 'max_hold_bars': 120, 'use_trail': False, 'tp_atr_mult': 2.5}",20,0.25,-56.5402,0.4173,-2.827,0.2651,-5.4833,0.0116,0.0069,2943.46,-0.8653107999999998
ADA-USDT,HVOL,"{'min_adx': 20, 'vol_thresh': 1.5, 'max_ext': 0.01, 'adx_exit': 25, 'allowed_hours': [], 'risk_pct': 0.01, 'max_hold_bars': 120, 'use_trail': False, 'tp_atr_mult': 2.5}",24,0.2917,-68.0889,0.451,-2.837,0.2698,-5.2934,0.011,0.0069,2931.91,-0.8656556
DOT-USDT,MTALIGN,"{'pb_thresh': 0.005, 'vol_thresh': 1.5, 'allowed_hours': [], 'tp_atr_mult': 2.5, 'risk_pct': 0.01, 'max_hold_bars': 96, 'use_trail': True, 'trail_ema': 21, 'stop_extra': 0.002}",12,0.1667,-21.828,0.3198,-1.819,0.2583,-8.6426,0.0045,0.0031,2978.17,-0.865912
APT-USDT,EMASTACK,"{'max_pb': 0.015, 'vol_thresh': 1.5, 'rsi_lo': 38, 'rsi_hi': 66, 'rsi_exit': 73, 'min_adx': 15, 'allowed_hours': [8, 9, 10, 14, 15, 16, 17, 18, 19, 20, 21], 'risk_pct': 0.01, 'max_hold_bars': 144, 'use_trail': True, 'trail_ema': 21, 'tp_atr_mult': 2.5, 'stop_extra': 0.002}",5,0.2,-32.034,0.347,-6.4068,0.2623,-7.6642,0.0217,0.019,2967.97,-0.8699359999999999
APT-USDT,EMASTACK,"{'max_pb': 0.01, 'vol_thresh': 1.5, 'rsi_lo': 38, 'rsi_hi': 66, 'rsi_exit': 73, 'min_adx': 15, 'allowed_hours': [8, 9, 10, 14, 15, 16, 17, 18, 19, 20, 21], 'risk_pct': 0.01, 'max_hold_bars': 144, 'use_trail': True, 'trail_ema': 21, 'tp_atr_mult': 2.5, 'stop_extra': 0.002}",5,0.2,-32.034,0.347,-6.4068,0.2623,-7.6642,0.0217,0.019,2967.97,-0.8699359999999999
HYPE-USDT,MTALIGN,"{'pb_thresh': 0.005, 'vol_thresh': 1.5, 'allowed_hours': [14, 15, 16, 17, 18, 19], 'tp_atr_mult': 2.5, 'risk_pct': 0.01, 'max_hold_bars': 96, 'use_trail': True, 'trail_ema': 21, 'stop_extra': 0.002}",6,0.1667,-11.9254,0.2865,-1.9876,0.2542,-10.2158,0.0025,0.0028,2988.07,-0.8721516
HYPE-USDT,MTALIGN,"{'pb_thresh': 0.005, 'vol_thresh': 1.3, 'allowed_hours': [14, 15, 16, 17, 18, 19], 'tp_atr_mult': 2.5, 'risk_pct': 0.01, 'max_hold_bars': 96, 'use_trail': True, 'trail_ema': 21, 'stop_extra': 0.002}",6,0.1667,-11.9254,0.2865,-1.9876,0.2542,-10.2158,0.0025,0.0028,2988.07,-0.8721516
HYPE-USDT,EMASTACK,"{'max_pb': 0.015, 'vol_thresh': 1.2, 'rsi_lo': 38, 'rsi_hi': 66, 'rsi_exit': 73, 'min_adx': 15, 'allowed_hours': [], 'risk_pct': 0.01, 'max_hold_bars': 144, 'use_trail': True, 'trail_ema': 21, 'tp_atr_mult': 2.5, 'stop_extra': 0.002}",8,0.25,-12.9552,0.2877,-1.6194,0.2534,-10.0323,0.003,0.0023,2987.04,-0.8736708
HYPE-USDT,EMASTACK,"{'max_pb': 0.005, 'vol_thresh': 1.2, 'rsi_lo': 38, 'rsi_hi': 66, 'rsi_exit': 73, 'min_adx': 15, 'allowed_hours': [], 'risk_pct': 0.01, 'max_hold_bars': 144, 'use_trail': True, 'trail_ema': 21, 'tp_atr_mult': 2.5, 'stop_extra': 0.002}",8,0.25,-12.9552,0.2877,-1.6194,0.2534,-10.0323,0.003,0.0023,2987.04,-0.8736708
HYPE-USDT,EMASTACK,"{'max_pb': 0.01, 'vol_thresh': 1.2, 'rsi_lo': 38, 'rsi_hi': 66, 'rsi_exit': 73, 'min_adx': 15, 'allowed_hours': [], 'risk_pct': 0.01, 'max_hold_bars': 144, 'use_trail': True, 'trail_ema': 21, 'tp_atr_mult': 2.5, 'stop_extra': 0.002}",8,0.25,-12.9552,0.2877,-1.6194,0.2534,-10.0323,0.003,0.0023,2987.04,-0.8736708
DOT-USDT,MTALIGN,"{'pb_thresh': 0.008, 'vol_thresh': 2.0, 'allowed_hours': [], 'tp_atr_mult': 2.5, 'risk_pct': 0.01, 'max_hold_bars': 96, 'use_trail': True, 'trail_ema': 21, 'stop_extra': 0.002}",11,0.1818,-22.2676,0.3154,-2.0243,0.2584,-8.3073,0.0064,0.004,2977.73,-0.8743704000000001
FIL-USDT,HVOL,"{'min_adx': 30, 'vol_thresh': 1.3, 'max_ext': 0.02, 'adx_exit': 20, 'allowed_hours': [], 'risk_pct': 0.01, 'max_hold_bars': 120, 'use_trail': False, 'tp_atr_mult': 2.5}",18,0.2778,-44.1247,0.3738,-2.4514,0.2613,-5.6075,0.0118,0.0065,2955.88,-0.8770987999999997
FIL-USDT,HVOL,"{'min_adx': 30, 'vol_thresh': 1.3, 'max_ext': 0.01, 'adx_exit': 15, 'allowed_hours': [], 'risk_pct': 0.01, 'max_hold_bars': 120, 'use_trail': False, 'tp_atr_mult': 2.5}",18,0.2778,-44.1247,0.3738,-2.4514,0.2613,-5.6075,0.0118,0.0065,2955.88,-0.8770987999999997
FIL-USDT,HVOL,"{'min_adx': 30, 'vol_thresh': 1.3, 'max_ext': 0.02, 'adx_exit': 15, 'allowed_hours': [], 'risk_pct': 0.01, 'max_hold_bars': 120, 'use_trail': False, 'tp_atr_mult': 2.5}",18,0.2778,-44.1247,0.3738,-2.4514,0.2613,-5.6075,0.0118,0.0065,2955.88,-0.8770987999999997
FIL-USDT,HVOL,"{'min_adx': 30, 'vol_thresh': 1.3, 'max_ext': 0.03, 'adx_exit': 20, 'allowed_hours': [], 'risk_pct': 0.01, 'max_hold_bars': 120, 'use_trail': False, 'tp_atr_mult': 2.5}",18,0.2778,-44.1247,0.3738,-2.4514,0.2613,-5.6075,0.0118,0.0065,2955.88,-0.8770987999999997
FIL-USDT,HVOL,"{'min_adx': 30, 'vol_thresh': 1.3, 'max_ext': 0.01, 'adx_exit': 20, 'allowed_hours': [], 'risk_pct': 0.01, 'max_hold_bars': 120, 'use_trail': False, 'tp_atr_mult': 2.5}",18,0.2778,-44.1247,0.3738,-2.4514,0.2613,-5.6075,0.0118,0.0065,2955.88,-0.8770987999999997
FIL-USDT,HVOL,"{'min_adx': 30, 'vol_thresh': 1.3, 'max_ext': 0.03, 'adx_exit': 15, 'allowed_hours': [], 'risk_pct': 0.01, 'max_hold_bars': 120, 'use_trail': False, 'tp_atr_mult': 2.5}",18,0.2778,-44.1247,0.3738,-2.4514,0.2613,-5.6075,0.0118,0.0065,2955.88,-0.8770987999999997
ADA-USDT,HVOL,"{'min_adx': 25, 'vol_thresh': 1.5, 'max_ext': 0.01, 'adx_exit': 20, 'allowed_hours': [], 'risk_pct': 0.01, 'max_hold_bars': 120, 'use_trail': False, 'tp_atr_mult': 2.5}",23,0.2609,-67.9317,0.4422,-2.9536,0.269,-5.4764,0.0108,0.0073,2932.07,-0.8774268000000002
SUI-USDT,HVOL,"{'min_adx': 20, 'vol_thresh': 2.0, 'max_ext': 0.01, 'adx_exit': 20, 'allowed_hours': [], 'risk_pct': 0.01, 'max_hold_bars': 120, 'use_trail': False, 'tp_atr_mult': 2.5}",18,0.2778,-45.8418,0.3786,-2.5468,0.263,-6.7344,0.0084,0.0067,2954.16,-0.8784672
SUI-USDT,HVOL,"{'min_adx': 20, 'vol_thresh': 2.0, 'max_ext': 0.03, 'adx_exit': 20, 'allowed_hours': [], 'risk_pct': 0.01, 'max_hold_bars': 120, 'use_trail': False, 'tp_atr_mult': 2.5}",18,0.2778,-45.8418,0.3786,-2.5468,0.263,-6.7344,0.0084,0.0067,2954.16,-0.8784672
SUI-USDT,HVOL,"{'min_adx': 20, 'vol_thresh': 2.0, 'max_ext': 0.02, 'adx_exit': 20, 'allowed_hours': [], 'risk_pct': 0.01, 'max_hold_bars': 120, 'use_trail': False, 'tp_atr_mult': 2.5}",18,0.2778,-45.8418,0.3786,-2.5468,0.263,-6.7344,0.0084,0.0067,2954.16,-0.8784672
ADA-USDT,HVOL,"{'min_adx': 30, 'vol_thresh': 1.3, 'max_ext': 0.03, 'adx_exit': 25, 'allowed_hours': [], 'risk_pct': 0.01, 'max_hold_bars': 120, 'use_trail': False, 'tp_atr_mult': 2.5}",21,0.2381,-61.3454,0.4212,-2.9212,0.2675,-5.9894,0.0109,0.0064,2938.65,-0.8810816000000001
ADA-USDT,HVOL,"{'min_adx': 30, 'vol_thresh': 1.3, 'max_ext': 0.02, 'adx_exit': 25, 'allowed_hours': [], 'risk_pct': 0.01, 'max_hold_bars': 120, 'use_trail': False, 'tp_atr_mult': 2.5}",21,0.2381,-61.3454,0.4212,-2.9212,0.2675,-5.9894,0.0109,0.0064,2938.65,-0.8810816000000001
UNI-USDT,HVOL,"{'min_adx': 30, 'vol_thresh': 2.0, 'max_ext': 0.01, 'adx_exit': 25, 'allowed_hours': [], 'risk_pct': 0.01, 'max_hold_bars': 120, 'use_trail': False, 'tp_atr_mult': 2.5}",7,0.2857,-15.5614,0.2907,-2.2231,0.2552,-9.0501,0.0062,0.005,2984.44,-0.8813955999999998
UNI-USDT,HVOL,"{'min_adx': 30, 'vol_thresh': 2.0, 'max_ext': 0.02, 'adx_exit': 20, 'allowed_hours': [], 'risk_pct': 0.01, 'max_hold_bars': 120, 'use_trail': False, 'tp_atr_mult': 2.5}",7,0.2857,-15.5614,0.2907,-2.2231,0.2552,-9.0501,0.0062,0.005,2984.44,-0.8813955999999998
UNI-USDT,HVOL,"{'min_adx': 30, 'vol_thresh': 2.0, 'max_ext': 0.02, 'adx_exit': 25, 'allowed_hours': [], 'risk_pct': 0.01, 'max_hold_bars': 120, 'use_trail': False, 'tp_atr_mult': 2.5}",7,0.2857,-15.5614,0.2907,-2.2231,0.2552,-9.0501,0.0062,0.005,2984.44,-0.8813955999999998
UNI-USDT,HVOL,"{'min_adx': 30, 'vol_thresh': 2.0, 'max_ext': 0.03, 'adx_exit': 20, 'allowed_hours': [], 'risk_pct': 0.01, 'max_hold_bars': 120, 'use_trail': False, 'tp_atr_mult': 2.5}",7,0.2857,-15.5614,0.2907,-2.2231,0.2552,-9.0501,0.0062,0.005,2984.44,-0.8813955999999998
UNI-USDT,HVOL,"{'min_adx': 30, 'vol_thresh': 2.0, 'max_ext': 0.01, 'adx_exit': 20, 'allowed_hours': [], 'risk_pct': 0.01, 'max_hold_bars': 120, 'use_trail': False, 'tp_atr_mult': 2.5}",7,0.2857,-15.5614,0.2907,-2.2231,0.2552,-9.0501,0.0062,0.005,2984.44,-0.8813955999999998
UNI-USDT,HVOL,"{'min_adx': 30, 'vol_thresh': 2.0, 'max_ext': 0.03, 'adx_exit': 25, 'allowed_hours': [], 'risk_pct': 0.01, 'max_hold_bars': 120, 'use_trail': False, 'tp_atr_mult': 2.5}",7,0.2857,-15.5614,0.2907,-2.2231,0.2552,-9.0501,0.0062,0.005,2984.44,-0.8813955999999998
SUI-USDT,MTALIGN,"{'pb_thresh': 0.005, 'vol_thresh': 1.3, 'allowed_hours': [], 'tp_atr_mult': 2.5, 'risk_pct': 0.01, 'max_hold_bars': 96, 'use_trail': True, 'trail_ema': 21, 'stop_extra': 0.002}",9,0.1111,-15.0445,0.2878,-1.6716,0.254,-8.9706,0.0041,0.0034,2984.96,-0.8824779999999999
ADA-USDT,HVOL,"{'min_adx': 25, 'vol_thresh': 2.0, 'max_ext': 0.02, 'adx_exit': 20, 'allowed_hours': [], 'risk_pct': 0.01, 'max_hold_bars': 120, 'use_trail': False, 'tp_atr_mult': 2.5}",20,0.25,-58.8559,0.4075,-2.9428,0.2657,-5.6767,0.0116,0.0071,2941.14,-0.8898736000000002
ADA-USDT,HVOL,"{'min_adx': 25, 'vol_thresh': 2.0, 'max_ext': 0.03, 'adx_exit': 20, 'allowed_hours': [], 'risk_pct': 0.01, 'max_hold_bars': 120, 'use_trail': False, 'tp_atr_mult': 2.5}",20,0.25,-58.8559,0.4075,-2.9428,0.2657,-5.6767,0.0116,0.0071,2941.14,-0.8898736000000002
APT-USDT,RVOL,"{'vol_thresh': 2.5, 'min_roc': 1.0, 'max_rsi': 75, 'min_adx': 18, 'stop_atr_mult': 1.5, 'rsi_exit': 80, 'allowed_hours': [14, 15, 16, 17, 18, 19, 20, 21], 'risk_pct': 0.01, 'max_hold_bars': 72, 'use_trail': True, 'trail_pct': 0.02, 'tp_atr_mult': 3.0}",5,0.2,-34.5698,0.3417,-6.914,0.2649,-8.7527,0.0131,0.0249,2965.43,-0.8906292
APT-USDT,RVOL,"{'vol_thresh': 2.5, 'min_roc': 1.5, 'max_rsi': 75, 'min_adx': 18, 'stop_atr_mult': 2.0, 'rsi_exit': 80, 'allowed_hours': [14, 15, 16, 17, 18, 19, 20, 21], 'risk_pct': 0.01, 'max_hold_bars': 72, 'use_trail': True, 'trail_pct': 0.02, 'tp_atr_mult': 3.0}",5,0.2,-34.5698,0.3417,-6.914,0.2649,-8.7527,0.0131,0.0249,2965.43,-0.8906292
APT-USDT,RVOL,"{'vol_thresh': 2.5, 'min_roc': 1.5, 'max_rsi': 75, 'min_adx': 18, 'stop_atr_mult': 1.5, 'rsi_exit': 80, 'allowed_hours': [14, 15, 16, 17, 18, 19, 20, 21], 'risk_pct': 0.01, 'max_hold_bars': 72, 'use_trail': True, 'trail_pct': 0.02, 'tp_atr_mult': 3.0}",5,0.2,-34.5698,0.3417,-6.914,0.2649,-8.7527,0.0131,0.0249,2965.43,-0.8906292
APT-USDT,RVOL,"{'vol_thresh': 2.5, 'min_roc': 1.0, 'max_rsi': 75, 'min_adx': 18, 'stop_atr_mult': 2.0, 'rsi_exit': 80, 'allowed_hours': [14, 15, 16, 17, 18, 19, 20, 21], 'risk_pct': 0.01, 'max_hold_bars': 72, 'use_trail': True, 'trail_pct': 0.02, 'tp_atr_mult': 3.0}",5,0.2,-34.5698,0.3417,-6.914,0.2649,-8.7527,0.0131,0.0249,2965.43,-0.8906292
WLD-USDT,HVOL,"{'min_adx': 25, 'vol_thresh': 2.0, 'max_ext': 0.02, 'adx_exit': 15, 'allowed_hours': [], 'risk_pct': 0.01, 'max_hold_bars': 120, 'use_trail': False, 'tp_atr_mult': 2.5}",10,0.3,-33.4477,0.3353,-3.3448,0.2612,-7.1609,0.0072,0.0072,2966.55,-0.8920408000000001
WLD-USDT,HVOL,"{'min_adx': 25, 'vol_thresh': 2.0, 'max_ext': 0.03, 'adx_exit': 15, 'allowed_hours': [], 'risk_pct': 0.01, 'max_hold_bars': 120, 'use_trail': False, 'tp_atr_mult': 2.5}",10,0.3,-33.4477,0.3353,-3.3448,0.2612,-7.1609,0.0072,0.0072,2966.55,-0.8920408000000001
ONDO-USDT,HVOL,"{'min_adx': 30, 'vol_thresh': 1.5, 'max_ext': 0.03, 'adx_exit': 20, 'allowed_hours': [], 'risk_pct': 0.01, 'max_hold_bars': 120, 'use_trail': False, 'tp_atr_mult': 2.5}",22,0.1364,-61.206,0.4158,-2.7821,0.271,-5.3576,0.0088,0.0065,2938.79,-0.8921239999999999
ONDO-USDT,HVOL,"{'min_adx': 30, 'vol_thresh': 1.5, 'max_ext': 0.02, 'adx_exit': 20, 'allowed_hours': [], 'risk_pct': 0.01, 'max_hold_bars': 120, 'use_trail': False, 'tp_atr_mult': 2.5}",22,0.1364,-61.206,0.4158,-2.7821,0.271,-5.3576,0.0088,0.0065,2938.79,-0.8921239999999999
ADA-USDT,HVOL,"{'min_adx': 20, 'vol_thresh': 1.3, 'max_ext': 0.03, 'adx_exit': 20, 'allowed_hours': [], 'risk_pct': 0.01, 'max_hold_bars': 120, 'use_trail': False, 'tp_atr_mult': 2.5}",26,0.2692,-70.5961,0.4374,-2.7152,0.272,-5.6219,0.0108,0.0063,2929.4,-0.8982844000000001
ADA-USDT,HVOL,"{'min_adx': 20, 'vol_thresh': 1.3, 'max_ext': 0.02, 'adx_exit': 20, 'allowed_hours': [], 'risk_pct': 0.01, 'max_hold_bars': 120, 'use_trail': False, 'tp_atr_mult': 2.5}",26,0.2692,-70.5961,0.4374,-2.7152,0.272,-5.6219,0.0108,0.0063,2929.4,-0.8982844000000001
HYPE-USDT,EMASTACK,"{'max_pb': 0.005, 'vol_thresh': 1.2, 'rsi_lo': 45, 'rsi_hi': 73, 'rsi_exit': 80, 'min_adx': 15, 'allowed_hours': [], 'risk_pct': 0.01, 'max_hold_bars': 144, 'use_trail': True, 'trail_ema': 21, 'tp_atr_mult': 2.5, 'stop_extra': 0.002}",8,0.25,-13.2412,0.272,-1.6551,0.2535,-9.7673,0.0032,0.0023,2986.76,-0.8984647999999998
HYPE-USDT,EMASTACK,"{'max_pb': 0.01, 'vol_thresh': 1.2, 'rsi_lo': 50, 'rsi_hi': 78, 'rsi_exit': 85, 'min_adx': 15, 'allowed_hours': [], 'risk_pct': 0.01, 'max_hold_bars': 144, 'use_trail': True, 'trail_ema': 21, 'tp_atr_mult': 2.5, 'stop_extra': 0.002}",8,0.25,-13.2412,0.272,-1.6551,0.2535,-9.7673,0.0032,0.0023,2986.76,-0.8984647999999998
HYPE-USDT,EMASTACK,"{'max_pb': 0.005, 'vol_thresh': 1.2, 'rsi_lo': 50, 'rsi_hi': 78, 'rsi_exit': 85, 'min_adx': 15, 'allowed_hours': [], 'risk_pct': 0.01, 'max_hold_bars': 144, 'use_trail': True, 'trail_ema': 21, 'tp_atr_mult': 2.5, 'stop_extra': 0.002}",8,0.25,-13.2412,0.272,-1.6551,0.2535,-9.7673,0.0032,0.0023,2986.76,-0.8984647999999998
HYPE-USDT,EMASTACK,"{'max_pb': 0.01, 'vol_thresh': 1.2, 'rsi_lo': 45, 'rsi_hi': 73, 'rsi_exit': 80, 'min_adx': 15, 'allowed_hours': [], 'risk_pct': 0.01, 'max_hold_bars': 144, 'use_trail': True, 'trail_ema': 21, 'tp_atr_mult': 2.5, 'stop_extra': 0.002}",8,0.25,-13.2412,0.272,-1.6551,0.2535,-9.7673,0.0032,0.0023,2986.76,-0.8984647999999998
HYPE-USDT,EMASTACK,"{'max_pb': 0.015, 'vol_thresh': 1.2, 'rsi_lo': 50, 'rsi_hi': 78, 'rsi_exit': 85, 'min_adx': 15, 'allowed_hours': [], 'risk_pct': 0.01, 'max_hold_bars': 144, 'use_trail': True, 'trail_ema': 21, 'tp_atr_mult': 2.5, 'stop_extra': 0.002}",8,0.25,-13.2412,0.272,-1.6551,0.2535,-9.7673,0.0032,0.0023,2986.76,-0.8984647999999998
HYPE-USDT,EMASTACK,"{'max_pb': 0.015, 'vol_thresh': 1.2, 'rsi_lo': 45, 'rsi_hi': 73, 'rsi_exit': 80, 'min_adx': 15, 'allowed_hours': [], 'risk_pct': 0.01, 'max_hold_bars': 144, 'use_trail': True, 'trail_ema': 21, 'tp_atr_mult': 2.5, 'stop_extra': 0.002}",8,0.25,-13.2412,0.272,-1.6551,0.2535,-9.7673,0.0032,0.0023,2986.76,-0.8984647999999998
BTC-USDT,VSMO,"{'rsi_lo': 45, 'rsi_hi': 80, 'vol_thresh': 1.5, 'stop_atr_mult': 1.5, 'allowed_hours': [], 'tp_atr_mult': 3.0, 'risk_pct': 0.01, 'max_hold_bars': 144, 'use_trail': True, 'trail_ema': 21}",6,0.1667,-7.5616,0.255,-1.2603,0.2516,-11.0807,0.0013,0.0011,2992.44,-0.8993463999999999
DOT-USDT,EMASTACK,"{'max_pb': 0.015, 'vol_thresh': 1.2, 'rsi_lo': 38, 'rsi_hi': 66, 'rsi_exit': 73, 'min_adx': 15, 'allowed_hours': [], 'risk_pct': 0.01, 'max_hold_bars': 144, 'use_trail': True, 'trail_ema': 21, 'tp_atr_mult': 2.5, 'stop_extra': 0.002}",10,0.1,-22.2249,0.2962,-2.2225,0.2563,-8.7766,0.0044,0.0036,2977.78,-0.9008996
DOT-USDT,EMASTACK,"{'max_pb': 0.005, 'vol_thresh': 1.2, 'rsi_lo': 38, 'rsi_hi': 66, 'rsi_exit': 73, 'min_adx': 15, 'allowed_hours': [], 'risk_pct': 0.01, 'max_hold_bars': 144, 'use_trail': True, 'trail_ema': 21, 'tp_atr_mult': 2.5, 'stop_extra': 0.002}",10,0.1,-22.2249,0.2962,-2.2225,0.2563,-8.7766,0.0044,0.0036,2977.78,-0.9008996
DOT-USDT,EMASTACK,"{'max_pb': 0.01, 'vol_thresh': 1.2, 'rsi_lo': 38, 'rsi_hi': 66, 'rsi_exit': 73, 'min_adx': 15, 'allowed_hours': [], 'risk_pct': 0.01, 'max_hold_bars': 144, 'use_trail': True, 'trail_ema': 21, 'tp_atr_mult': 2.5, 'stop_extra': 0.002}",10,0.1,-22.2249,0.2962,-2.2225,0.2563,-8.7766,0.0044,0.0036,2977.78,-0.9008996
ADA-USDT,HVOL,"{'min_adx': 25, 'vol_thresh': 1.5, 'max_ext': 0.01, 'adx_exit': 15, 'allowed_hours': [], 'risk_pct': 0.01, 'max_hold_bars': 120, 'use_trail': False, 'tp_atr_mult': 2.5}",23,0.2609,-70.5163,0.433,-3.0659,0.2696,-5.6383,0.0108,0.0074,2929.48,-0.9021652000000002
ONDO-USDT,HVOL,"{'min_adx': 30, 'vol_thresh': 2.0, 'max_ext': 0.02, 'adx_exit': 15, 'allowed_hours': [], 'risk_pct': 0.01, 'max_hold_bars': 120, 'use_trail': False, 'tp_atr_mult': 2.5}",15,0.1333,-55.574,0.3937,-3.7049,0.2717,-5.8351,0.01,0.008,2944.43,-0.9034460000000002
ONDO-USDT,HVOL,"{'min_adx': 30, 'vol_thresh': 2.0, 'max_ext': 0.03, 'adx_exit': 15, 'allowed_hours': [], 'risk_pct': 0.01, 'max_hold_bars': 120, 'use_trail': False, 'tp_atr_mult': 2.5}",15,0.1333,-55.574,0.3937,-3.7049,0.2717,-5.8351,0.01,0.008,2944.43,-0.9034460000000002
ADA-USDT,HVOL,"{'min_adx': 30, 'vol_thresh': 1.3, 'max_ext': 0.03, 'adx_exit': 15, 'allowed_hours': [], 'risk_pct': 0.01, 'max_hold_bars': 120, 'use_trail': False, 'tp_atr_mult': 2.5}",21,0.2381,-63.6483,0.4122,-3.0309,0.2681,-6.1781,0.0109,0.0065,2936.35,-0.9043932000000001
ADA-USDT,HVOL,"{'min_adx': 30, 'vol_thresh': 1.3, 'max_ext': 0.02, 'adx_exit': 20, 'allowed_hours': [], 'risk_pct': 0.01, 'max_hold_bars': 120, 'use_trail': False, 'tp_atr_mult': 2.5}",21,0.2381,-63.6483,0.4122,-3.0309,0.2681,-6.1781,0.0109,0.0065,2936.35,-0.9043932000000001
ADA-USDT,HVOL,"{'min_adx': 30, 'vol_thresh': 1.3, 'max_ext': 0.02, 'adx_exit': 15, 'allowed_hours': [], 'risk_pct': 0.01, 'max_hold_bars': 120, 'use_trail': False, 'tp_atr_mult': 2.5}",21,0.2381,-63.6483,0.4122,-3.0309,0.2681,-6.1781,0.0109,0.0065,2936.35,-0.9043932000000001
ADA-USDT,HVOL,"{'min_adx': 30, 'vol_thresh': 1.3, 'max_ext': 0.03, 'adx_exit': 20, 'allowed_hours': [], 'risk_pct': 0.01, 'max_hold_bars': 120, 'use_trail': False, 'tp_atr_mult': 2.5}",21,0.2381,-63.6483,0.4122,-3.0309,0.2681,-6.1781,0.0109,0.0065,2936.35,-0.9043932000000001
ADA-USDT,HVOL,"{'min_adx': 20, 'vol_thresh': 1.5, 'max_ext': 0.01, 'adx_exit': 20, 'allowed_hours': [], 'risk_pct': 0.01, 'max_hold_bars': 120, 'use_trail': False, 'tp_atr_mult': 2.5}",24,0.2917,-72.1558,0.4366,-3.0065,0.2708,-5.5653,0.011,0.0072,2927.84,-0.9045232000000001
LIT-USDT,HVOL,"{'min_adx': 20, 'vol_thresh': 1.3, 'max_ext': 0.02, 'adx_exit': 20, 'allowed_hours': [], 'risk_pct': 0.01, 'max_hold_bars': 120, 'use_trail': False, 'tp_atr_mult': 2.5}",26,0.2692,-253.4013,0.5782,-9.7462,0.3441,-3.5456,0.0538,0.0456,2746.6,-0.9086452
ONDO-USDT,HVOL,"{'min_adx': 25, 'vol_thresh': 2.0, 'max_ext': 0.02, 'adx_exit': 15, 'allowed_hours': [], 'risk_pct': 0.01, 'max_hold_bars': 120, 'use_trail': False, 'tp_atr_mult': 2.5}",18,0.1667,-60.8654,0.4025,-3.3814,0.2712,-5.6727,0.0095,0.0079,2939.13,-0.9109115999999999
ONDO-USDT,HVOL,"{'min_adx': 25, 'vol_thresh': 2.0, 'max_ext': 0.03, 'adx_exit': 15, 'allowed_hours': [], 'risk_pct': 0.01, 'max_hold_bars': 120, 'use_trail': False, 'tp_atr_mult': 2.5}",18,0.1667,-60.8654,0.4025,-3.3814,0.2712,-5.6727,0.0095,0.0079,2939.13,-0.9109115999999999
AVAX-USDT,MTALIGN,"{'pb_thresh': 0.008, 'vol_thresh': 1.1, 'allowed_hours': [], 'tp_atr_mult': 2.5, 'risk_pct': 0.01, 'max_hold_bars': 96, 'use_trail': True, 'trail_ema': 21, 'stop_extra': 0.002}",21,0.1905,-36.0094,0.3266,-1.7147,0.2597,-7.7872,0.0036,0.0034,2963.99,-0.9138375999999999
BTC-USDT,VSMO,"{'rsi_lo': 40, 'rsi_hi': 75, 'vol_thresh': 1.5, 'stop_atr_mult': 1.5, 'allowed_hours': [], 'tp_atr_mult': 3.0, 'risk_pct': 0.01, 'max_hold_bars': 144, 'use_trail': True, 'trail_ema': 21}",7,0.1429,-7.956,0.2454,-1.1366,0.2517,-10.7671,0.0011,0.0011,2992.04,-0.915424
ADA-USDT,HVOL,"{'min_adx': 25, 'vol_thresh': 2.0, 'max_ext': 0.02, 'adx_exit': 15, 'allowed_hours': [], 'risk_pct': 0.01, 'max_hold_bars': 120, 'use_trail': False, 'tp_atr_mult': 2.5}",20,0.25,-61.4485,0.3972,-3.0724,0.2664,-5.8662,0.0116,0.0072,2938.55,-0.9163939999999999
ADA-USDT,HVOL,"{'min_adx': 25, 'vol_thresh': 2.0, 'max_ext': 0.03, 'adx_exit': 15, 'allowed_hours': [], 'risk_pct': 0.01, 'max_hold_bars': 120, 'use_trail': False, 'tp_atr_mult': 2.5}",20,0.25,-61.4485,0.3972,-3.0724,0.2664,-5.8662,0.0116,0.0072,2938.55,-0.9163939999999999
FIL-USDT,HVOL,"{'min_adx': 25, 'vol_thresh': 1.3, 'max_ext': 0.01, 'adx_exit': 15, 'allowed_hours': [], 'risk_pct': 0.01, 'max_hold_bars': 120, 'use_trail': False, 'tp_atr_mult': 2.5}",26,0.1923,-64.1455,0.4036,-2.4671,0.2662,-5.57,0.0102,0.0059,2935.85,-0.9173819999999999
FIL-USDT,HVOL,"{'min_adx': 25, 'vol_thresh': 1.3, 'max_ext': 0.03, 'adx_exit': 15, 'allowed_hours': [], 'risk_pct': 0.01, 'max_hold_bars': 120, 'use_trail': False, 'tp_atr_mult': 2.5}",26,0.1923,-64.1455,0.4036,-2.4671,0.2662,-5.57,0.0102,0.0059,2935.85,-0.9173819999999999
FIL-USDT,HVOL,"{'min_adx': 25, 'vol_thresh': 1.3, 'max_ext': 0.02, 'adx_exit': 15, 'allowed_hours': [], 'risk_pct': 0.01, 'max_hold_bars': 120, 'use_trail': False, 'tp_atr_mult': 2.5}",26,0.1923,-64.1455,0.4036,-2.4671,0.2662,-5.57,0.0102,0.0059,2935.85,-0.9173819999999999
SUI-USDT,HVOL,"{'min_adx': 20, 'vol_thresh': 2.0, 'max_ext': 0.02, 'adx_exit': 15, 'allowed_hours': [], 'risk_pct': 0.01, 'max_hold_bars': 120, 'use_trail': False, 'tp_atr_mult': 2.5}",18,0.2778,-49.7695,0.3594,-2.765,0.264,-7.1761,0.0084,0.0068,2950.23,-0.9239780000000002
SUI-USDT,HVOL,"{'min_adx': 20, 'vol_thresh': 2.0, 'max_ext': 0.01, 'adx_exit': 15, 'allowed_hours': [], 'risk_pct': 0.01, 'max_hold_bars': 120, 'use_trail': False, 'tp_atr_mult': 2.5}",18,0.2778,-49.7695,0.3594,-2.765,0.264,-7.1761,0.0084,0.0068,2950.23,-0.9239780000000002
SUI-USDT,HVOL,"{'min_adx': 20, 'vol_thresh': 2.0, 'max_ext': 0.03, 'adx_exit': 15, 'allowed_hours': [], 'risk_pct': 0.01, 'max_hold_bars': 120, 'use_trail': False, 'tp_atr_mult': 2.5}",18,0.2778,-49.7695,0.3594,-2.765,0.264,-7.1761,0.0084,0.0068,2950.23,-0.9239780000000002
ETH-USDT,HVOL,"{'min_adx': 30, 'vol_thresh': 2.0, 'max_ext': 0.02, 'adx_exit': 25, 'allowed_hours': [], 'risk_pct': 0.01, 'max_hold_bars': 120, 'use_trail': False, 'tp_atr_mult': 2.5}",13,0.1538,-21.9,0.2773,-1.6846,0.2569,-8.431,0.0029,0.0025,2978.1,-0.92855
ETH-USDT,HVOL,"{'min_adx': 30, 'vol_thresh': 2.0, 'max_ext': 0.01, 'adx_exit': 25, 'allowed_hours': [], 'risk_pct': 0.01, 'max_hold_bars': 120, 'use_trail': False, 'tp_atr_mult': 2.5}",13,0.1538,-21.9,0.2773,-1.6846,0.2569,-8.431,0.0029,0.0025,2978.1,-0.92855
ETH-USDT,HVOL,"{'min_adx': 30, 'vol_thresh': 2.0, 'max_ext': 0.03, 'adx_exit': 25, 'allowed_hours': [], 'risk_pct': 0.01, 'max_hold_bars': 120, 'use_trail': False, 'tp_atr_mult': 2.5}",13,0.1538,-21.9,0.2773,-1.6846,0.2569,-8.431,0.0029,0.0025,2978.1,-0.92855
ADA-USDT,HVOL,"{'min_adx': 20, 'vol_thresh': 1.5, 'max_ext': 0.01, 'adx_exit': 15, 'allowed_hours': [], 'risk_pct': 0.01, 'max_hold_bars': 120, 'use_trail': False, 'tp_atr_mult': 2.5}",24,0.2917,-75.0042,0.4271,-3.1252,0.2715,-5.7393,0.011,0.0074,2925.0,-0.9308668000000002
NEAR-USDT,HVOL,"{'min_adx': 30, 'vol_thresh': 2.0, 'max_ext': 0.01, 'adx_exit': 25, 'allowed_hours': [], 'risk_pct': 0.01, 'max_hold_bars': 120, 'use_trail': False, 'tp_atr_mult': 2.5}",15,0.4,-54.9565,0.3703,-3.6638,0.2665,-6.0457,0.0131,0.0099,2945.04,-0.9308759999999997
HYPE-USDT,EMASTACK,"{'max_pb': 0.01, 'vol_thresh': 1.2, 'rsi_lo': 38, 'rsi_hi': 66, 'rsi_exit': 73, 'min_adx': 20, 'allowed_hours': [], 'risk_pct': 0.01, 'max_hold_bars': 144, 'use_trail': True, 'trail_ema': 21, 'tp_atr_mult': 2.5, 'stop_extra': 0.002}",5,0.2,-8.8393,0.2379,-1.7679,0.2524,-11.5171,0.0028,0.0025,2991.16,-0.9309071999999997
HYPE-USDT,EMASTACK,"{'max_pb': 0.005, 'vol_thresh': 1.2, 'rsi_lo': 38, 'rsi_hi': 66, 'rsi_exit': 73, 'min_adx': 20, 'allowed_hours': [], 'risk_pct': 0.01, 'max_hold_bars': 144, 'use_trail': True, 'trail_ema': 21, 'tp_atr_mult': 2.5, 'stop_extra': 0.002}",5,0.2,-8.8393,0.2379,-1.7679,0.2524,-11.5171,0.0028,0.0025,2991.16,-0.9309071999999997
HYPE-USDT,EMASTACK,"{'max_pb': 0.015, 'vol_thresh': 1.2, 'rsi_lo': 38, 'rsi_hi': 66, 'rsi_exit': 73, 'min_adx': 20, 'allowed_hours': [], 'risk_pct': 0.01, 'max_hold_bars': 144, 'use_trail': True, 'trail_ema': 21, 'tp_atr_mult': 2.5, 'stop_extra': 0.002}",5,0.2,-8.8393,0.2379,-1.7679,0.2524,-11.5171,0.0028,0.0025,2991.16,-0.9309071999999997
APT-USDT,HVOL,"{'min_adx': 20, 'vol_thresh': 1.5, 'max_ext': 0.02, 'adx_exit': 15, 'allowed_hours': [], 'risk_pct': 0.01, 'max_hold_bars': 120, 'use_trail': False, 'tp_atr_mult': 2.5}",25,0.48,-183.8422,0.5487,-7.3537,0.3257,-4.2327,0.0462,0.0359,2816.16,-0.9310988
LIT-USDT,EMASTACK,"{'max_pb': 0.01, 'vol_thresh': 1.2, 'rsi_lo': 45, 'rsi_hi': 73, 'rsi_exit': 80, 'min_adx': 15, 'allowed_hours': [], 'risk_pct': 0.01, 'max_hold_bars': 144, 'use_trail': True, 'trail_ema': 21, 'tp_atr_mult': 2.5, 'stop_extra': 0.002}",13,0.0769,-66.223,0.3998,-5.0941,0.2678,-5.0749,0.0283,0.0227,2933.78,-0.9329920000000003
LIT-USDT,EMASTACK,"{'max_pb': 0.01, 'vol_thresh': 1.2, 'rsi_lo': 50, 'rsi_hi': 78, 'rsi_exit': 85, 'min_adx': 15, 'allowed_hours': [], 'risk_pct': 0.01, 'max_hold_bars': 144, 'use_trail': True, 'trail_ema': 21, 'tp_atr_mult': 2.5, 'stop_extra': 0.002}",13,0.0769,-66.223,0.3998,-5.0941,0.2678,-5.0749,0.0283,0.0227,2933.78,-0.9329920000000003
NEAR-USDT,HVOL,"{'min_adx': 30, 'vol_thresh': 1.3, 'max_ext': 0.03, 'adx_exit': 25, 'allowed_hours': [], 'risk_pct': 0.01, 'max_hold_bars': 120, 'use_trail': False, 'tp_atr_mult': 2.5}",22,0.4091,-80.126,0.4361,-3.6421,0.2726,-5.5825,0.0113,0.0102,2919.87,-0.938954
NEAR-USDT,HVOL,"{'min_adx': 30, 'vol_thresh': 1.3, 'max_ext': 0.02, 'adx_exit': 25, 'allowed_hours': [], 'risk_pct': 0.01, 'max_hold_bars': 120, 'use_trail': False, 'tp_atr_mult': 2.5}",22,0.4091,-80.126,0.4361,-3.6421,0.2726,-5.5825,0.0113,0.0102,2919.87,-0.938954
NEAR-USDT,HVOL,"{'min_adx': 30, 'vol_thresh': 1.5, 'max_ext': 0.01, 'adx_exit': 25, 'allowed_hours': [], 'risk_pct': 0.01, 'max_hold_bars': 120, 'use_trail': False, 'tp_atr_mult': 2.5}",20,0.35,-76.1203,0.4232,-3.806,0.2716,-5.8631,0.0112,0.0104,2923.88,-0.9412811999999999
APT-USDT,HVOL,"{'min_adx': 20, 'vol_thresh': 1.3, 'max_ext': 0.02, 'adx_exit': 20, 'allowed_hours': [], 'risk_pct': 0.01, 'max_hold_bars': 120, 'use_trail': False, 'tp_atr_mult': 2.5}",30,0.4,-223.0022,0.5437,-7.4334,0.3351,-3.8292,0.0404,0.0346,2777.0,-0.9432388000000002
ETH-USDT,HVOL,"{'min_adx': 30, 'vol_thresh': 2.0, 'max_ext': 0.02, 'adx_exit': 15, 'allowed_hours': [], 'risk_pct': 0.01, 'max_hold_bars': 120, 'use_trail': False, 'tp_atr_mult': 2.5}",13,0.1538,-22.9111,0.2683,-1.7624,0.2571,-8.6427,0.0029,0.0028,2977.09,-0.9462944
ETH-USDT,HVOL,"{'min_adx': 30, 'vol_thresh': 2.0, 'max_ext': 0.01, 'adx_exit': 15, 'allowed_hours': [], 'risk_pct': 0.01, 'max_hold_bars': 120, 'use_trail': False, 'tp_atr_mult': 2.5}",13,0.1538,-22.9111,0.2683,-1.7624,0.2571,-8.6427,0.0029,0.0028,2977.09,-0.9462944
ETH-USDT,HVOL,"{'min_adx': 30, 'vol_thresh': 2.0, 'max_ext': 0.01, 'adx_exit': 20, 'allowed_hours': [], 'risk_pct': 0.01, 'max_hold_bars': 120, 'use_trail': False, 'tp_atr_mult': 2.5}",13,0.1538,-22.9111,0.2683,-1.7624,0.2571,-8.6427,0.0029,0.0028,2977.09,-0.9462944
ETH-USDT,HVOL,"{'min_adx': 30, 'vol_thresh': 2.0, 'max_ext': 0.03, 'adx_exit': 20, 'allowed_hours': [], 'risk_pct': 0.01, 'max_hold_bars': 120, 'use_trail': False, 'tp_atr_mult': 2.5}",13,0.1538,-22.9111,0.2683,-1.7624,0.2571,-8.6427,0.0029,0.0028,2977.09,-0.9462944
ETH-USDT,HVOL,"{'min_adx': 30, 'vol_thresh': 2.0, 'max_ext': 0.02, 'adx_exit': 20, 'allowed_hours': [], 'risk_pct': 0.01, 'max_hold_bars': 120, 'use_trail': False, 'tp_atr_mult': 2.5}",13,0.1538,-22.9111,0.2683,-1.7624,0.2571,-8.6427,0.0029,0.0028,2977.09,-0.9462944
ETH-USDT,HVOL,"{'min_adx': 30, 'vol_thresh': 2.0, 'max_ext': 0.03, 'adx_exit': 15, 'allowed_hours': [], 'risk_pct': 0.01, 'max_hold_bars': 120, 'use_trail': False, 'tp_atr_mult': 2.5}",13,0.1538,-22.9111,0.2683,-1.7624,0.2571,-8.6427,0.0029,0.0028,2977.09,-0.9462944
SOL-USDT,EMASTACK,"{'max_pb': 0.005, 'vol_thresh': 2.0, 'rsi_lo': 50, 'rsi_hi': 78, 'rsi_exit': 85, 'min_adx': 20, 'allowed_hours': [], 'risk_pct': 0.01, 'max_hold_bars': 144, 'use_trail': True, 'trail_ema': 21, 'tp_atr_mult': 2.5, 'stop_extra': 0.002}",5,0.2,-8.2222,0.2259,-1.6444,0.2528,-12.1371,0.0031,0.0022,2991.78,-0.9468388
SOL-USDT,EMASTACK,"{'max_pb': 0.005, 'vol_thresh': 1.5, 'rsi_lo': 45, 'rsi_hi': 73, 'rsi_exit': 80, 'min_adx': 20, 'allowed_hours': [], 'risk_pct': 0.01, 'max_hold_bars': 144, 'use_trail': True, 'trail_ema': 21, 'tp_atr_mult': 2.5, 'stop_extra': 0.002}",5,0.2,-8.2222,0.2259,-1.6444,0.2528,-12.1371,0.0031,0.0022,2991.78,-0.9468388
SOL-USDT,EMASTACK,"{'max_pb': 0.01, 'vol_thresh': 1.5, 'rsi_lo': 45, 'rsi_hi': 73, 'rsi_exit': 80, 'min_adx': 20, 'allowed_hours': [], 'risk_pct': 0.01, 'max_hold_bars': 144, 'use_trail': True, 'trail_ema': 21, 'tp_atr_mult': 2.5, 'stop_extra': 0.002}",5,0.2,-8.2222,0.2259,-1.6444,0.2528,-12.1371,0.0031,0.0022,2991.78,-0.9468388
SOL-USDT,EMASTACK,"{'max_pb': 0.01, 'vol_thresh': 2.0, 'rsi_lo': 50, 'rsi_hi': 78, 'rsi_exit': 85, 'min_adx': 20, 'allowed_hours': [], 'risk_pct': 0.01, 'max_hold_bars': 144, 'use_trail': True, 'trail_ema': 21, 'tp_atr_mult': 2.5, 'stop_extra': 0.002}",5,0.2,-8.2222,0.2259,-1.6444,0.2528,-12.1371,0.0031,0.0022,2991.78,-0.9468388
SOL-USDT,EMASTACK,"{'max_pb': 0.01, 'vol_thresh': 1.5, 'rsi_lo': 50, 'rsi_hi': 78, 'rsi_exit': 85, 'min_adx': 20, 'allowed_hours': [], 'risk_pct': 0.01, 'max_hold_bars': 144, 'use_trail': True, 'trail_ema': 21, 'tp_atr_mult': 2.5, 'stop_extra': 0.002}",5,0.2,-8.2222,0.2259,-1.6444,0.2528,-12.1371,0.0031,0.0022,2991.78,-0.9468388
SOL-USDT,EMASTACK,"{'max_pb': 0.01, 'vol_thresh': 2.0, 'rsi_lo': 45, 'rsi_hi': 73, 'rsi_exit': 80, 'min_adx': 20, 'allowed_hours': [], 'risk_pct': 0.01, 'max_hold_bars': 144, 'use_trail': True, 'trail_ema': 21, 'tp_atr_mult': 2.5, 'stop_extra': 0.002}",5,0.2,-8.2222,0.2259,-1.6444,0.2528,-12.1371,0.0031,0.0022,2991.78,-0.9468388
SOL-USDT,EMASTACK,"{'max_pb': 0.015, 'vol_thresh': 1.5, 'rsi_lo': 50, 'rsi_hi': 78, 'rsi_exit': 85, 'min_adx': 20, 'allowed_hours': [], 'risk_pct': 0.01, 'max_hold_bars': 144, 'use_trail': True, 'trail_ema': 21, 'tp_atr_mult': 2.5, 'stop_extra': 0.002}",5,0.2,-8.2222,0.2259,-1.6444,0.2528,-12.1371,0.0031,0.0022,2991.78,-0.9468388
SOL-USDT,EMASTACK,"{'max_pb': 0.005, 'vol_thresh': 1.5, 'rsi_lo': 50, 'rsi_hi': 78, 'rsi_exit': 85, 'min_adx': 20, 'allowed_hours': [], 'risk_pct': 0.01, 'max_hold_bars': 144, 'use_trail': True, 'trail_ema': 21, 'tp_atr_mult': 2.5, 'stop_extra': 0.002}",5,0.2,-8.2222,0.2259,-1.6444,0.2528,-12.1371,0.0031,0.0022,2991.78,-0.9468388
SOL-USDT,EMASTACK,"{'max_pb': 0.015, 'vol_thresh': 1.5, 'rsi_lo': 45, 'rsi_hi': 73, 'rsi_exit': 80, 'min_adx': 20, 'allowed_hours': [], 'risk_pct': 0.01, 'max_hold_bars': 144, 'use_trail': True, 'trail_ema': 21, 'tp_atr_mult': 2.5, 'stop_extra': 0.002}",5,0.2,-8.2222,0.2259,-1.6444,0.2528,-12.1371,0.0031,0.0022,2991.78,-0.9468388
SOL-USDT,EMASTACK,"{'max_pb': 0.005, 'vol_thresh': 2.0, 'rsi_lo': 45, 'rsi_hi': 73, 'rsi_exit': 80, 'min_adx': 20, 'allowed_hours': [], 'risk_pct': 0.01, 'max_hold_bars': 144, 'use_trail': True, 'trail_ema': 21, 'tp_atr_mult': 2.5, 'stop_extra': 0.002}",5,0.2,-8.2222,0.2259,-1.6444,0.2528,-12.1371,0.0031,0.0022,2991.78,-0.9468388
SOL-USDT,EMASTACK,"{'max_pb': 0.015, 'vol_thresh': 2.0, 'rsi_lo': 50, 'rsi_hi': 78, 'rsi_exit': 85, 'min_adx': 20, 'allowed_hours': [], 'risk_pct': 0.01, 'max_hold_bars': 144, 'use_trail': True, 'trail_ema': 21, 'tp_atr_mult': 2.5, 'stop_extra': 0.002}",5,0.2,-8.2222,0.2259,-1.6444,0.2528,-12.1371,0.0031,0.0022,2991.78,-0.9468388
SOL-USDT,EMASTACK,"{'max_pb': 0.015, 'vol_thresh': 2.0, 'rsi_lo': 45, 'rsi_hi': 73, 'rsi_exit': 80, 'min_adx': 20, 'allowed_hours': [], 'risk_pct': 0.01, 'max_hold_bars': 144, 'use_trail': True, 'trail_ema': 21, 'tp_atr_mult': 2.5, 'stop_extra': 0.002}",5,0.2,-8.2222,0.2259,-1.6444,0.2528,-12.1371,0.0031,0.0022,2991.78,-0.9468388
FIL-USDT,MTALIGN,"{'pb_thresh': 0.005, 'vol_thresh': 2.0, 'allowed_hours': [], 'tp_atr_mult': 2.5, 'risk_pct': 0.01, 'max_hold_bars': 96, 'use_trail': True, 'trail_ema': 21, 'stop_extra': 0.002}",6,0.1667,-9.9288,0.2295,-1.6548,0.2524,-12.2538,0.0037,0.002,2990.07,-0.9478652
FIL-USDT,MTALIGN,"{'pb_thresh': 0.003, 'vol_thresh': 2.0, 'allowed_hours': [], 'tp_atr_mult': 2.5, 'risk_pct': 0.01, 'max_hold_bars': 96, 'use_trail': True, 'trail_ema': 21, 'stop_extra': 0.002}",6,0.1667,-9.9288,0.2295,-1.6548,0.2524,-12.2538,0.0037,0.002,2990.07,-0.9478652
SUI-USDT,HVOL,"{'min_adx': 30, 'vol_thresh': 2.0, 'max_ext': 0.02, 'adx_exit': 25, 'allowed_hours': [], 'risk_pct': 0.01, 'max_hold_bars': 120, 'use_trail': False, 'tp_atr_mult': 2.5}",14,0.2143,-44.1871,0.3268,-3.1562,0.262,-8.0283,0.0087,0.0069,2955.81,-0.9485484
SUI-USDT,HVOL,"{'min_adx': 30, 'vol_thresh': 2.0, 'max_ext': 0.01, 'adx_exit': 25, 'allowed_hours': [], 'risk_pct': 0.01, 'max_hold_bars': 120, 'use_trail': False, 'tp_atr_mult': 2.5}",14,0.2143,-44.1871,0.3268,-3.1562,0.262,-8.0283,0.0087,0.0069,2955.81,-0.9485484
SUI-USDT,HVOL,"{'min_adx': 30, 'vol_thresh': 2.0, 'max_ext': 0.03, 'adx_exit': 25, 'allowed_hours': [], 'risk_pct': 0.01, 'max_hold_bars': 120, 'use_trail': False, 'tp_atr_mult': 2.5}",14,0.2143,-44.1871,0.3268,-3.1562,0.262,-8.0283,0.0087,0.0069,2955.81,-0.9485484
ONDO-USDT,HVOL,"{'min_adx': 30, 'vol_thresh': 1.3, 'max_ext': 0.03, 'adx_exit': 15, 'allowed_hours': [], 'risk_pct': 0.01, 'max_hold_bars': 120, 'use_trail': False, 'tp_atr_mult': 2.5}",22,0.1818,-70.2218,0.4033,-3.1919,0.2733,-5.6565,0.0091,0.007,2929.78,-0.9492372
ONDO-USDT,HVOL,"{'min_adx': 30, 'vol_thresh': 1.3, 'max_ext': 0.02, 'adx_exit': 15, 'allowed_hours': [], 'risk_pct': 0.01, 'max_hold_bars': 120, 'use_trail': False, 'tp_atr_mult': 2.5}",22,0.1818,-70.2218,0.4033,-3.1919,0.2733,-5.6565,0.0091,0.007,2929.78,-0.9492372
LIT-USDT,HVOL,"{'min_adx': 20, 'vol_thresh': 1.3, 'max_ext': 0.03, 'adx_exit': 15, 'allowed_hours': [], 'risk_pct': 0.01, 'max_hold_bars': 120, 'use_trail': False, 'tp_atr_mult': 2.5}",27,0.2593,-274.5249,0.598,-10.1676,0.3234,-3.5637,0.0583,0.0494,2725.48,-0.9499796000000003
DOT-USDT,MTALIGN,"{'pb_thresh': 0.003, 'vol_thresh': 1.1, 'allowed_hours': [], 'tp_atr_mult': 2.5, 'risk_pct': 0.01, 'max_hold_bars': 96, 'use_trail': True, 'trail_ema': 21, 'stop_extra': 0.002}",16,0.0625,-27.695,0.2794,-1.7309,0.2587,-8.0761,0.0043,0.0029,2972.31,-0.95038
NEAR-USDT,HVOL,"{'min_adx': 25, 'vol_thresh': 1.5, 'max_ext': 0.02, 'adx_exit': 20, 'allowed_hours': [], 'risk_pct': 0.01, 'max_hold_bars': 120, 'use_trail': False, 'tp_atr_mult': 2.5}",23,0.3043,-92.61,0.4664,-4.0265,0.2811,-5.3337,0.0137,0.0103,2907.39,-0.95194
NEAR-USDT,HVOL,"{'min_adx': 25, 'vol_thresh': 1.5, 'max_ext': 0.03, 'adx_exit': 20, 'allowed_hours': [], 'risk_pct': 0.01, 'max_hold_bars': 120, 'use_trail': False, 'tp_atr_mult': 2.5}",23,0.3043,-92.61,0.4664,-4.0265,0.2811,-5.3337,0.0137,0.0103,2907.39,-0.95194
SUI-USDT,HVOL,"{'min_adx': 25, 'vol_thresh': 2.0, 'max_ext': 0.01, 'adx_exit': 20, 'allowed_hours': [], 'risk_pct': 0.01, 'max_hold_bars': 120, 'use_trail': False, 'tp_atr_mult': 2.5}",16,0.25,-46.3462,0.331,-2.8966,0.2632,-7.5858,0.0089,0.007,2953.65,-0.9520848
SUI-USDT,HVOL,"{'min_adx': 25, 'vol_thresh': 2.0, 'max_ext': 0.03, 'adx_exit': 20, 'allowed_hours': [], 'risk_pct': 0.01, 'max_hold_bars': 120, 'use_trail': False, 'tp_atr_mult': 2.5}",16,0.25,-46.3462,0.331,-2.8966,0.2632,-7.5858,0.0089,0.007,2953.65,-0.9520848
SUI-USDT,HVOL,"{'min_adx': 25, 'vol_thresh': 2.0, 'max_ext': 0.02, 'adx_exit': 20, 'allowed_hours': [], 'risk_pct': 0.01, 'max_hold_bars': 120, 'use_trail': False, 'tp_atr_mult': 2.5}",16,0.25,-46.3462,0.331,-2.8966,0.2632,-7.5858,0.0089,0.007,2953.65,-0.9520848
ONDO-USDT,MTALIGN,"{'pb_thresh': 0.005, 'vol_thresh': 1.5, 'allowed_hours': [], 'tp_atr_mult': 2.5, 'risk_pct': 0.01, 'max_hold_bars': 96, 'use_trail': True, 'trail_ema': 21, 'stop_extra': 0.002}",6,0.1667,-13.1512,0.2342,-2.1919,0.2533,-12.2243,0.0035,0.0035,2986.85,-0.9546048
ONDO-USDT,HVOL,"{'min_adx': 25, 'vol_thresh': 1.3, 'max_ext': 0.03, 'adx_exit': 25, 'allowed_hours': [], 'risk_pct': 0.01, 'max_hold_bars': 120, 'use_trail': False, 'tp_atr_mult': 2.5}",30,0.1667,-76.7514,0.4171,-2.5584,0.2746,-5.4209,0.0078,0.0062,2923.25,-0.9559556
ONDO-USDT,HVOL,"{'min_adx': 25, 'vol_thresh': 1.3, 'max_ext': 0.02, 'adx_exit': 25, 'allowed_hours': [], 'risk_pct': 0.01, 'max_hold_bars': 120, 'use_trail': False, 'tp_atr_mult': 2.5}",30,0.1667,-76.7514,0.4171,-2.5584,0.2746,-5.4209,0.0078,0.0062,2923.25,-0.9559556
DOGE-USDT,MTALIGN,"{'pb_thresh': 0.003, 'vol_thresh': 1.5, 'allowed_hours': [], 'tp_atr_mult': 2.5, 'risk_pct': 0.01, 'max_hold_bars': 96, 'use_trail': True, 'trail_ema': 21, 'stop_extra': 0.002}",6,0.1667,-8.1678,0.2186,-1.3613,0.2518,-12.0543,0.0036,0.0015,2991.83,-0.9565712000000002
ONDO-USDT,HVOL,"{'min_adx': 25, 'vol_thresh': 1.5, 'max_ext': 0.02, 'adx_exit': 20, 'allowed_hours': [], 'risk_pct': 0.01, 'max_hold_bars': 120, 'use_trail': False, 'tp_atr_mult': 2.5}",27,0.1481,-72.0521,0.4015,-2.6686,0.2734,-5.5454,0.0085,0.0066,2927.95,-0.9593583999999998
ONDO-USDT,HVOL,"{'min_adx': 25, 'vol_thresh': 1.5, 'max_ext': 0.03, 'adx_exit': 20, 'allowed_hours': [], 'risk_pct': 0.01, 'max_hold_bars': 120, 'use_trail': False, 'tp_atr_mult': 2.5}",27,0.1481,-72.0521,0.4015,-2.6686,0.2734,-5.5454,0.0085,0.0066,2927.95,-0.9593583999999998
NEAR-USDT,VSMO,"{'rsi_lo': 40, 'rsi_hi': 75, 'vol_thresh': 1.5, 'stop_atr_mult': 1.0, 'allowed_hours': [], 'tp_atr_mult': 3.0, 'risk_pct': 0.01, 'max_hold_bars': 144, 'use_trail': True, 'trail_ema': 21}",7,0.4286,-10.2028,0.2231,-1.4575,0.2535,-5.8432,0.0038,0.0037,2989.8,-0.9596611999999999
NEAR-USDT,VSMO,"{'rsi_lo': 40, 'rsi_hi': 75, 'vol_thresh': 1.5, 'stop_atr_mult': 2.0, 'allowed_hours': [], 'tp_atr_mult': 3.0, 'risk_pct': 0.01, 'max_hold_bars': 144, 'use_trail': True, 'trail_ema': 21}",7,0.4286,-10.2028,0.2231,-1.4575,0.2535,-5.8432,0.0038,0.0037,2989.8,-0.9596611999999999
NEAR-USDT,VSMO,"{'rsi_lo': 40, 'rsi_hi': 75, 'vol_thresh': 1.5, 'stop_atr_mult': 1.5, 'allowed_hours': [], 'tp_atr_mult': 3.0, 'risk_pct': 0.01, 'max_hold_bars': 144, 'use_trail': True, 'trail_ema': 21}",7,0.4286,-10.2028,0.2231,-1.4575,0.2535,-5.8432,0.0038,0.0037,2989.8,-0.9596611999999999
NEAR-USDT,HVOL,"{'min_adx': 25, 'vol_thresh': 1.5, 'max_ext': 0.03, 'adx_exit': 15, 'allowed_hours': [], 'risk_pct': 0.01, 'max_hold_bars': 120, 'use_trail': False, 'tp_atr_mult': 2.5}",23,0.3043,-93.6854,0.4635,-4.0733,0.2809,-5.4004,0.0137,0.0103,2906.31,-0.9603915999999999
NEAR-USDT,HVOL,"{'min_adx': 25, 'vol_thresh': 1.5, 'max_ext': 0.02, 'adx_exit': 15, 'allowed_hours': [], 'risk_pct': 0.01, 'max_hold_bars': 120, 'use_trail': False, 'tp_atr_mult': 2.5}",23,0.3043,-93.6854,0.4635,-4.0733,0.2809,-5.4004,0.0137,0.0103,2906.31,-0.9603915999999999
DOGE-USDT,EMASTACK,"{'max_pb': 0.015, 'vol_thresh': 1.2, 'rsi_lo': 38, 'rsi_hi': 66, 'rsi_exit': 73, 'min_adx': 25, 'allowed_hours': [], 'risk_pct': 0.01, 'max_hold_bars': 144, 'use_trail': True, 'trail_ema': 21, 'tp_atr_mult': 2.5, 'stop_extra': 0.002}",8,0.125,-17.263,0.2381,-2.1579,0.2541,-11.0267,0.0026,0.0025,2982.74,-0.966002
DOGE-USDT,EMASTACK,"{'max_pb': 0.01, 'vol_thresh': 1.2, 'rsi_lo': 38, 'rsi_hi': 66, 'rsi_exit': 73, 'min_adx': 25, 'allowed_hours': [], 'risk_pct': 0.01, 'max_hold_bars': 144, 'use_trail': True, 'trail_ema': 21, 'tp_atr_mult': 2.5, 'stop_extra': 0.002}",8,0.125,-17.263,0.2381,-2.1579,0.2541,-11.0267,0.0026,0.0025,2982.74,-0.966002
DOGE-USDT,EMASTACK,"{'max_pb': 0.005, 'vol_thresh': 1.2, 'rsi_lo': 38, 'rsi_hi': 66, 'rsi_exit': 73, 'min_adx': 25, 'allowed_hours': [], 'risk_pct': 0.01, 'max_hold_bars': 144, 'use_trail': True, 'trail_ema': 21, 'tp_atr_mult': 2.5, 'stop_extra': 0.002}",8,0.125,-17.263,0.2381,-2.1579,0.2541,-11.0267,0.0026,0.0025,2982.74,-0.966002
APT-USDT,HVOL,"{'min_adx': 20, 'vol_thresh': 1.5, 'max_ext': 0.01, 'adx_exit': 20, 'allowed_hours': [], 'risk_pct': 0.01, 'max_hold_bars': 120, 'use_trail': False, 'tp_atr_mult': 2.5}",20,0.45,-159.6658,0.4803,-7.9833,0.3051,-4.3606,0.0431,0.0335,2840.33,-0.9675532
ETH-USDT,VSMO,"{'rsi_lo': 45, 'rsi_hi': 80, 'vol_thresh': 2.5, 'stop_atr_mult': 2.0, 'allowed_hours': [], 'tp_atr_mult': 3.0, 'risk_pct': 0.01, 'max_hold_bars': 144, 'use_trail': True, 'trail_ema': 21}",6,0.1667,-8.0106,0.2071,-1.3351,0.2523,-13.192,0.0011,0.0011,2991.99,-0.9736924
ETH-USDT,VSMO,"{'rsi_lo': 45, 'rsi_hi': 80, 'vol_thresh': 2.5, 'stop_atr_mult': 1.0, 'allowed_hours': [], 'tp_atr_mult': 3.0, 'risk_pct': 0.01, 'max_hold_bars': 144, 'use_trail': True, 'trail_ema': 21}",6,0.1667,-8.0106,0.2071,-1.3351,0.2523,-13.192,0.0011,0.0011,2991.99,-0.9736924
ETH-USDT,VSMO,"{'rsi_lo': 45, 'rsi_hi': 80, 'vol_thresh': 2.5, 'stop_atr_mult': 1.5, 'allowed_hours': [], 'tp_atr_mult': 3.0, 'risk_pct': 0.01, 'max_hold_bars': 144, 'use_trail': True, 'trail_ema': 21}",6,0.1667,-8.0106,0.2071,-1.3351,0.2523,-13.192,0.0011,0.0011,2991.99,-0.9736924
ADA-USDT,HVOL,"{'min_adx': 30, 'vol_thresh': 1.5, 'max_ext': 0.03, 'adx_exit': 25, 'allowed_hours': [], 'risk_pct': 0.01, 'max_hold_bars': 120, 'use_trail': False, 'tp_atr_mult': 2.5}",20,0.25,-64.9645,0.3669,-3.2482,0.2665,-6.9623,0.0112,0.0064,2935.04,-0.9760079999999999
ADA-USDT,HVOL,"{'min_adx': 30, 'vol_thresh': 1.5, 'max_ext': 0.02, 'adx_exit': 25, 'allowed_hours': [], 'risk_pct': 0.01, 'max_hold_bars': 120, 'use_trail': False, 'tp_atr_mult': 2.5}",20,0.25,-64.9645,0.3669,-3.2482,0.2665,-6.9623,0.0112,0.0064,2935.04,-0.9760079999999999
ADA-USDT,HVOL,"{'min_adx': 25, 'vol_thresh': 1.3, 'max_ext': 0.02, 'adx_exit': 15, 'allowed_hours': [], 'risk_pct': 0.01, 'max_hold_bars': 120, 'use_trail': False, 'tp_atr_mult': 2.5}",24,0.25,-78.6551,0.4063,-3.2773,0.2741,-6.0614,0.0108,0.0075,2921.34,-0.9792704
ADA-USDT,HVOL,"{'min_adx': 25, 'vol_thresh': 1.3, 'max_ext': 0.03, 'adx_exit': 15, 'allowed_hours': [], 'risk_pct': 0.01, 'max_hold_bars': 120, 'use_trail': False, 'tp_atr_mult': 2.5}",24,0.25,-78.6551,0.4063,-3.2773,0.2741,-6.0614,0.0108,0.0075,2921.34,-0.9792704
DOGE-USDT,HVOL,"{'min_adx': 30, 'vol_thresh': 1.3, 'max_ext': 0.01, 'adx_exit': 15, 'allowed_hours': [], 'risk_pct': 0.01, 'max_hold_bars': 120, 'use_trail': False, 'tp_atr_mult': 2.5}",20,0.3,-37.871,0.2881,-1.8936,0.2601,-8.6253,0.0044,0.0033,2962.13,-0.9794339999999999
DOGE-USDT,HVOL,"{'min_adx': 30, 'vol_thresh': 1.3, 'max_ext': 0.03, 'adx_exit': 25, 'allowed_hours': [], 'risk_pct': 0.01, 'max_hold_bars': 120, 'use_trail': False, 'tp_atr_mult': 2.5}",20,0.3,-37.871,0.2881,-1.8936,0.2601,-8.6253,0.0044,0.0033,2962.13,-0.9794339999999999
DOGE-USDT,HVOL,"{'min_adx': 30, 'vol_thresh': 1.3, 'max_ext': 0.03, 'adx_exit': 20, 'allowed_hours': [], 'risk_pct': 0.01, 'max_hold_bars': 120, 'use_trail': False, 'tp_atr_mult': 2.5}",20,0.3,-37.871,0.2881,-1.8936,0.2601,-8.6253,0.0044,0.0033,2962.13,-0.9794339999999999
DOGE-USDT,HVOL,"{'min_adx': 30, 'vol_thresh': 1.3, 'max_ext': 0.01, 'adx_exit': 20, 'allowed_hours': [], 'risk_pct': 0.01, 'max_hold_bars': 120, 'use_trail': False, 'tp_atr_mult': 2.5}",20,0.3,-37.871,0.2881,-1.8936,0.2601,-8.6253,0.0044,0.0033,2962.13,-0.9794339999999999
DOGE-USDT,HVOL,"{'min_adx': 30, 'vol_thresh': 1.3, 'max_ext': 0.02, 'adx_exit': 20, 'allowed_hours': [], 'risk_pct': 0.01, 'max_hold_bars': 120, 'use_trail': False, 'tp_atr_mult': 2.5}",20,0.3,-37.871,0.2881,-1.8936,0.2601,-8.6253,0.0044,0.0033,2962.13,-0.9794339999999999
DOGE-USDT,HVOL,"{'min_adx': 30, 'vol_thresh': 1.3, 'max_ext': 0.02, 'adx_exit': 25, 'allowed_hours': [], 'risk_pct': 0.01, 'max_hold_bars': 120, 'use_trail': False, 'tp_atr_mult': 2.5}",20,0.3,-37.871,0.2881,-1.8936,0.2601,-8.6253,0.0044,0.0033,2962.13,-0.9794339999999999
DOGE-USDT,HVOL,"{'min_adx': 30, 'vol_thresh': 1.3, 'max_ext': 0.01, 'adx_exit': 25, 'allowed_hours': [], 'risk_pct': 0.01, 'max_hold_bars': 120, 'use_trail': False, 'tp_atr_mult': 2.5}",20,0.3,-37.871,0.2881,-1.8936,0.2601,-8.6253,0.0044,0.0033,2962.13,-0.9794339999999999
DOGE-USDT,HVOL,"{'min_adx': 30, 'vol_thresh': 1.3, 'max_ext': 0.02, 'adx_exit': 15, 'allowed_hours': [], 'risk_pct': 0.01, 'max_hold_bars': 120, 'use_trail': False, 'tp_atr_mult': 2.5}",20,0.3,-37.871,0.2881,-1.8936,0.2601,-8.6253,0.0044,0.0033,2962.13,-0.9794339999999999
DOGE-USDT,HVOL,"{'min_adx': 30, 'vol_thresh': 1.3, 'max_ext': 0.03, 'adx_exit': 15, 'allowed_hours': [], 'risk_pct': 0.01, 'max_hold_bars': 120, 'use_trail': False, 'tp_atr_mult': 2.5}",20,0.3,-37.871,0.2881,-1.8936,0.2601,-8.6253,0.0044,0.0033,2962.13,-0.9794339999999999
NEAR-USDT,HVOL,"{'min_adx': 20, 'vol_thresh': 2.0, 'max_ext': 0.02, 'adx_exit': 20, 'allowed_hours': [], 'risk_pct': 0.01, 'max_hold_bars': 120, 'use_trail': False, 'tp_atr_mult': 2.5}",21,0.3333,-82.2478,0.4208,-3.9166,0.2817,-5.7065,0.0144,0.0101,2917.75,-0.9794911999999999
NEAR-USDT,HVOL,"{'min_adx': 20, 'vol_thresh': 2.0, 'max_ext': 0.03, 'adx_exit': 20, 'allowed_hours': [], 'risk_pct': 0.01, 'max_hold_bars': 120, 'use_trail': False, 'tp_atr_mult': 2.5}",21,0.3333,-82.2478,0.4208,-3.9166,0.2817,-5.7065,0.0144,0.0101,2917.75,-0.9794911999999999
AVAX-USDT,HVOL,"{'min_adx': 30, 'vol_thresh': 2.0, 'max_ext': 0.03, 'adx_exit': 25, 'allowed_hours': [], 'risk_pct': 0.01, 'max_hold_bars': 120, 'use_trail': False, 'tp_atr_mult': 2.5}",12,0.1667,-37.2263,0.2866,-3.1022,0.2607,-8.3836,0.0053,0.0059,2962.77,-0.9797051999999999
AVAX-USDT,HVOL,"{'min_adx': 30, 'vol_thresh': 2.0, 'max_ext': 0.02, 'adx_exit': 25, 'allowed_hours': [], 'risk_pct': 0.01, 'max_hold_bars': 120, 'use_trail': False, 'tp_atr_mult': 2.5}",12,0.1667,-37.2263,0.2866,-3.1022,0.2607,-8.3836,0.0053,0.0059,2962.77,-0.9797051999999999
LIT-USDT,HVOL,"{'min_adx': 30, 'vol_thresh': 1.3, 'max_ext': 0.02, 'adx_exit': 20, 'allowed_hours': [], 'risk_pct': 0.01, 'max_hold_bars': 120, 'use_trail': False, 'tp_atr_mult': 2.5}",17,0.2941,-188.3359,0.5276,-11.0786,0.3338,-4.2124,0.0497,0.0457,2811.66,-0.9807035999999999
SUI-USDT,HVOL,"{'min_adx': 25, 'vol_thresh': 2.0, 'max_ext': 0.03, 'adx_exit': 15, 'allowed_hours': [], 'risk_pct': 0.01, 'max_hold_bars': 120, 'use_trail': False, 'tp_atr_mult': 2.5}",16,0.25,-49.4267,0.3169,-3.0892,0.2639,-7.9591,0.0089,0.0071,2950.57,-0.9862568
SUI-USDT,HVOL,"{'min_adx': 25, 'vol_thresh': 2.0, 'max_ext': 0.01, 'adx_exit': 15, 'allowed_hours': [], 'risk_pct': 0.01, 'max_hold_bars': 120, 'use_trail': False, 'tp_atr_mult': 2.5}",16,0.25,-49.4267,0.3169,-3.0892,0.2639,-7.9591,0.0089,0.0071,2950.57,-0.9862568
SUI-USDT,HVOL,"{'min_adx': 25, 'vol_thresh': 2.0, 'max_ext': 0.02, 'adx_exit': 15, 'allowed_hours': [], 'risk_pct': 0.01, 'max_hold_bars': 120, 'use_trail': False, 'tp_atr_mult': 2.5}",16,0.25,-49.4267,0.3169,-3.0892,0.2639,-7.9591,0.0089,0.0071,2950.57,-0.9862568
APT-USDT,EMASTACK,"{'max_pb': 0.015, 'vol_thresh': 1.2, 'rsi_lo': 38, 'rsi_hi': 66, 'rsi_exit': 73, 'min_adx': 15, 'allowed_hours': [8, 9, 10, 14, 15, 16, 17, 18, 19, 20, 21], 'risk_pct': 0.01, 'max_hold_bars': 144, 'use_trail': True, 'trail_ema': 21, 'tp_atr_mult': 2.5, 'stop_extra': 0.002}",6,0.1667,-40.8171,0.2943,-6.8029,0.2647,-8.8909,0.0185,0.0175,2959.18,-0.9865184
APT-USDT,EMASTACK,"{'max_pb': 0.01, 'vol_thresh': 1.2, 'rsi_lo': 38, 'rsi_hi': 66, 'rsi_exit': 73, 'min_adx': 15, 'allowed_hours': [8, 9, 10, 14, 15, 16, 17, 18, 19, 20, 21], 'risk_pct': 0.01, 'max_hold_bars': 144, 'use_trail': True, 'trail_ema': 21, 'tp_atr_mult': 2.5, 'stop_extra': 0.002}",6,0.1667,-40.8171,0.2943,-6.8029,0.2647,-8.8909,0.0185,0.0175,2959.18,-0.9865184
HYPE-USDT,MTALIGN,"{'pb_thresh': 0.003, 'vol_thresh': 1.1, 'allowed_hours': [8, 9, 10, 11, 14, 15, 16, 17, 18, 19, 20, 21], 'tp_atr_mult': 2.5, 'risk_pct': 0.01, 'max_hold_bars': 96, 'use_trail': True, 'trail_ema': 21, 'stop_extra': 0.002}",11,0.0909,-21.8502,0.2376,-1.9864,0.2556,-10.8484,0.0021,0.0025,2978.15,-0.9866008
NEAR-USDT,HVOL,"{'min_adx': 20, 'vol_thresh': 2.0, 'max_ext': 0.02, 'adx_exit': 15, 'allowed_hours': [], 'risk_pct': 0.01, 'max_hold_bars': 120, 'use_trail': False, 'tp_atr_mult': 2.5}",21,0.3333,-83.3271,0.4175,-3.968,0.2815,-5.7872,0.0144,0.0101,2916.67,-0.9885583999999998
NEAR-USDT,HVOL,"{'min_adx': 20, 'vol_thresh': 2.0, 'max_ext': 0.03, 'adx_exit': 15, 'allowed_hours': [], 'risk_pct': 0.01, 'max_hold_bars': 120, 'use_trail': False, 'tp_atr_mult': 2.5}",21,0.3333,-83.3271,0.4175,-3.968,0.2815,-5.7872,0.0144,0.0101,2916.67,-0.9885583999999998
ONDO-USDT,HVOL,"{'min_adx': 25, 'vol_thresh': 1.3, 'max_ext': 0.02, 'adx_exit': 15, 'allowed_hours': [], 'risk_pct': 0.01, 'max_hold_bars': 120, 'use_trail': False, 'tp_atr_mult': 2.5}",29,0.2069,-84.0404,0.4154,-2.8979,0.2764,-5.5793,0.0081,0.0069,2915.96,-0.9894615999999999
ONDO-USDT,HVOL,"{'min_adx': 25, 'vol_thresh': 1.3, 'max_ext': 0.03, 'adx_exit': 15, 'allowed_hours': [], 'risk_pct': 0.01, 'max_hold_bars': 120, 'use_trail': False, 'tp_atr_mult': 2.5}",29,0.2069,-84.0404,0.4154,-2.8979,0.2764,-5.5793,0.0081,0.0069,2915.96,-0.9894615999999999
APT-USDT,EMASTACK,"{'max_pb': 0.005, 'vol_thresh': 1.2, 'rsi_lo': 50, 'rsi_hi': 78, 'rsi_exit': 85, 'min_adx': 15, 'allowed_hours': [], 'risk_pct': 0.01, 'max_hold_bars': 144, 'use_trail': True, 'trail_ema': 21, 'tp_atr_mult': 2.5, 'stop_extra': 0.002}",10,0.1,-55.1099,0.3341,-5.511,0.2708,-7.0685,0.0169,0.0182,2944.89,-0.9900895999999999
APT-USDT,EMASTACK,"{'max_pb': 0.005, 'vol_thresh': 1.2, 'rsi_lo': 45, 'rsi_hi': 73, 'rsi_exit': 80, 'min_adx': 15, 'allowed_hours': [], 'risk_pct': 0.01, 'max_hold_bars': 144, 'use_trail': True, 'trail_ema': 21, 'tp_atr_mult': 2.5, 'stop_extra': 0.002}",10,0.1,-55.1099,0.3341,-5.511,0.2708,-7.0685,0.0169,0.0182,2944.89,-0.9900895999999999
DOT-USDT,EMASTACK,"{'max_pb': 0.005, 'vol_thresh': 1.2, 'rsi_lo': 50, 'rsi_hi': 78, 'rsi_exit': 85, 'min_adx': 25, 'allowed_hours': [], 'risk_pct': 0.01, 'max_hold_bars': 144, 'use_trail': True, 'trail_ema': 21, 'tp_atr_mult': 2.5, 'stop_extra': 0.002}",6,0.1667,-16.663,0.2185,-2.7772,0.2543,-12.0489,0.0057,0.0043,2983.34,-0.9932019999999998
DOT-USDT,EMASTACK,"{'max_pb': 0.005, 'vol_thresh': 1.2, 'rsi_lo': 45, 'rsi_hi': 73, 'rsi_exit': 80, 'min_adx': 25, 'allowed_hours': [], 'risk_pct': 0.01, 'max_hold_bars': 144, 'use_trail': True, 'trail_ema': 21, 'tp_atr_mult': 2.5, 'stop_extra': 0.002}",6,0.1667,-16.663,0.2185,-2.7772,0.2543,-12.0489,0.0057,0.0043,2983.34,-0.9932019999999998
DOT-USDT,EMASTACK,"{'max_pb': 0.01, 'vol_thresh': 1.2, 'rsi_lo': 45, 'rsi_hi': 73, 'rsi_exit': 80, 'min_adx': 25, 'allowed_hours': [], 'risk_pct': 0.01, 'max_hold_bars': 144, 'use_trail': True, 'trail_ema': 21, 'tp_atr_mult': 2.5, 'stop_extra': 0.002}",6,0.1667,-16.663,0.2185,-2.7772,0.2543,-12.0489,0.0057,0.0043,2983.34,-0.9932019999999998
DOT-USDT,EMASTACK,"{'max_pb': 0.01, 'vol_thresh': 1.2, 'rsi_lo': 50, 'rsi_hi': 78, 'rsi_exit': 85, 'min_adx': 25, 'allowed_hours': [], 'risk_pct': 0.01, 'max_hold_bars': 144, 'use_trail': True, 'trail_ema': 21, 'tp_atr_mult': 2.5, 'stop_extra': 0.002}",6,0.1667,-16.663,0.2185,-2.7772,0.2543,-12.0489,0.0057,0.0043,2983.34,-0.9932019999999998
DOT-USDT,EMASTACK,"{'max_pb': 0.015, 'vol_thresh': 1.2, 'rsi_lo': 50, 'rsi_hi': 78, 'rsi_exit': 85, 'min_adx': 25, 'allowed_hours': [], 'risk_pct': 0.01, 'max_hold_bars': 144, 'use_trail': True, 'trail_ema': 21, 'tp_atr_mult': 2.5, 'stop_extra': 0.002}",6,0.1667,-16.663,0.2185,-2.7772,0.2543,-12.0489,0.0057,0.0043,2983.34,-0.9932019999999998
DOT-USDT,EMASTACK,"{'max_pb': 0.015, 'vol_thresh': 1.2, 'rsi_lo': 45, 'rsi_hi': 73, 'rsi_exit': 80, 'min_adx': 25, 'allowed_hours': [], 'risk_pct': 0.01, 'max_hold_bars': 144, 'use_trail': True, 'trail_ema': 21, 'tp_atr_mult': 2.5, 'stop_extra': 0.002}",6,0.1667,-16.663,0.2185,-2.7772,0.2543,-12.0489,0.0057,0.0043,2983.34,-0.9932019999999998
SUI-USDT,MTALIGN,"{'pb_thresh': 0.008, 'vol_thresh': 1.3, 'allowed_hours': [], 'tp_atr_mult': 2.5, 'risk_pct': 0.01, 'max_hold_bars': 96, 'use_trail': True, 'trail_ema': 21, 'stop_extra': 0.002}",12,0.1667,-21.5065,0.2321,-1.7922,0.2556,-9.4826,0.0052,0.0035,2978.49,-0.993476
DOT-USDT,MTALIGN,"{'pb_thresh': 0.005, 'vol_thresh': 1.3, 'allowed_hours': [], 'tp_atr_mult': 2.5, 'risk_pct': 0.01, 'max_hold_bars': 96, 'use_trail': True, 'trail_ema': 21, 'stop_extra': 0.002}",15,0.1333,-29.7993,0.256,-1.9866,0.2597,-10.4354,0.0036,0.0033,2970.2,-0.9948972
SOL-USDT,EMASTACK,"{'max_pb': 0.015, 'vol_thresh': 1.5, 'rsi_lo': 50, 'rsi_hi': 78, 'rsi_exit': 85, 'min_adx': 15, 'allowed_hours': [], 'risk_pct': 0.01, 'max_hold_bars': 144, 'use_trail': True, 'trail_ema': 21, 'tp_atr_mult': 2.5, 'stop_extra': 0.002}",6,0.1667,-9.7826,0.197,-1.6304,0.2526,-13.3913,0.0036,0.0021,2990.22,-0.9962304
SOL-USDT,EMASTACK,"{'max_pb': 0.005, 'vol_thresh': 2.0, 'rsi_lo': 50, 'rsi_hi': 78, 'rsi_exit': 85, 'min_adx': 15, 'allowed_hours': [], 'risk_pct': 0.01, 'max_hold_bars': 144, 'use_trail': True, 'trail_ema': 21, 'tp_atr_mult': 2.5, 'stop_extra': 0.002}",6,0.1667,-9.7826,0.197,-1.6304,0.2526,-13.3913,0.0036,0.0021,2990.22,-0.9962304
SOL-USDT,EMASTACK,"{'max_pb': 0.005, 'vol_thresh': 2.0, 'rsi_lo': 45, 'rsi_hi': 73, 'rsi_exit': 80, 'min_adx': 15, 'allowed_hours': [], 'risk_pct': 0.01, 'max_hold_bars': 144, 'use_trail': True, 'trail_ema': 21, 'tp_atr_mult': 2.5, 'stop_extra': 0.002}",6,0.1667,-9.7826,0.197,-1.6304,0.2526,-13.3913,0.0036,0.0021,2990.22,-0.9962304
SOL-USDT,EMASTACK,"{'max_pb': 0.005, 'vol_thresh': 1.5, 'rsi_lo': 50, 'rsi_hi': 78, 'rsi_exit': 85, 'min_adx': 15, 'allowed_hours': [], 'risk_pct': 0.01, 'max_hold_bars': 144, 'use_trail': True, 'trail_ema': 21, 'tp_atr_mult': 2.5, 'stop_extra': 0.002}",6,0.1667,-9.7826,0.197,-1.6304,0.2526,-13.3913,0.0036,0.0021,2990.22,-0.9962304
SOL-USDT,EMASTACK,"{'max_pb': 0.01, 'vol_thresh': 1.5, 'rsi_lo': 50, 'rsi_hi': 78, 'rsi_exit': 85, 'min_adx': 15, 'allowed_hours': [], 'risk_pct': 0.01, 'max_hold_bars': 144, 'use_trail': True, 'trail_ema': 21, 'tp_atr_mult': 2.5, 'stop_extra': 0.002}",6,0.1667,-9.7826,0.197,-1.6304,0.2526,-13.3913,0.0036,0.0021,2990.22,-0.9962304
SOL-USDT,EMASTACK,"{'max_pb': 0.015, 'vol_thresh': 2.0, 'rsi_lo': 50, 'rsi_hi': 78, 'rsi_exit': 85, 'min_adx': 15, 'allowed_hours': [], 'risk_pct': 0.01, 'max_hold_bars': 144, 'use_trail': True, 'trail_ema': 21, 'tp_atr_mult': 2.5, 'stop_extra': 0.002}",6,0.1667,-9.7826,0.197,-1.6304,0.2526,-13.3913,0.0036,0.0021,2990.22,-0.9962304
SOL-USDT,EMASTACK,"{'max_pb': 0.015, 'vol_thresh': 1.5, 'rsi_lo': 45, 'rsi_hi': 73, 'rsi_exit': 80, 'min_adx': 15, 'allowed_hours': [], 'risk_pct': 0.01, 'max_hold_bars': 144, 'use_trail': True, 'trail_ema': 21, 'tp_atr_mult': 2.5, 'stop_extra': 0.002}",6,0.1667,-9.7826,0.197,-1.6304,0.2526,-13.3913,0.0036,0.0021,2990.22,-0.9962304
SOL-USDT,EMASTACK,"{'max_pb': 0.015, 'vol_thresh': 2.0, 'rsi_lo': 45, 'rsi_hi': 73, 'rsi_exit': 80, 'min_adx': 15, 'allowed_hours': [], 'risk_pct': 0.01, 'max_hold_bars': 144, 'use_trail': True, 'trail_ema': 21, 'tp_atr_mult': 2.5, 'stop_extra': 0.002}",6,0.1667,-9.7826,0.197,-1.6304,0.2526,-13.3913,0.0036,0.0021,2990.22,-0.9962304
SOL-USDT,EMASTACK,"{'max_pb': 0.01, 'vol_thresh': 1.5, 'rsi_lo': 45, 'rsi_hi': 73, 'rsi_exit': 80, 'min_adx': 15, 'allowed_hours': [], 'risk_pct': 0.01, 'max_hold_bars': 144, 'use_trail': True, 'trail_ema': 21, 'tp_atr_mult': 2.5, 'stop_extra': 0.002}",6,0.1667,-9.7826,0.197,-1.6304,0.2526,-13.3913,0.0036,0.0021,2990.22,-0.9962304
SOL-USDT,EMASTACK,"{'max_pb': 0.005, 'vol_thresh': 1.5, 'rsi_lo': 45, 'rsi_hi': 73, 'rsi_exit': 80, 'min_adx': 15, 'allowed_hours': [], 'risk_pct': 0.01, 'max_hold_bars': 144, 'use_trail': True, 'trail_ema': 21, 'tp_atr_mult': 2.5, 'stop_extra': 0.002}",6,0.1667,-9.7826,0.197,-1.6304,0.2526,-13.3913,0.0036,0.0021,2990.22,-0.9962304
SOL-USDT,EMASTACK,"{'max_pb': 0.01, 'vol_thresh': 2.0, 'rsi_lo': 50, 'rsi_hi': 78, 'rsi_exit': 85, 'min_adx': 15, 'allowed_hours': [], 'risk_pct': 0.01, 'max_hold_bars': 144, 'use_trail': True, 'trail_ema': 21, 'tp_atr_mult': 2.5, 'stop_extra': 0.002}",6,0.1667,-9.7826,0.197,-1.6304,0.2526,-13.3913,0.0036,0.0021,2990.22,-0.9962304
SOL-USDT,EMASTACK,"{'max_pb': 0.01, 'vol_thresh': 2.0, 'rsi_lo': 45, 'rsi_hi': 73, 'rsi_exit': 80, 'min_adx': 15, 'allowed_hours': [], 'risk_pct': 0.01, 'max_hold_bars': 144, 'use_trail': True, 'trail_ema': 21, 'tp_atr_mult': 2.5, 'stop_extra': 0.002}",6,0.1667,-9.7826,0.197,-1.6304,0.2526,-13.3913,0.0036,0.0021,2990.22,-0.9962304
ADA-USDT,HVOL,"{'min_adx': 30, 'vol_thresh': 1.5, 'max_ext': 0.03, 'adx_exit': 15, 'allowed_hours': [], 'risk_pct': 0.01, 'max_hold_bars': 120, 'use_trail': False, 'tp_atr_mult': 2.5}",20,0.25,-67.2645,0.3588,-3.3632,0.2671,-7.1648,0.0112,0.0066,2932.74,-0.997958
ADA-USDT,HVOL,"{'min_adx': 30, 'vol_thresh': 1.5, 'max_ext': 0.03, 'adx_exit': 20, 'allowed_hours': [], 'risk_pct': 0.01, 'max_hold_bars': 120, 'use_trail': False, 'tp_atr_mult': 2.5}",20,0.25,-67.2645,0.3588,-3.3632,0.2671,-7.1648,0.0112,0.0066,2932.74,-0.997958
ADA-USDT,HVOL,"{'min_adx': 30, 'vol_thresh': 1.5, 'max_ext': 0.02, 'adx_exit': 15, 'allowed_hours': [], 'risk_pct': 0.01, 'max_hold_bars': 120, 'use_trail': False, 'tp_atr_mult': 2.5}",20,0.25,-67.2645,0.3588,-3.3632,0.2671,-7.1648,0.0112,0.0066,2932.74,-0.997958
ADA-USDT,HVOL,"{'min_adx': 30, 'vol_thresh': 1.5, 'max_ext': 0.02, 'adx_exit': 20, 'allowed_hours': [], 'risk_pct': 0.01, 'max_hold_bars': 120, 'use_trail': False, 'tp_atr_mult': 2.5}",20,0.25,-67.2645,0.3588,-3.3632,0.2671,-7.1648,0.0112,0.0066,2932.74,-0.997958
NEAR-USDT,HVOL,"{'min_adx': 30, 'vol_thresh': 1.5, 'max_ext': 0.03, 'adx_exit': 20, 'allowed_hours': [], 'risk_pct': 0.01, 'max_hold_bars': 120, 'use_trail': False, 'tp_atr_mult': 2.5}",19,0.3684,-81.3675,0.3985,-4.2825,0.2723,-6.1585,0.0137,0.0104,2918.63,-1.0000200000000001
NEAR-USDT,HVOL,"{'min_adx': 30, 'vol_thresh': 1.5, 'max_ext': 0.02, 'adx_exit': 20, 'allowed_hours': [], 'risk_pct': 0.01, 'max_hold_bars': 120, 'use_trail': False, 'tp_atr_mult': 2.5}",19,0.3684,-81.3675,0.3985,-4.2825,0.2723,-6.1585,0.0137,0.0104,2918.63,-1.0000200000000001
DOT-USDT,EMASTACK,"{'max_pb': 0.015, 'vol_thresh': 1.5, 'rsi_lo': 50, 'rsi_hi': 78, 'rsi_exit': 85, 'min_adx': 15, 'allowed_hours': [], 'risk_pct': 0.01, 'max_hold_bars': 144, 'use_trail': True, 'trail_ema': 21, 'tp_atr_mult': 2.5, 'stop_extra': 0.002}",7,0.1429,-16.9723,0.2151,-2.4246,0.255,-12.1637,0.005,0.0033,2983.03,-1.0002391999999998
DOT-USDT,EMASTACK,"{'max_pb': 0.015, 'vol_thresh': 1.5, 'rsi_lo': 45, 'rsi_hi': 73, 'rsi_exit': 80, 'min_adx': 20, 'allowed_hours': [], 'risk_pct': 0.01, 'max_hold_bars': 144, 'use_trail': True, 'trail_ema': 21, 'tp_atr_mult': 2.5, 'stop_extra': 0.002}",7,0.1429,-16.9723,0.2151,-2.4246,0.255,-12.1637,0.005,0.0033,2983.03,-1.0002391999999998
DOT-USDT,EMASTACK,"{'max_pb': 0.015, 'vol_thresh': 1.5, 'rsi_lo': 45, 'rsi_hi': 73, 'rsi_exit': 80, 'min_adx': 15, 'allowed_hours': [], 'risk_pct': 0.01, 'max_hold_bars': 144, 'use_trail': True, 'trail_ema': 21, 'tp_atr_mult': 2.5, 'stop_extra': 0.002}",7,0.1429,-16.9723,0.2151,-2.4246,0.255,-12.1637,0.005,0.0033,2983.03,-1.0002391999999998
DOT-USDT,EMASTACK,"{'max_pb': 0.01, 'vol_thresh': 1.5, 'rsi_lo': 50, 'rsi_hi': 78, 'rsi_exit': 85, 'min_adx': 20, 'allowed_hours': [], 'risk_pct': 0.01, 'max_hold_bars': 144, 'use_trail': True, 'trail_ema': 21, 'tp_atr_mult': 2.5, 'stop_extra': 0.002}",7,0.1429,-16.9723,0.2151,-2.4246,0.255,-12.1637,0.005,0.0033,2983.03,-1.0002391999999998
DOT-USDT,EMASTACK,"{'max_pb': 0.01, 'vol_thresh': 1.5, 'rsi_lo': 50, 'rsi_hi': 78, 'rsi_exit': 85, 'min_adx': 15, 'allowed_hours': [], 'risk_pct': 0.01, 'max_hold_bars': 144, 'use_trail': True, 'trail_ema': 21, 'tp_atr_mult': 2.5, 'stop_extra': 0.002}",7,0.1429,-16.9723,0.2151,-2.4246,0.255,-12.1637,0.005,0.0033,2983.03,-1.0002391999999998
DOT-USDT,EMASTACK,"{'max_pb': 0.005, 'vol_thresh': 1.5, 'rsi_lo': 45, 'rsi_hi': 73, 'rsi_exit': 80, 'min_adx': 15, 'allowed_hours': [], 'risk_pct': 0.01, 'max_hold_bars': 144, 'use_trail': True, 'trail_ema': 21, 'tp_atr_mult': 2.5, 'stop_extra': 0.002}",7,0.1429,-16.9723,0.2151,-2.4246,0.255,-12.1637,0.005,0.0033,2983.03,-1.0002391999999998
DOT-USDT,EMASTACK,"{'max_pb': 0.015, 'vol_thresh': 1.5, 'rsi_lo': 50, 'rsi_hi': 78, 'rsi_exit': 85, 'min_adx': 20, 'allowed_hours': [], 'risk_pct': 0.01, 'max_hold_bars': 144, 'use_trail': True, 'trail_ema': 21, 'tp_atr_mult': 2.5, 'stop_extra': 0.002}",7,0.1429,-16.9723,0.2151,-2.4246,0.255,-12.1637,0.005,0.0033,2983.03,-1.0002391999999998
DOT-USDT,EMASTACK,"{'max_pb': 0.005, 'vol_thresh': 1.5, 'rsi_lo': 50, 'rsi_hi': 78, 'rsi_exit': 85, 'min_adx': 15, 'allowed_hours': [], 'risk_pct': 0.01, 'max_hold_bars': 144, 'use_trail': True, 'trail_ema': 21, 'tp_atr_mult': 2.5, 'stop_extra': 0.002}",7,0.1429,-16.9723,0.2151,-2.4246,0.255,-12.1637,0.005,0.0033,2983.03,-1.0002391999999998
DOT-USDT,EMASTACK,"{'max_pb': 0.01, 'vol_thresh': 1.5, 'rsi_lo': 45, 'rsi_hi': 73, 'rsi_exit': 80, 'min_adx': 15, 'allowed_hours': [], 'risk_pct': 0.01, 'max_hold_bars': 144, 'use_trail': True, 'trail_ema': 21, 'tp_atr_mult': 2.5, 'stop_extra': 0.002}",7,0.1429,-16.9723,0.2151,-2.4246,0.255,-12.1637,0.005,0.0033,2983.03,-1.0002391999999998
DOT-USDT,EMASTACK,"{'max_pb': 0.01, 'vol_thresh': 1.5, 'rsi_lo': 45, 'rsi_hi': 73, 'rsi_exit': 80, 'min_adx': 20, 'allowed_hours': [], 'risk_pct': 0.01, 'max_hold_bars': 144, 'use_trail': True, 'trail_ema': 21, 'tp_atr_mult': 2.5, 'stop_extra': 0.002}",7,0.1429,-16.9723,0.2151,-2.4246,0.255,-12.1637,0.005,0.0033,2983.03,-1.0002391999999998
DOT-USDT,EMASTACK,"{'max_pb': 0.005, 'vol_thresh': 1.5, 'rsi_lo': 45, 'rsi_hi': 73, 'rsi_exit': 80, 'min_adx': 20, 'allowed_hours': [], 'risk_pct': 0.01, 'max_hold_bars': 144, 'use_trail': True, 'trail_ema': 21, 'tp_atr_mult': 2.5, 'stop_extra': 0.002}",7,0.1429,-16.9723,0.2151,-2.4246,0.255,-12.1637,0.005,0.0033,2983.03,-1.0002391999999998
DOT-USDT,EMASTACK,"{'max_pb': 0.005, 'vol_thresh': 1.5, 'rsi_lo': 50, 'rsi_hi': 78, 'rsi_exit': 85, 'min_adx': 20, 'allowed_hours': [], 'risk_pct': 0.01, 'max_hold_bars': 144, 'use_trail': True, 'trail_ema': 21, 'tp_atr_mult': 2.5, 'stop_extra': 0.002}",7,0.1429,-16.9723,0.2151,-2.4246,0.255,-12.1637,0.005,0.0033,2983.03,-1.0002391999999998
WLD-USDT,HVOL,"{'min_adx': 30, 'vol_thresh': 1.5, 'max_ext': 0.02, 'adx_exit': 20, 'allowed_hours': [], 'risk_pct': 0.01, 'max_hold_bars': 120, 'use_trail': False, 'tp_atr_mult': 2.5}",14,0.2143,-51.5646,0.3117,-3.6832,0.2643,-8.4473,0.0054,0.0071,2948.44,-1.0030084000000001
WLD-USDT,HVOL,"{'min_adx': 30, 'vol_thresh': 1.5, 'max_ext': 0.03, 'adx_exit': 20, 'allowed_hours': [], 'risk_pct': 0.01, 'max_hold_bars': 120, 'use_trail': False, 'tp_atr_mult': 2.5}",14,0.2143,-51.5646,0.3117,-3.6832,0.2643,-8.4473,0.0054,0.0071,2948.44,-1.0030084000000001
NEAR-USDT,HVOL,"{'min_adx': 30, 'vol_thresh': 1.5, 'max_ext': 0.03, 'adx_exit': 15, 'allowed_hours': [], 'risk_pct': 0.01, 'max_hold_bars': 120, 'use_trail': False, 'tp_atr_mult': 2.5}",19,0.3684,-82.4285,0.3986,-4.3383,0.2725,-6.195,0.0137,0.0104,2917.57,-1.004314
NEAR-USDT,HVOL,"{'min_adx': 30, 'vol_thresh': 1.5, 'max_ext': 0.02, 'adx_exit': 15, 'allowed_hours': [], 'risk_pct': 0.01, 'max_hold_bars': 120, 'use_trail': False, 'tp_atr_mult': 2.5}",19,0.3684,-82.4285,0.3986,-4.3383,0.2725,-6.195,0.0137,0.0104,2917.57,-1.004314
WLD-USDT,HVOL,"{'min_adx': 30, 'vol_thresh': 1.5, 'max_ext': 0.02, 'adx_exit': 25, 'allowed_hours': [], 'risk_pct': 0.01, 'max_hold_bars': 120, 'use_trail': False, 'tp_atr_mult': 2.5}",14,0.2143,-51.8308,0.3106,-3.7022,0.2644,-8.4871,0.0054,0.0069,2948.17,-1.0058232
WLD-USDT,HVOL,"{'min_adx': 30, 'vol_thresh': 1.5, 'max_ext': 0.03, 'adx_exit': 25, 'allowed_hours': [], 'risk_pct': 0.01, 'max_hold_bars': 120, 'use_trail': False, 'tp_atr_mult': 2.5}",14,0.2143,-51.8308,0.3106,-3.7022,0.2644,-8.4871,0.0054,0.0069,2948.17,-1.0058232
AVAX-USDT,MTALIGN,"{'pb_thresh': 0.003, 'vol_thresh': 1.1, 'allowed_hours': [14, 15, 16, 17, 18, 19], 'tp_atr_mult': 2.5, 'risk_pct': 0.01, 'max_hold_bars': 96, 'use_trail': True, 'trail_ema': 21, 'stop_extra': 0.002}",5,0.2,-7.7705,0.1838,-1.5541,0.252,-14.4724,0.0034,0.0022,2992.23,-1.0073819999999998
AVAX-USDT,MTALIGN,"{'pb_thresh': 0.008, 'vol_thresh': 1.1, 'allowed_hours': [14, 15, 16, 17, 18, 19], 'tp_atr_mult': 2.5, 'risk_pct': 0.01, 'max_hold_bars': 96, 'use_trail': True, 'trail_ema': 21, 'stop_extra': 0.002}",5,0.2,-7.7705,0.1838,-1.5541,0.252,-14.4724,0.0034,0.0022,2992.23,-1.0073819999999998
AVAX-USDT,MTALIGN,"{'pb_thresh': 0.005, 'vol_thresh': 1.1, 'allowed_hours': [14, 15, 16, 17, 18, 19], 'tp_atr_mult': 2.5, 'risk_pct': 0.01, 'max_hold_bars': 96, 'use_trail': True, 'trail_ema': 21, 'stop_extra': 0.002}",5,0.2,-7.7705,0.1838,-1.5541,0.252,-14.4724,0.0034,0.0022,2992.23,-1.0073819999999998
ONDO-USDT,HVOL,"{'min_adx': 25, 'vol_thresh': 2.0, 'max_ext': 0.03, 'adx_exit': 25, 'allowed_hours': [], 'risk_pct': 0.01, 'max_hold_bars': 120, 'use_trail': False, 'tp_atr_mult': 2.5}",19,0.1053,-66.2864,0.3522,-3.4888,0.2725,-6.3859,0.0087,0.0074,2933.71,-1.0093456
ONDO-USDT,HVOL,"{'min_adx': 25, 'vol_thresh': 2.0, 'max_ext': 0.02, 'adx_exit': 25, 'allowed_hours': [], 'risk_pct': 0.01, 'max_hold_bars': 120, 'use_trail': False, 'tp_atr_mult': 2.5}",19,0.1053,-66.2864,0.3522,-3.4888,0.2725,-6.3859,0.0087,0.0074,2933.71,-1.0093456
FIL-USDT,HVOL,"{'min_adx': 30, 'vol_thresh': 1.5, 'max_ext': 0.03, 'adx_exit': 25, 'allowed_hours': [], 'risk_pct': 0.01, 'max_hold_bars': 120, 'use_trail': False, 'tp_atr_mult': 2.5}",16,0.125,-49.2167,0.2994,-3.076,0.263,-6.8669,0.0108,0.0061,2950.78,-1.0107667999999999
FIL-USDT,HVOL,"{'min_adx': 30, 'vol_thresh': 1.5, 'max_ext': 0.01, 'adx_exit': 25, 'allowed_hours': [], 'risk_pct': 0.01, 'max_hold_bars': 120, 'use_trail': False, 'tp_atr_mult': 2.5}",16,0.125,-49.2167,0.2994,-3.076,0.263,-6.8669,0.0108,0.0061,2950.78,-1.0107667999999999
FIL-USDT,HVOL,"{'min_adx': 30, 'vol_thresh': 1.5, 'max_ext': 0.02, 'adx_exit': 25, 'allowed_hours': [], 'risk_pct': 0.01, 'max_hold_bars': 120, 'use_trail': False, 'tp_atr_mult': 2.5}",16,0.125,-49.2167,0.2994,-3.076,0.263,-6.8669,0.0108,0.0061,2950.78,-1.0107667999999999
ADA-USDT,HVOL,"{'min_adx': 25, 'vol_thresh': 1.3, 'max_ext': 0.02, 'adx_exit': 25, 'allowed_hours': [], 'risk_pct': 0.01, 'max_hold_bars': 120, 'use_trail': False, 'tp_atr_mult': 2.5}",25,0.2,-80.6661,0.3901,-3.2266,0.2737,-6.239,0.0101,0.0068,2919.33,-1.0112144
ADA-USDT,HVOL,"{'min_adx': 25, 'vol_thresh': 1.3, 'max_ext': 0.03, 'adx_exit': 25, 'allowed_hours': [], 'risk_pct': 0.01, 'max_hold_bars': 120, 'use_trail': False, 'tp_atr_mult': 2.5}",25,0.2,-80.6661,0.3901,-3.2266,0.2737,-6.239,0.0101,0.0068,2919.33,-1.0112144
UNI-USDT,HVOL,"{'min_adx': 30, 'vol_thresh': 1.5, 'max_ext': 0.02, 'adx_exit': 25, 'allowed_hours': [], 'risk_pct': 0.01, 'max_hold_bars': 120, 'use_trail': False, 'tp_atr_mult': 2.5}",11,0.1818,-35.1005,0.2562,-3.191,0.2597,-9.6695,0.0046,0.0066,2964.9,-1.015802
UNI-USDT,HVOL,"{'min_adx': 30, 'vol_thresh': 1.5, 'max_ext': 0.01, 'adx_exit': 25, 'allowed_hours': [], 'risk_pct': 0.01, 'max_hold_bars': 120, 'use_trail': False, 'tp_atr_mult': 2.5}",11,0.1818,-35.1005,0.2562,-3.191,0.2597,-9.6695,0.0046,0.0066,2964.9,-1.015802
UNI-USDT,HVOL,"{'min_adx': 30, 'vol_thresh': 1.5, 'max_ext': 0.03, 'adx_exit': 25, 'allowed_hours': [], 'risk_pct': 0.01, 'max_hold_bars': 120, 'use_trail': False, 'tp_atr_mult': 2.5}",11,0.1818,-35.1005,0.2562,-3.191,0.2597,-9.6695,0.0046,0.0066,2964.9,-1.015802
ADA-USDT,HVOL,"{'min_adx': 20, 'vol_thresh': 2.0, 'max_ext': 0.02, 'adx_exit': 25, 'allowed_hours': [], 'risk_pct': 0.01, 'max_hold_bars': 120, 'use_trail': False, 'tp_atr_mult': 2.5}",21,0.2381,-69.6493,0.3545,-3.3166,0.2692,-6.5258,0.012,0.0066,2930.35,-1.0160472
ADA-USDT,HVOL,"{'min_adx': 20, 'vol_thresh': 2.0, 'max_ext': 0.03, 'adx_exit': 25, 'allowed_hours': [], 'risk_pct': 0.01, 'max_hold_bars': 120, 'use_trail': False, 'tp_atr_mult': 2.5}",21,0.2381,-69.6493,0.3545,-3.3166,0.2692,-6.5258,0.012,0.0066,2930.35,-1.0160472
HYPE-USDT,HVOL,"{'min_adx': 20, 'vol_thresh': 2.0, 'max_ext': 0.03, 'adx_exit': 25, 'allowed_hours': [], 'risk_pct': 0.01, 'max_hold_bars': 120, 'use_trail': False, 'tp_atr_mult': 2.5}",20,0.3,-50.4664,0.2972,-2.5233,0.2627,-8.5116,0.003,0.0049,2949.53,-1.0187655999999996
HYPE-USDT,HVOL,"{'min_adx': 20, 'vol_thresh': 2.0, 'max_ext': 0.01, 'adx_exit': 25, 'allowed_hours': [], 'risk_pct': 0.01, 'max_hold_bars': 120, 'use_trail': False, 'tp_atr_mult': 2.5}",20,0.3,-50.4664,0.2972,-2.5233,0.2627,-8.5116,0.003,0.0049,2949.53,-1.0187655999999996
HYPE-USDT,HVOL,"{'min_adx': 20, 'vol_thresh': 2.0, 'max_ext': 0.02, 'adx_exit': 25, 'allowed_hours': [], 'risk_pct': 0.01, 'max_hold_bars': 120, 'use_trail': False, 'tp_atr_mult': 2.5}",20,0.3,-50.4664,0.2972,-2.5233,0.2627,-8.5116,0.003,0.0049,2949.53,-1.0187655999999996
NEAR-USDT,HVOL,"{'min_adx': 25, 'vol_thresh': 1.3, 'max_ext': 0.03, 'adx_exit': 20, 'allowed_hours': [], 'risk_pct': 0.01, 'max_hold_bars': 120, 'use_trail': False, 'tp_atr_mult': 2.5}",25,0.32,-103.6995,0.4538,-4.148,0.2848,-5.5252,0.0132,0.0106,2896.3,-1.018898
NEAR-USDT,HVOL,"{'min_adx': 25, 'vol_thresh': 1.3, 'max_ext': 0.02, 'adx_exit': 20, 'allowed_hours': [], 'risk_pct': 0.01, 'max_hold_bars': 120, 'use_trail': False, 'tp_atr_mult': 2.5}",25,0.32,-103.6995,0.4538,-4.148,0.2848,-5.5252,0.0132,0.0106,2896.3,-1.018898
APT-USDT,HVOL,"{'min_adx': 30, 'vol_thresh': 2.0, 'max_ext': 0.01, 'adx_exit': 25, 'allowed_hours': [], 'risk_pct': 0.01, 'max_hold_bars': 120, 'use_trail': False, 'tp_atr_mult': 2.5}",10,0.4,-75.9905,0.3759,-7.5991,0.2793,-5.9779,0.0391,0.0283,2924.01,-1.019412
DOGE-USDT,MTALIGN,"{'pb_thresh': 0.005, 'vol_thresh': 1.5, 'allowed_hours': [], 'tp_atr_mult': 2.5, 'risk_pct': 0.01, 'max_hold_bars': 96, 'use_trail': True, 'trail_ema': 21, 'stop_extra': 0.002}",7,0.1429,-10.2633,0.182,-1.4662,0.2523,-13.8647,0.0039,0.0017,2989.74,-1.0203532
DOGE-USDT,MTALIGN,"{'pb_thresh': 0.008, 'vol_thresh': 1.5, 'allowed_hours': [], 'tp_atr_mult': 2.5, 'risk_pct': 0.01, 'max_hold_bars': 96, 'use_trail': True, 'trail_ema': 21, 'stop_extra': 0.002}",7,0.1429,-10.2633,0.182,-1.4662,0.2523,-13.8647,0.0039,0.0017,2989.74,-1.0203532
NEAR-USDT,HVOL,"{'min_adx': 20, 'vol_thresh': 1.5, 'max_ext': 0.01, 'adx_exit': 25, 'allowed_hours': [], 'risk_pct': 0.01, 'max_hold_bars': 120, 'use_trail': False, 'tp_atr_mult': 2.5}",25,0.28,-93.1995,0.4209,-3.728,0.2813,-6.1097,0.0125,0.0094,2906.8,-1.022748
LINK-USDT,HVOL,"{'min_adx': 25, 'vol_thresh': 1.5, 'max_ext': 0.03, 'adx_exit': 25, 'allowed_hours': [], 'risk_pct': 0.01, 'max_hold_bars': 120, 'use_trail': False, 'tp_atr_mult': 2.5}",19,0.2105,-47.5052,0.2859,-2.5003,0.2639,-9.874,0.0032,0.0041,2952.49,-1.0250708
LINK-USDT,HVOL,"{'min_adx': 25, 'vol_thresh': 1.5, 'max_ext': 0.02, 'adx_exit': 25, 'allowed_hours': [], 'risk_pct': 0.01, 'max_hold_bars': 120, 'use_trail': False, 'tp_atr_mult': 2.5}",19,0.2105,-47.5052,0.2859,-2.5003,0.2639,-9.874,0.0032,0.0041,2952.49,-1.0250708
LINK-USDT,HVOL,"{'min_adx': 25, 'vol_thresh': 1.5, 'max_ext': 0.01, 'adx_exit': 25, 'allowed_hours': [], 'risk_pct': 0.01, 'max_hold_bars': 120, 'use_trail': False, 'tp_atr_mult': 2.5}",19,0.2105,-47.5052,0.2859,-2.5003,0.2639,-9.874,0.0032,0.0041,2952.49,-1.0250708
FIL-USDT,EMASTACK,"{'max_pb': 0.015, 'vol_thresh': 1.2, 'rsi_lo': 38, 'rsi_hi': 66, 'rsi_exit': 73, 'min_adx': 15, 'allowed_hours': [], 'risk_pct': 0.01, 'max_hold_bars': 144, 'use_trail': True, 'trail_ema': 21, 'tp_atr_mult': 2.5, 'stop_extra': 0.002}",10,0.2,-19.0448,0.2045,-1.9045,0.2566,-11.975,0.0062,0.0035,2980.96,-1.0260292
FIL-USDT,EMASTACK,"{'max_pb': 0.015, 'vol_thresh': 1.2, 'rsi_lo': 45, 'rsi_hi': 73, 'rsi_exit': 80, 'min_adx': 15, 'allowed_hours': [], 'risk_pct': 0.01, 'max_hold_bars': 144, 'use_trail': True, 'trail_ema': 21, 'tp_atr_mult': 2.5, 'stop_extra': 0.002}",10,0.2,-19.0448,0.2045,-1.9045,0.2566,-11.975,0.0062,0.0035,2980.96,-1.0260292
FIL-USDT,EMASTACK,"{'max_pb': 0.015, 'vol_thresh': 1.2, 'rsi_lo': 38, 'rsi_hi': 66, 'rsi_exit': 73, 'min_adx': 20, 'allowed_hours': [], 'risk_pct': 0.01, 'max_hold_bars': 144, 'use_trail': True, 'trail_ema': 21, 'tp_atr_mult': 2.5, 'stop_extra': 0.002}",10,0.2,-19.0448,0.2045,-1.9045,0.2566,-11.975,0.0062,0.0035,2980.96,-1.0260292
FIL-USDT,EMASTACK,"{'max_pb': 0.005, 'vol_thresh': 1.2, 'rsi_lo': 50, 'rsi_hi': 78, 'rsi_exit': 85, 'min_adx': 15, 'allowed_hours': [], 'risk_pct': 0.01, 'max_hold_bars': 144, 'use_trail': True, 'trail_ema': 21, 'tp_atr_mult': 2.5, 'stop_extra': 0.002}",10,0.2,-19.0448,0.2045,-1.9045,0.2566,-11.975,0.0062,0.0035,2980.96,-1.0260292
FIL-USDT,EMASTACK,"{'max_pb': 0.015, 'vol_thresh': 1.2, 'rsi_lo': 45, 'rsi_hi': 73, 'rsi_exit': 80, 'min_adx': 20, 'allowed_hours': [], 'risk_pct': 0.01, 'max_hold_bars': 144, 'use_trail': True, 'trail_ema': 21, 'tp_atr_mult': 2.5, 'stop_extra': 0.002}",10,0.2,-19.0448,0.2045,-1.9045,0.2566,-11.975,0.0062,0.0035,2980.96,-1.0260292
FIL-USDT,EMASTACK,"{'max_pb': 0.015, 'vol_thresh': 1.2, 'rsi_lo': 50, 'rsi_hi': 78, 'rsi_exit': 85, 'min_adx': 15, 'allowed_hours': [], 'risk_pct': 0.01, 'max_hold_bars': 144, 'use_trail': True, 'trail_ema': 21, 'tp_atr_mult': 2.5, 'stop_extra': 0.002}",10,0.2,-19.0448,0.2045,-1.9045,0.2566,-11.975,0.0062,0.0035,2980.96,-1.0260292
FIL-USDT,EMASTACK,"{'max_pb': 0.005, 'vol_thresh': 1.2, 'rsi_lo': 45, 'rsi_hi': 73, 'rsi_exit': 80, 'min_adx': 20, 'allowed_hours': [], 'risk_pct': 0.01, 'max_hold_bars': 144, 'use_trail': True, 'trail_ema': 21, 'tp_atr_mult': 2.5, 'stop_extra': 0.002}",10,0.2,-19.0448,0.2045,-1.9045,0.2566,-11.975,0.0062,0.0035,2980.96,-1.0260292
FIL-USDT,EMASTACK,"{'max_pb': 0.015, 'vol_thresh': 1.2, 'rsi_lo': 50, 'rsi_hi': 78, 'rsi_exit': 85, 'min_adx': 20, 'allowed_hours': [], 'risk_pct': 0.01, 'max_hold_bars': 144, 'use_trail': True, 'trail_ema': 21, 'tp_atr_mult': 2.5, 'stop_extra': 0.002}",10,0.2,-19.0448,0.2045,-1.9045,0.2566,-11.975,0.0062,0.0035,2980.96,-1.0260292
FIL-USDT,EMASTACK,"{'max_pb': 0.005, 'vol_thresh': 1.2, 'rsi_lo': 45, 'rsi_hi': 73, 'rsi_exit': 80, 'min_adx': 15, 'allowed_hours': [], 'risk_pct': 0.01, 'max_hold_bars': 144, 'use_trail': True, 'trail_ema': 21, 'tp_atr_mult': 2.5, 'stop_extra': 0.002}",10,0.2,-19.0448,0.2045,-1.9045,0.2566,-11.975,0.0062,0.0035,2980.96,-1.0260292
FIL-USDT,EMASTACK,"{'max_pb': 0.005, 'vol_thresh': 1.2, 'rsi_lo': 38, 'rsi_hi': 66, 'rsi_exit': 73, 'min_adx': 20, 'allowed_hours': [], 'risk_pct': 0.01, 'max_hold_bars': 144, 'use_trail': True, 'trail_ema': 21, 'tp_atr_mult': 2.5, 'stop_extra': 0.002}",10,0.2,-19.0448,0.2045,-1.9045,0.2566,-11.975,0.0062,0.0035,2980.96,-1.0260292
FIL-USDT,EMASTACK,"{'max_pb': 0.005, 'vol_thresh': 1.2, 'rsi_lo': 38, 'rsi_hi': 66, 'rsi_exit': 73, 'min_adx': 15, 'allowed_hours': [], 'risk_pct': 0.01, 'max_hold_bars': 144, 'use_trail': True, 'trail_ema': 21, 'tp_atr_mult': 2.5, 'stop_extra': 0.002}",10,0.2,-19.0448,0.2045,-1.9045,0.2566,-11.975,0.0062,0.0035,2980.96,-1.0260292
FIL-USDT,EMASTACK,"{'max_pb': 0.01, 'vol_thresh': 1.2, 'rsi_lo': 38, 'rsi_hi': 66, 'rsi_exit': 73, 'min_adx': 15, 'allowed_hours': [], 'risk_pct': 0.01, 'max_hold_bars': 144, 'use_trail': True, 'trail_ema': 21, 'tp_atr_mult': 2.5, 'stop_extra': 0.002}",10,0.2,-19.0448,0.2045,-1.9045,0.2566,-11.975,0.0062,0.0035,2980.96,-1.0260292
FIL-USDT,EMASTACK,"{'max_pb': 0.005, 'vol_thresh': 1.2, 'rsi_lo': 50, 'rsi_hi': 78, 'rsi_exit': 85, 'min_adx': 20, 'allowed_hours': [], 'risk_pct': 0.01, 'max_hold_bars': 144, 'use_trail': True, 'trail_ema': 21, 'tp_atr_mult': 2.5, 'stop_extra': 0.002}",10,0.2,-19.0448,0.2045,-1.9045,0.2566,-11.975,0.0062,0.0035,2980.96,-1.0260292
FIL-USDT,EMASTACK,"{'max_pb': 0.01, 'vol_thresh': 1.2, 'rsi_lo': 50, 'rsi_hi': 78, 'rsi_exit': 85, 'min_adx': 20, 'allowed_hours': [], 'risk_pct': 0.01, 'max_hold_bars': 144, 'use_trail': True, 'trail_ema': 21, 'tp_atr_mult': 2.5, 'stop_extra': 0.002}",10,0.2,-19.0448,0.2045,-1.9045,0.2566,-11.975,0.0062,0.0035,2980.96,-1.0260292
FIL-USDT,EMASTACK,"{'max_pb': 0.01, 'vol_thresh': 1.2, 'rsi_lo': 50, 'rsi_hi': 78, 'rsi_exit': 85, 'min_adx': 15, 'allowed_hours': [], 'risk_pct': 0.01, 'max_hold_bars': 144, 'use_trail': True, 'trail_ema': 21, 'tp_atr_mult': 2.5, 'stop_extra': 0.002}",10,0.2,-19.0448,0.2045,-1.9045,0.2566,-11.975,0.0062,0.0035,2980.96,-1.0260292
FIL-USDT,EMASTACK,"{'max_pb': 0.01, 'vol_thresh': 1.2, 'rsi_lo': 45, 'rsi_hi': 73, 'rsi_exit': 80, 'min_adx': 15, 'allowed_hours': [], 'risk_pct': 0.01, 'max_hold_bars': 144, 'use_trail': True, 'trail_ema': 21, 'tp_atr_mult': 2.5, 'stop_extra': 0.002}",10,0.2,-19.0448,0.2045,-1.9045,0.2566,-11.975,0.0062,0.0035,2980.96,-1.0260292
FIL-USDT,EMASTACK,"{'max_pb': 0.01, 'vol_thresh': 1.2, 'rsi_lo': 45, 'rsi_hi': 73, 'rsi_exit': 80, 'min_adx': 20, 'allowed_hours': [], 'risk_pct': 0.01, 'max_hold_bars': 144, 'use_trail': True, 'trail_ema': 21, 'tp_atr_mult': 2.5, 'stop_extra': 0.002}",10,0.2,-19.0448,0.2045,-1.9045,0.2566,-11.975,0.0062,0.0035,2980.96,-1.0260292
FIL-USDT,EMASTACK,"{'max_pb': 0.01, 'vol_thresh': 1.2, 'rsi_lo': 38, 'rsi_hi': 66, 'rsi_exit': 73, 'min_adx': 20, 'allowed_hours': [], 'risk_pct': 0.01, 'max_hold_bars': 144, 'use_trail': True, 'trail_ema': 21, 'tp_atr_mult': 2.5, 'stop_extra': 0.002}",10,0.2,-19.0448,0.2045,-1.9045,0.2566,-11.975,0.0062,0.0035,2980.96,-1.0260292
AVAX-USDT,HVOL,"{'min_adx': 30, 'vol_thresh': 2.0, 'max_ext': 0.03, 'adx_exit': 15, 'allowed_hours': [], 'risk_pct': 0.01, 'max_hold_bars': 120, 'use_trail': False, 'tp_atr_mult': 2.5}",12,0.1667,-41.1445,0.2666,-3.4287,0.2617,-8.7182,0.0053,0.006,2958.86,-1.026378
AVAX-USDT,HVOL,"{'min_adx': 30, 'vol_thresh': 2.0, 'max_ext': 0.03, 'adx_exit': 20, 'allowed_hours': [], 'risk_pct': 0.01, 'max_hold_bars': 120, 'use_trail': False, 'tp_atr_mult': 2.5}",12,0.1667,-41.1445,0.2666,-3.4287,0.2617,-8.7182,0.0053,0.006,2958.86,-1.026378
AVAX-USDT,HVOL,"{'min_adx': 30, 'vol_thresh': 2.0, 'max_ext': 0.02, 'adx_exit': 15, 'allowed_hours': [], 'risk_pct': 0.01, 'max_hold_bars': 120, 'use_trail': False, 'tp_atr_mult': 2.5}",12,0.1667,-41.1445,0.2666,-3.4287,0.2617,-8.7182,0.0053,0.006,2958.86,-1.026378
AVAX-USDT,HVOL,"{'min_adx': 30, 'vol_thresh': 2.0, 'max_ext': 0.02, 'adx_exit': 20, 'allowed_hours': [], 'risk_pct': 0.01, 'max_hold_bars': 120, 'use_trail': False, 'tp_atr_mult': 2.5}",12,0.1667,-41.1445,0.2666,-3.4287,0.2617,-8.7182,0.0053,0.006,2958.86,-1.026378
NEAR-USDT,HVOL,"{'min_adx': 25, 'vol_thresh': 1.3, 'max_ext': 0.02, 'adx_exit': 15, 'allowed_hours': [], 'risk_pct': 0.01, 'max_hold_bars': 120, 'use_trail': False, 'tp_atr_mult': 2.5}",25,0.32,-104.7781,0.4511,-4.1911,0.2846,-5.5995,0.0132,0.0106,2895.22,-1.0270624
NEAR-USDT,HVOL,"{'min_adx': 25, 'vol_thresh': 1.3, 'max_ext': 0.03, 'adx_exit': 15, 'allowed_hours': [], 'risk_pct': 0.01, 'max_hold_bars': 120, 'use_trail': False, 'tp_atr_mult': 2.5}",25,0.32,-104.7781,0.4511,-4.1911,0.2846,-5.5995,0.0132,0.0106,2895.22,-1.0270624
ADA-USDT,HVOL,"{'min_adx': 20, 'vol_thresh': 2.0, 'max_ext': 0.02, 'adx_exit': 20, 'allowed_hours': [], 'risk_pct': 0.01, 'max_hold_bars': 120, 'use_trail': False, 'tp_atr_mult': 2.5}",21,0.2381,-71.419,0.3488,-3.4009,0.2696,-6.6653,0.012,0.0068,2928.58,-1.032076
ADA-USDT,HVOL,"{'min_adx': 20, 'vol_thresh': 2.0, 'max_ext': 0.03, 'adx_exit': 20, 'allowed_hours': [], 'risk_pct': 0.01, 'max_hold_bars': 120, 'use_trail': False, 'tp_atr_mult': 2.5}",21,0.2381,-71.419,0.3488,-3.4009,0.2696,-6.6653,0.012,0.0068,2928.58,-1.032076
DOGE-USDT,EMASTACK,"{'max_pb': 0.015, 'vol_thresh': 1.2, 'rsi_lo': 38, 'rsi_hi': 66, 'rsi_exit': 73, 'min_adx': 15, 'allowed_hours': [], 'risk_pct': 0.01, 'max_hold_bars': 144, 'use_trail': True, 'trail_ema': 21, 'tp_atr_mult': 2.5, 'stop_extra': 0.002}",9,0.1111,-20.9581,0.2045,-2.3287,0.255,-12.4649,0.0023,0.0026,2979.04,-1.0320824
DOGE-USDT,EMASTACK,"{'max_pb': 0.005, 'vol_thresh': 1.2, 'rsi_lo': 38, 'rsi_hi': 66, 'rsi_exit': 73, 'min_adx': 20, 'allowed_hours': [], 'risk_pct': 0.01, 'max_hold_bars': 144, 'use_trail': True, 'trail_ema': 21, 'tp_atr_mult': 2.5, 'stop_extra': 0.002}",9,0.1111,-20.9581,0.2045,-2.3287,0.255,-12.4649,0.0023,0.0026,2979.04,-1.0320824
DOGE-USDT,EMASTACK,"{'max_pb': 0.015, 'vol_thresh': 1.2, 'rsi_lo': 38, 'rsi_hi': 66, 'rsi_exit': 73, 'min_adx': 20, 'allowed_hours': [], 'risk_pct': 0.01, 'max_hold_bars': 144, 'use_trail': True, 'trail_ema': 21, 'tp_atr_mult': 2.5, 'stop_extra': 0.002}",9,0.1111,-20.9581,0.2045,-2.3287,0.255,-12.4649,0.0023,0.0026,2979.04,-1.0320824
DOGE-USDT,EMASTACK,"{'max_pb': 0.01, 'vol_thresh': 1.2, 'rsi_lo': 38, 'rsi_hi': 66, 'rsi_exit': 73, 'min_adx': 20, 'allowed_hours': [], 'risk_pct': 0.01, 'max_hold_bars': 144, 'use_trail': True, 'trail_ema': 21, 'tp_atr_mult': 2.5, 'stop_extra': 0.002}",9,0.1111,-20.9581,0.2045,-2.3287,0.255,-12.4649,0.0023,0.0026,2979.04,-1.0320824
DOGE-USDT,EMASTACK,"{'max_pb': 0.01, 'vol_thresh': 1.2, 'rsi_lo': 38, 'rsi_hi': 66, 'rsi_exit': 73, 'min_adx': 15, 'allowed_hours': [], 'risk_pct': 0.01, 'max_hold_bars': 144, 'use_trail': True, 'trail_ema': 21, 'tp_atr_mult': 2.5, 'stop_extra': 0.002}",9,0.1111,-20.9581,0.2045,-2.3287,0.255,-12.4649,0.0023,0.0026,2979.04,-1.0320824
DOGE-USDT,EMASTACK,"{'max_pb': 0.005, 'vol_thresh': 1.2, 'rsi_lo': 38, 'rsi_hi': 66, 'rsi_exit': 73, 'min_adx': 15, 'allowed_hours': [], 'risk_pct': 0.01, 'max_hold_bars': 144, 'use_trail': True, 'trail_ema': 21, 'tp_atr_mult': 2.5, 'stop_extra': 0.002}",9,0.1111,-20.9581,0.2045,-2.3287,0.255,-12.4649,0.0023,0.0026,2979.04,-1.0320824
WLD-USDT,HVOL,"{'min_adx': 30, 'vol_thresh': 1.5, 'max_ext': 0.03, 'adx_exit': 15, 'allowed_hours': [], 'risk_pct': 0.01, 'max_hold_bars': 120, 'use_trail': False, 'tp_atr_mult': 2.5}",14,0.2143,-54.4708,0.2999,-3.8908,0.2644,-8.6823,0.0054,0.0071,2945.53,-1.0324332
WLD-USDT,HVOL,"{'min_adx': 30, 'vol_thresh': 1.5, 'max_ext': 0.02, 'adx_exit': 15, 'allowed_hours': [], 'risk_pct': 0.01, 'max_hold_bars': 120, 'use_trail': False, 'tp_atr_mult': 2.5}",14,0.2143,-54.4708,0.2999,-3.8908,0.2644,-8.6823,0.0054,0.0071,2945.53,-1.0324332
WLD-USDT,HVOL,"{'min_adx': 30, 'vol_thresh': 1.5, 'max_ext': 0.01, 'adx_exit': 20, 'allowed_hours': [], 'risk_pct': 0.01, 'max_hold_bars': 120, 'use_trail': False, 'tp_atr_mult': 2.5}",14,0.2143,-54.5872,0.2995,-3.8991,0.2651,-8.7684,0.0051,0.0074,2945.41,-1.0341988
APT-USDT,RVOL,"{'vol_thresh': 2.0, 'min_roc': 1.5, 'max_rsi': 75, 'min_adx': 18, 'stop_atr_mult': 2.0, 'rsi_exit': 80, 'allowed_hours': [14, 15, 16, 17, 18, 19, 20, 21], 'risk_pct': 0.01, 'max_hold_bars': 72, 'use_trail': True, 'trail_pct': 0.02, 'tp_atr_mult': 3.0}",8,0.125,-46.3878,0.2789,-5.7985,0.2678,-9.1677,0.0146,0.0192,2953.61,-1.0350012000000002
APT-USDT,RVOL,"{'vol_thresh': 2.0, 'min_roc': 1.0, 'max_rsi': 75, 'min_adx': 18, 'stop_atr_mult': 2.0, 'rsi_exit': 80, 'allowed_hours': [14, 15, 16, 17, 18, 19, 20, 21], 'risk_pct': 0.01, 'max_hold_bars': 72, 'use_trail': True, 'trail_pct': 0.02, 'tp_atr_mult': 3.0}",8,0.125,-46.3878,0.2789,-5.7985,0.2678,-9.1677,0.0146,0.0192,2953.61,-1.0350012000000002
APT-USDT,RVOL,"{'vol_thresh': 2.0, 'min_roc': 1.0, 'max_rsi': 75, 'min_adx': 18, 'stop_atr_mult': 1.5, 'rsi_exit': 80, 'allowed_hours': [14, 15, 16, 17, 18, 19, 20, 21], 'risk_pct': 0.01, 'max_hold_bars': 72, 'use_trail': True, 'trail_pct': 0.02, 'tp_atr_mult': 3.0}",8,0.125,-46.3878,0.2789,-5.7985,0.2678,-9.1677,0.0146,0.0192,2953.61,-1.0350012000000002
APT-USDT,RVOL,"{'vol_thresh': 2.0, 'min_roc': 1.5, 'max_rsi': 75, 'min_adx': 18, 'stop_atr_mult': 1.5, 'rsi_exit': 80, 'allowed_hours': [14, 15, 16, 17, 18, 19, 20, 21], 'risk_pct': 0.01, 'max_hold_bars': 72, 'use_trail': True, 'trail_pct': 0.02, 'tp_atr_mult': 3.0}",8,0.125,-46.3878,0.2789,-5.7985,0.2678,-9.1677,0.0146,0.0192,2953.61,-1.0350012000000002
APT-USDT,EMASTACK,"{'max_pb': 0.005, 'vol_thresh': 1.5, 'rsi_lo': 38, 'rsi_hi': 66, 'rsi_exit': 73, 'min_adx': 15, 'allowed_hours': [], 'risk_pct': 0.01, 'max_hold_bars': 144, 'use_trail': True, 'trail_ema': 21, 'tp_atr_mult': 2.5, 'stop_extra': 0.002}",6,0.1667,-44.7463,0.2756,-7.4577,0.2702,-9.6418,0.0175,0.0184,2955.25,-1.0357851999999999
AVAX-USDT,HVOL,"{'min_adx': 25, 'vol_thresh': 2.0, 'max_ext': 0.02, 'adx_exit': 25, 'allowed_hours': [], 'risk_pct': 0.01, 'max_hold_bars': 120, 'use_trail': False, 'tp_atr_mult': 2.5}",14,0.1429,-42.0077,0.2623,-3.0006,0.2619,-8.7626,0.0049,0.0055,2957.99,-1.0364808
AVAX-USDT,HVOL,"{'min_adx': 25, 'vol_thresh': 2.0, 'max_ext': 0.03, 'adx_exit': 25, 'allowed_hours': [], 'risk_pct': 0.01, 'max_hold_bars': 120, 'use_trail': False, 'tp_atr_mult': 2.5}",14,0.1429,-42.0077,0.2623,-3.0006,0.2619,-8.7626,0.0049,0.0055,2957.99,-1.0364808
WLD-USDT,HVOL,"{'min_adx': 30, 'vol_thresh': 1.5, 'max_ext': 0.01, 'adx_exit': 25, 'allowed_hours': [], 'risk_pct': 0.01, 'max_hold_bars': 120, 'use_trail': False, 'tp_atr_mult': 2.5}",14,0.2143,-54.8531,0.2985,-3.9181,0.2651,-8.808,0.0051,0.0072,2945.15,-1.0367624
WLD-USDT,VSMO,"{'rsi_lo': 40, 'rsi_hi': 75, 'vol_thresh': 1.5, 'stop_atr_mult': 2.0, 'allowed_hours': [], 'tp_atr_mult': 3.0, 'risk_pct': 0.01, 'max_hold_bars': 144, 'use_trail': True, 'trail_ema': 21}",10,0.2,-4.6334,0.1552,-0.4633,0.2518,-11.6127,0.0017,0.0017,2995.37,-1.0375336
WLD-USDT,VSMO,"{'rsi_lo': 40, 'rsi_hi': 75, 'vol_thresh': 1.5, 'stop_atr_mult': 1.5, 'allowed_hours': [], 'tp_atr_mult': 3.0, 'risk_pct': 0.01, 'max_hold_bars': 144, 'use_trail': True, 'trail_ema': 21}",10,0.2,-4.6334,0.1552,-0.4633,0.2518,-11.6127,0.0017,0.0017,2995.37,-1.0375336
WLD-USDT,VSMO,"{'rsi_lo': 40, 'rsi_hi': 75, 'vol_thresh': 1.5, 'stop_atr_mult': 1.0, 'allowed_hours': [], 'tp_atr_mult': 3.0, 'risk_pct': 0.01, 'max_hold_bars': 144, 'use_trail': True, 'trail_ema': 21}",10,0.2,-4.6334,0.1552,-0.4633,0.2518,-11.6127,0.0017,0.0017,2995.37,-1.0375336
LINK-USDT,HVOL,"{'min_adx': 25, 'vol_thresh': 1.5, 'max_ext': 0.01, 'adx_exit': 20, 'allowed_hours': [], 'risk_pct': 0.01, 'max_hold_bars': 120, 'use_trail': False, 'tp_atr_mult': 2.5}",19,0.2105,-48.683,0.2809,-2.5623,0.2643,-9.9287,0.0032,0.0043,2951.32,-1.037682
LINK-USDT,HVOL,"{'min_adx': 25, 'vol_thresh': 1.5, 'max_ext': 0.02, 'adx_exit': 20, 'allowed_hours': [], 'risk_pct': 0.01, 'max_hold_bars': 120, 'use_trail': False, 'tp_atr_mult': 2.5}",19,0.2105,-48.683,0.2809,-2.5623,0.2643,-9.9287,0.0032,0.0043,2951.32,-1.037682
LINK-USDT,HVOL,"{'min_adx': 25, 'vol_thresh': 1.5, 'max_ext': 0.03, 'adx_exit': 20, 'allowed_hours': [], 'risk_pct': 0.01, 'max_hold_bars': 120, 'use_trail': False, 'tp_atr_mult': 2.5}",19,0.2105,-48.683,0.2809,-2.5623,0.2643,-9.9287,0.0032,0.0043,2951.32,-1.037682
NEAR-USDT,HVOL,"{'min_adx': 30, 'vol_thresh': 1.3, 'max_ext': 0.01, 'adx_exit': 25, 'allowed_hours': [], 'risk_pct': 0.01, 'max_hold_bars': 120, 'use_trail': False, 'tp_atr_mult': 2.5}",22,0.3636,-91.1793,0.4009,-4.1445,0.2754,-6.3438,0.0106,0.0109,2908.82,-1.0387672
AVAX-USDT,HVOL,"{'min_adx': 20, 'vol_thresh': 2.0, 'max_ext': 0.01, 'adx_exit': 25, 'allowed_hours': [], 'risk_pct': 0.01, 'max_hold_bars': 120, 'use_trail': False, 'tp_atr_mult': 2.5}",15,0.2,-42.1082,0.2602,-2.8072,0.2619,-9.191,0.0065,0.0053,2957.89,-1.0400328
AVAX-USDT,HVOL,"{'min_adx': 20, 'vol_thresh': 2.0, 'max_ext': 0.03, 'adx_exit': 25, 'allowed_hours': [], 'risk_pct': 0.01, 'max_hold_bars': 120, 'use_trail': False, 'tp_atr_mult': 2.5}",15,0.2,-42.1082,0.2602,-2.8072,0.2619,-9.191,0.0065,0.0053,2957.89,-1.0400328
AVAX-USDT,HVOL,"{'min_adx': 20, 'vol_thresh': 2.0, 'max_ext': 0.02, 'adx_exit': 25, 'allowed_hours': [], 'risk_pct': 0.01, 'max_hold_bars': 120, 'use_trail': False, 'tp_atr_mult': 2.5}",15,0.2,-42.1082,0.2602,-2.8072,0.2619,-9.191,0.0065,0.0053,2957.89,-1.0400328
DOGE-USDT,MTALIGN,"{'pb_thresh': 0.003, 'vol_thresh': 1.3, 'allowed_hours': [], 'tp_atr_mult': 2.5, 'risk_pct': 0.01, 'max_hold_bars': 96, 'use_trail': True, 'trail_ema': 21, 'stop_extra': 0.002}",7,0.1429,-11.0815,0.1709,-1.5831,0.2525,-15.3936,0.0025,0.0014,2988.92,-1.040476
NEAR-USDT,HVOL,"{'min_adx': 20, 'vol_thresh': 1.3, 'max_ext': 0.02, 'adx_exit': 15, 'allowed_hours': [], 'risk_pct': 0.01, 'max_hold_bars': 120, 'use_trail': False, 'tp_atr_mult': 2.5}",29,0.3103,-108.3703,0.4519,-3.7369,0.2855,-5.5575,0.0138,0.0097,2891.63,-1.0411312
NEAR-USDT,HVOL,"{'min_adx': 20, 'vol_thresh': 1.3, 'max_ext': 0.03, 'adx_exit': 15, 'allowed_hours': [], 'risk_pct': 0.01, 'max_hold_bars': 120, 'use_trail': False, 'tp_atr_mult': 2.5}",29,0.3103,-108.3703,0.4519,-3.7369,0.2855,-5.5575,0.0138,0.0097,2891.63,-1.0411312
SOL-USDT,EMASTACK,"{'max_pb': 0.01, 'vol_thresh': 1.2, 'rsi_lo': 45, 'rsi_hi': 73, 'rsi_exit': 80, 'min_adx': 20, 'allowed_hours': [], 'risk_pct': 0.01, 'max_hold_bars': 144, 'use_trail': True, 'trail_ema': 21, 'tp_atr_mult': 2.5, 'stop_extra': 0.002}",6,0.1667,-11.5503,0.1719,-1.9251,0.2536,-14.8328,0.0027,0.0024,2988.45,-1.0419512000000002
SOL-USDT,EMASTACK,"{'max_pb': 0.015, 'vol_thresh': 1.2, 'rsi_lo': 50, 'rsi_hi': 78, 'rsi_exit': 85, 'min_adx': 20, 'allowed_hours': [], 'risk_pct': 0.01, 'max_hold_bars': 144, 'use_trail': True, 'trail_ema': 21, 'tp_atr_mult': 2.5, 'stop_extra': 0.002}",6,0.1667,-11.5503,0.1719,-1.9251,0.2536,-14.8328,0.0027,0.0024,2988.45,-1.0419512000000002
SOL-USDT,EMASTACK,"{'max_pb': 0.005, 'vol_thresh': 1.2, 'rsi_lo': 50, 'rsi_hi': 78, 'rsi_exit': 85, 'min_adx': 20, 'allowed_hours': [], 'risk_pct': 0.01, 'max_hold_bars': 144, 'use_trail': True, 'trail_ema': 21, 'tp_atr_mult': 2.5, 'stop_extra': 0.002}",6,0.1667,-11.5503,0.1719,-1.9251,0.2536,-14.8328,0.0027,0.0024,2988.45,-1.0419512000000002
SOL-USDT,EMASTACK,"{'max_pb': 0.01, 'vol_thresh': 1.2, 'rsi_lo': 50, 'rsi_hi': 78, 'rsi_exit': 85, 'min_adx': 20, 'allowed_hours': [], 'risk_pct': 0.01, 'max_hold_bars': 144, 'use_trail': True, 'trail_ema': 21, 'tp_atr_mult': 2.5, 'stop_extra': 0.002}",6,0.1667,-11.5503,0.1719,-1.9251,0.2536,-14.8328,0.0027,0.0024,2988.45,-1.0419512000000002
SOL-USDT,EMASTACK,"{'max_pb': 0.005, 'vol_thresh': 1.2, 'rsi_lo': 45, 'rsi_hi': 73, 'rsi_exit': 80, 'min_adx': 20, 'allowed_hours': [], 'risk_pct': 0.01, 'max_hold_bars': 144, 'use_trail': True, 'trail_ema': 21, 'tp_atr_mult': 2.5, 'stop_extra': 0.002}",6,0.1667,-11.5503,0.1719,-1.9251,0.2536,-14.8328,0.0027,0.0024,2988.45,-1.0419512000000002
SOL-USDT,EMASTACK,"{'max_pb': 0.015, 'vol_thresh': 1.2, 'rsi_lo': 45, 'rsi_hi': 73, 'rsi_exit': 80, 'min_adx': 20, 'allowed_hours': [], 'risk_pct': 0.01, 'max_hold_bars': 144, 'use_trail': True, 'trail_ema': 21, 'tp_atr_mult': 2.5, 'stop_extra': 0.002}",6,0.1667,-11.5503,0.1719,-1.9251,0.2536,-14.8328,0.0027,0.0024,2988.45,-1.0419512000000002
AVAX-USDT,HVOL,"{'min_adx': 30, 'vol_thresh': 1.5, 'max_ext': 0.03, 'adx_exit': 25, 'allowed_hours': [], 'risk_pct': 0.01, 'max_hold_bars': 120, 'use_trail': False, 'tp_atr_mult': 2.5}",16,0.1875,-52.13,0.2826,-3.2581,0.2644,-8.6844,0.0049,0.0061,2947.87,-1.04902
AVAX-USDT,HVOL,"{'min_adx': 30, 'vol_thresh': 1.5, 'max_ext': 0.02, 'adx_exit': 25, 'allowed_hours': [], 'risk_pct': 0.01, 'max_hold_bars': 120, 'use_trail': False, 'tp_atr_mult': 2.5}",16,0.1875,-52.13,0.2826,-3.2581,0.2644,-8.6844,0.0049,0.0061,2947.87,-1.04902
FIL-USDT,HVOL,"{'min_adx': 30, 'vol_thresh': 1.5, 'max_ext': 0.01, 'adx_exit': 20, 'allowed_hours': [], 'risk_pct': 0.01, 'max_hold_bars': 120, 'use_trail': False, 'tp_atr_mult': 2.5}",16,0.125,-52.9894,0.284,-3.3118,0.2633,-6.9859,0.0116,0.0065,2947.01,-1.0492576000000002
FIL-USDT,HVOL,"{'min_adx': 30, 'vol_thresh': 1.5, 'max_ext': 0.01, 'adx_exit': 15, 'allowed_hours': [], 'risk_pct': 0.01, 'max_hold_bars': 120, 'use_trail': False, 'tp_atr_mult': 2.5}",16,0.125,-52.9894,0.284,-3.3118,0.2633,-6.9859,0.0116,0.0065,2947.01,-1.0492576000000002
FIL-USDT,HVOL,"{'min_adx': 30, 'vol_thresh': 1.5, 'max_ext': 0.03, 'adx_exit': 20, 'allowed_hours': [], 'risk_pct': 0.01, 'max_hold_bars': 120, 'use_trail': False, 'tp_atr_mult': 2.5}",16,0.125,-52.9894,0.284,-3.3118,0.2633,-6.9859,0.0116,0.0065,2947.01,-1.0492576000000002
FIL-USDT,HVOL,"{'min_adx': 30, 'vol_thresh': 1.5, 'max_ext': 0.03, 'adx_exit': 15, 'allowed_hours': [], 'risk_pct': 0.01, 'max_hold_bars': 120, 'use_trail': False, 'tp_atr_mult': 2.5}",16,0.125,-52.9894,0.284,-3.3118,0.2633,-6.9859,0.0116,0.0065,2947.01,-1.0492576000000002
FIL-USDT,HVOL,"{'min_adx': 30, 'vol_thresh': 1.5, 'max_ext': 0.02, 'adx_exit': 20, 'allowed_hours': [], 'risk_pct': 0.01, 'max_hold_bars': 120, 'use_trail': False, 'tp_atr_mult': 2.5}",16,0.125,-52.9894,0.284,-3.3118,0.2633,-6.9859,0.0116,0.0065,2947.01,-1.0492576000000002
FIL-USDT,HVOL,"{'min_adx': 30, 'vol_thresh': 1.5, 'max_ext': 0.02, 'adx_exit': 15, 'allowed_hours': [], 'risk_pct': 0.01, 'max_hold_bars': 120, 'use_trail': False, 'tp_atr_mult': 2.5}",16,0.125,-52.9894,0.284,-3.3118,0.2633,-6.9859,0.0116,0.0065,2947.01,-1.0492576000000002
ETH-USDT,HVOL,"{'min_adx': 20, 'vol_thresh': 2.0, 'max_ext': 0.01, 'adx_exit': 25, 'allowed_hours': [], 'risk_pct': 0.01, 'max_hold_bars': 120, 'use_trail': False, 'tp_atr_mult': 2.5}",19,0.1579,-35.2975,0.2346,-1.8578,0.2603,-10.3104,0.0025,0.0025,2964.7,-1.04959
ETH-USDT,HVOL,"{'min_adx': 20, 'vol_thresh': 2.0, 'max_ext': 0.02, 'adx_exit': 25, 'allowed_hours': [], 'risk_pct': 0.01, 'max_hold_bars': 120, 'use_trail': False, 'tp_atr_mult': 2.5}",19,0.1579,-35.2975,0.2346,-1.8578,0.2603,-10.3104,0.0025,0.0025,2964.7,-1.04959
ETH-USDT,HVOL,"{'min_adx': 20, 'vol_thresh': 2.0, 'max_ext': 0.03, 'adx_exit': 25, 'allowed_hours': [], 'risk_pct': 0.01, 'max_hold_bars': 120, 'use_trail': False, 'tp_atr_mult': 2.5}",19,0.1579,-35.2975,0.2346,-1.8578,0.2603,-10.3104,0.0025,0.0025,2964.7,-1.04959
UNI-USDT,HVOL,"{'min_adx': 30, 'vol_thresh': 1.5, 'max_ext': 0.01, 'adx_exit': 20, 'allowed_hours': [], 'risk_pct': 0.01, 'max_hold_bars': 120, 'use_trail': False, 'tp_atr_mult': 2.5}",11,0.1818,-37.9428,0.2415,-3.4493,0.2604,-10.0503,0.0046,0.0066,2962.06,-1.0499212
UNI-USDT,HVOL,"{'min_adx': 30, 'vol_thresh': 1.5, 'max_ext': 0.03, 'adx_exit': 20, 'allowed_hours': [], 'risk_pct': 0.01, 'max_hold_bars': 120, 'use_trail': False, 'tp_atr_mult': 2.5}",11,0.1818,-37.9428,0.2415,-3.4493,0.2604,-10.0503,0.0046,0.0066,2962.06,-1.0499212
UNI-USDT,HVOL,"{'min_adx': 30, 'vol_thresh': 1.5, 'max_ext': 0.02, 'adx_exit': 20, 'allowed_hours': [], 'risk_pct': 0.01, 'max_hold_bars': 120, 'use_trail': False, 'tp_atr_mult': 2.5}",11,0.1818,-37.9428,0.2415,-3.4493,0.2604,-10.0503,0.0046,0.0066,2962.06,-1.0499212
LIT-USDT,EMASTACK,"{'max_pb': 0.01, 'vol_thresh': 1.2, 'rsi_lo': 38, 'rsi_hi': 66, 'rsi_exit': 73, 'min_adx': 25, 'allowed_hours': [], 'risk_pct': 0.01, 'max_hold_bars': 144, 'use_trail': True, 'trail_ema': 21, 'tp_atr_mult': 2.5, 'stop_extra': 0.002}",10,0.1,-66.694,0.3276,-6.6694,0.2756,-7.0854,0.0148,0.0184,2933.31,-1.050976
LIT-USDT,EMASTACK,"{'max_pb': 0.01, 'vol_thresh': 1.2, 'rsi_lo': 38, 'rsi_hi': 66, 'rsi_exit': 73, 'min_adx': 20, 'allowed_hours': [], 'risk_pct': 0.01, 'max_hold_bars': 144, 'use_trail': True, 'trail_ema': 21, 'tp_atr_mult': 2.5, 'stop_extra': 0.002}",10,0.1,-66.694,0.3276,-6.6694,0.2756,-7.0854,0.0148,0.0184,2933.31,-1.050976
NEAR-USDT,HVOL,"{'min_adx': 20, 'vol_thresh': 1.5, 'max_ext': 0.02, 'adx_exit': 25, 'allowed_hours': [], 'risk_pct': 0.01, 'max_hold_bars': 120, 'use_trail': False, 'tp_atr_mult': 2.5}",27,0.3333,-98.0916,0.4159,-3.633,0.2833,-5.9293,0.0127,0.0096,2901.91,-1.0518164000000003
NEAR-USDT,HVOL,"{'min_adx': 20, 'vol_thresh': 1.5, 'max_ext': 0.03, 'adx_exit': 25, 'allowed_hours': [], 'risk_pct': 0.01, 'max_hold_bars': 120, 'use_trail': False, 'tp_atr_mult': 2.5}",27,0.3333,-98.0916,0.4159,-3.633,0.2833,-5.9293,0.0127,0.0096,2901.91,-1.0518164000000003
BTC-USDT,VSMO,"{'rsi_lo': 45, 'rsi_hi': 80, 'vol_thresh': 1.5, 'stop_atr_mult': 1.0, 'allowed_hours': [], 'tp_atr_mult': 3.0, 'risk_pct': 0.01, 'max_hold_bars': 144, 'use_trail': True, 'trail_ema': 21}",6,0.1667,-8.5725,0.1552,-1.4287,0.2518,-15.6438,0.0013,0.0011,2991.43,-1.05329
NEAR-USDT,HVOL,"{'min_adx': 30, 'vol_thresh': 2.0, 'max_ext': 0.02, 'adx_exit': 20, 'allowed_hours': [], 'risk_pct': 0.01, 'max_hold_bars': 120, 'use_trail': False, 'tp_atr_mult': 2.5}",14,0.3571,-60.3412,0.3026,-4.3101,0.2672,-6.8856,0.0166,0.0096,2939.66,-1.0546647999999998
NEAR-USDT,HVOL,"{'min_adx': 30, 'vol_thresh': 2.0, 'max_ext': 0.03, 'adx_exit': 20, 'allowed_hours': [], 'risk_pct': 0.01, 'max_hold_bars': 120, 'use_trail': False, 'tp_atr_mult': 2.5}",14,0.3571,-60.3412,0.3026,-4.3101,0.2672,-6.8856,0.0166,0.0096,2939.66,-1.0546647999999998
ADA-USDT,HVOL,"{'min_adx': 25, 'vol_thresh': 1.3, 'max_ext': 0.03, 'adx_exit': 20, 'allowed_hours': [], 'risk_pct': 0.01, 'max_hold_bars': 120, 'use_trail': False, 'tp_atr_mult': 2.5}",25,0.2,-85.8203,0.3754,-3.4328,0.275,-6.588,0.0101,0.0072,2914.18,-1.0551812
ADA-USDT,HVOL,"{'min_adx': 25, 'vol_thresh': 1.3, 'max_ext': 0.02, 'adx_exit': 20, 'allowed_hours': [], 'risk_pct': 0.01, 'max_hold_bars': 120, 'use_trail': False, 'tp_atr_mult': 2.5}",25,0.2,-85.8203,0.3754,-3.4328,0.275,-6.588,0.0101,0.0072,2914.18,-1.0551812
NEAR-USDT,VSMO,"{'rsi_lo': 40, 'rsi_hi': 75, 'vol_thresh': 3.0, 'stop_atr_mult': 2.0, 'allowed_hours': [], 'tp_atr_mult': 3.0, 'risk_pct': 0.01, 'max_hold_bars': 144, 'use_trail': True, 'trail_ema': 21}",5,0.4,-10.8144,0.161,-2.1629,0.2536,-7.6602,0.0044,0.004,2989.19,-1.0553576
NEAR-USDT,VSMO,"{'rsi_lo': 40, 'rsi_hi': 75, 'vol_thresh': 3.0, 'stop_atr_mult': 1.0, 'allowed_hours': [], 'tp_atr_mult': 3.0, 'risk_pct': 0.01, 'max_hold_bars': 144, 'use_trail': True, 'trail_ema': 21}",5,0.4,-10.8144,0.161,-2.1629,0.2536,-7.6602,0.0044,0.004,2989.19,-1.0553576
NEAR-USDT,VSMO,"{'rsi_lo': 40, 'rsi_hi': 75, 'vol_thresh': 3.0, 'stop_atr_mult': 1.5, 'allowed_hours': [], 'tp_atr_mult': 3.0, 'risk_pct': 0.01, 'max_hold_bars': 144, 'use_trail': True, 'trail_ema': 21}",5,0.4,-10.8144,0.161,-2.1629,0.2536,-7.6602,0.0044,0.004,2989.19,-1.0553576
NEAR-USDT,HVOL,"{'min_adx': 30, 'vol_thresh': 2.0, 'max_ext': 0.02, 'adx_exit': 15, 'allowed_hours': [], 'risk_pct': 0.01, 'max_hold_bars': 120, 'use_trail': False, 'tp_atr_mult': 2.5}",14,0.3571,-61.4098,0.3049,-4.3864,0.2675,-6.9243,0.0166,0.0096,2938.59,-1.0557892
NEAR-USDT,HVOL,"{'min_adx': 30, 'vol_thresh': 2.0, 'max_ext': 0.03, 'adx_exit': 15, 'allowed_hours': [], 'risk_pct': 0.01, 'max_hold_bars': 120, 'use_trail': False, 'tp_atr_mult': 2.5}",14,0.3571,-61.4098,0.3049,-4.3864,0.2675,-6.9243,0.0166,0.0096,2938.59,-1.0557892
ADA-USDT,HVOL,"{'min_adx': 20, 'vol_thresh': 2.0, 'max_ext': 0.02, 'adx_exit': 15, 'allowed_hours': [], 'risk_pct': 0.01, 'max_hold_bars': 120, 'use_trail': False, 'tp_atr_mult': 2.5}",21,0.2381,-74.2682,0.3399,-3.5366,0.2703,-6.8669,0.012,0.007,2925.73,-1.0575227999999997
ADA-USDT,HVOL,"{'min_adx': 20, 'vol_thresh': 2.0, 'max_ext': 0.03, 'adx_exit': 15, 'allowed_hours': [], 'risk_pct': 0.01, 'max_hold_bars': 120, 'use_trail': False, 'tp_atr_mult': 2.5}",21,0.2381,-74.2682,0.3399,-3.5366,0.2703,-6.8669,0.012,0.007,2925.73,-1.0575227999999997
FIL-USDT,HVOL,"{'min_adx': 25, 'vol_thresh': 1.3, 'max_ext': 0.02, 'adx_exit': 25, 'allowed_hours': [], 'risk_pct': 0.01, 'max_hold_bars': 120, 'use_trail': False, 'tp_atr_mult': 2.5}",27,0.1852,-79.2546,0.3524,-2.9354,0.27,-6.2847,0.0093,0.0062,2920.75,-1.0584184
FIL-USDT,HVOL,"{'min_adx': 25, 'vol_thresh': 1.3, 'max_ext': 0.03, 'adx_exit': 25, 'allowed_hours': [], 'risk_pct': 0.01, 'max_hold_bars': 120, 'use_trail': False, 'tp_atr_mult': 2.5}",27,0.1852,-79.2546,0.3524,-2.9354,0.27,-6.2847,0.0093,0.0062,2920.75,-1.0584184
FIL-USDT,HVOL,"{'min_adx': 25, 'vol_thresh': 1.3, 'max_ext': 0.01, 'adx_exit': 25, 'allowed_hours': [], 'risk_pct': 0.01, 'max_hold_bars': 120, 'use_trail': False, 'tp_atr_mult': 2.5}",27,0.1852,-79.2546,0.3524,-2.9354,0.27,-6.2847,0.0093,0.0062,2920.75,-1.0584184
SUI-USDT,HVOL,"{'min_adx': 25, 'vol_thresh': 2.0, 'max_ext': 0.03, 'adx_exit': 25, 'allowed_hours': [], 'risk_pct': 0.01, 'max_hold_bars': 120, 'use_trail': False, 'tp_atr_mult': 2.5}",17,0.1765,-54.5787,0.2825,-3.2105,0.2646,-8.8411,0.0082,0.0065,2945.42,-1.0591648
SUI-USDT,HVOL,"{'min_adx': 25, 'vol_thresh': 2.0, 'max_ext': 0.02, 'adx_exit': 25, 'allowed_hours': [], 'risk_pct': 0.01, 'max_hold_bars': 120, 'use_trail': False, 'tp_atr_mult': 2.5}",17,0.1765,-54.5787,0.2825,-3.2105,0.2646,-8.8411,0.0082,0.0065,2945.42,-1.0591648
SUI-USDT,HVOL,"{'min_adx': 25, 'vol_thresh': 2.0, 'max_ext': 0.01, 'adx_exit': 25, 'allowed_hours': [], 'risk_pct': 0.01, 'max_hold_bars': 120, 'use_trail': False, 'tp_atr_mult': 2.5}",17,0.1765,-54.5787,0.2825,-3.2105,0.2646,-8.8411,0.0082,0.0065,2945.42,-1.0591648
PEPE-USDT,HVOL,"{'min_adx': 30, 'vol_thresh': 2.0, 'max_ext': 0.02, 'adx_exit': 25, 'allowed_hours': [], 'risk_pct': 0.01, 'max_hold_bars': 120, 'use_trail': False, 'tp_atr_mult': 2.5}",11,0.2727,-43.464,0.2528,-3.9513,0.2646,-7.0106,0.008,0.0054,2956.54,-1.059256
PEPE-USDT,HVOL,"{'min_adx': 30, 'vol_thresh': 2.0, 'max_ext': 0.01, 'adx_exit': 25, 'allowed_hours': [], 'risk_pct': 0.01, 'max_hold_bars': 120, 'use_trail': False, 'tp_atr_mult': 2.5}",11,0.2727,-43.464,0.2528,-3.9513,0.2646,-7.0106,0.008,0.0054,2956.54,-1.059256
PEPE-USDT,HVOL,"{'min_adx': 30, 'vol_thresh': 2.0, 'max_ext': 0.03, 'adx_exit': 25, 'allowed_hours': [], 'risk_pct': 0.01, 'max_hold_bars': 120, 'use_trail': False, 'tp_atr_mult': 2.5}",11,0.2727,-43.464,0.2528,-3.9513,0.2646,-7.0106,0.008,0.0054,2956.54,-1.059256
NEAR-USDT,VSMO,"{'rsi_lo': 40, 'rsi_hi': 75, 'vol_thresh': 2.5, 'stop_atr_mult': 1.0, 'allowed_hours': [], 'tp_atr_mult': 3.0, 'risk_pct': 0.01, 'max_hold_bars': 144, 'use_trail': True, 'trail_ema': 21}",6,0.3333,-11.0571,0.158,-1.8428,0.2537,-7.0428,0.0036,0.0042,2988.94,-1.0609284
NEAR-USDT,VSMO,"{'rsi_lo': 40, 'rsi_hi': 75, 'vol_thresh': 2.5, 'stop_atr_mult': 1.5, 'allowed_hours': [], 'tp_atr_mult': 3.0, 'risk_pct': 0.01, 'max_hold_bars': 144, 'use_trail': True, 'trail_ema': 21}",6,0.3333,-11.0571,0.158,-1.8428,0.2537,-7.0428,0.0036,0.0042,2988.94,-1.0609284
NEAR-USDT,VSMO,"{'rsi_lo': 40, 'rsi_hi': 75, 'vol_thresh': 2.0, 'stop_atr_mult': 1.0, 'allowed_hours': [], 'tp_atr_mult': 3.0, 'risk_pct': 0.01, 'max_hold_bars': 144, 'use_trail': True, 'trail_ema': 21}",6,0.3333,-11.0571,0.158,-1.8428,0.2537,-7.0428,0.0036,0.0042,2988.94,-1.0609284
NEAR-USDT,VSMO,"{'rsi_lo': 40, 'rsi_hi': 75, 'vol_thresh': 2.0, 'stop_atr_mult': 2.0, 'allowed_hours': [], 'tp_atr_mult': 3.0, 'risk_pct': 0.01, 'max_hold_bars': 144, 'use_trail': True, 'trail_ema': 21}",6,0.3333,-11.0571,0.158,-1.8428,0.2537,-7.0428,0.0036,0.0042,2988.94,-1.0609284
NEAR-USDT,VSMO,"{'rsi_lo': 40, 'rsi_hi': 75, 'vol_thresh': 2.0, 'stop_atr_mult': 1.5, 'allowed_hours': [], 'tp_atr_mult': 3.0, 'risk_pct': 0.01, 'max_hold_bars': 144, 'use_trail': True, 'trail_ema': 21}",6,0.3333,-11.0571,0.158,-1.8428,0.2537,-7.0428,0.0036,0.0042,2988.94,-1.0609284
NEAR-USDT,VSMO,"{'rsi_lo': 40, 'rsi_hi': 75, 'vol_thresh': 2.5, 'stop_atr_mult': 2.0, 'allowed_hours': [], 'tp_atr_mult': 3.0, 'risk_pct': 0.01, 'max_hold_bars': 144, 'use_trail': True, 'trail_ema': 21}",6,0.3333,-11.0571,0.158,-1.8428,0.2537,-7.0428,0.0036,0.0042,2988.94,-1.0609284
WLD-USDT,HVOL,"{'min_adx': 30, 'vol_thresh': 1.5, 'max_ext': 0.01, 'adx_exit': 15, 'allowed_hours': [], 'risk_pct': 0.01, 'max_hold_bars': 120, 'use_trail': False, 'tp_atr_mult': 2.5}",14,0.2143,-57.4905,0.2886,-4.1065,0.2651,-9.0026,0.0051,0.0074,2942.51,-1.0621619999999998
LINK-USDT,HVOL,"{'min_adx': 25, 'vol_thresh': 1.5, 'max_ext': 0.02, 'adx_exit': 15, 'allowed_hours': [], 'risk_pct': 0.01, 'max_hold_bars': 120, 'use_trail': False, 'tp_atr_mult': 2.5}",19,0.2105,-51.0663,0.2712,-2.6877,0.2649,-10.1778,0.0032,0.0044,2948.93,-1.0623652
LINK-USDT,HVOL,"{'min_adx': 25, 'vol_thresh': 1.5, 'max_ext': 0.01, 'adx_exit': 15, 'allowed_hours': [], 'risk_pct': 0.01, 'max_hold_bars': 120, 'use_trail': False, 'tp_atr_mult': 2.5}",19,0.2105,-51.0663,0.2712,-2.6877,0.2649,-10.1778,0.0032,0.0044,2948.93,-1.0623652
LINK-USDT,HVOL,"{'min_adx': 25, 'vol_thresh': 1.5, 'max_ext': 0.03, 'adx_exit': 15, 'allowed_hours': [], 'risk_pct': 0.01, 'max_hold_bars': 120, 'use_trail': False, 'tp_atr_mult': 2.5}",19,0.2105,-51.0663,0.2712,-2.6877,0.2649,-10.1778,0.0032,0.0044,2948.93,-1.0623652
ONDO-USDT,HVOL,"{'min_adx': 30, 'vol_thresh': 1.5, 'max_ext': 0.02, 'adx_exit': 15, 'allowed_hours': [], 'risk_pct': 0.01, 'max_hold_bars': 120, 'use_trail': False, 'tp_atr_mult': 2.5}",22,0.1364,-79.4048,0.353,-3.6093,0.2755,-6.5072,0.0088,0.0072,2920.6,-1.0636192000000002
ONDO-USDT,HVOL,"{'min_adx': 30, 'vol_thresh': 1.5, 'max_ext': 0.03, 'adx_exit': 15, 'allowed_hours': [], 'risk_pct': 0.01, 'max_hold_bars': 120, 'use_trail': False, 'tp_atr_mult': 2.5}",22,0.1364,-79.4048,0.353,-3.6093,0.2755,-6.5072,0.0088,0.0072,2920.6,-1.0636192000000002
BTC-USDT,VSMO,"{'rsi_lo': 40, 'rsi_hi': 75, 'vol_thresh': 1.5, 'stop_atr_mult': 1.0, 'allowed_hours': [], 'tp_atr_mult': 3.0, 'risk_pct': 0.01, 'max_hold_bars': 144, 'use_trail': True, 'trail_ema': 21}",7,0.1429,-8.9667,0.1494,-1.281,0.2519,-14.9304,0.0011,0.0011,2991.03,-1.0636668
ETH-USDT,HVOL,"{'min_adx': 20, 'vol_thresh': 2.0, 'max_ext': 0.01, 'adx_exit': 20, 'allowed_hours': [], 'risk_pct': 0.01, 'max_hold_bars': 120, 'use_trail': False, 'tp_atr_mult': 2.5}",19,0.1579,-36.5005,0.2286,-1.9211,0.2606,-10.4815,0.0025,0.0027,2963.5,-1.063702
ETH-USDT,HVOL,"{'min_adx': 20, 'vol_thresh': 2.0, 'max_ext': 0.02, 'adx_exit': 20, 'allowed_hours': [], 'risk_pct': 0.01, 'max_hold_bars': 120, 'use_trail': False, 'tp_atr_mult': 2.5}",19,0.1579,-36.5005,0.2286,-1.9211,0.2606,-10.4815,0.0025,0.0027,2963.5,-1.063702
ETH-USDT,HVOL,"{'min_adx': 20, 'vol_thresh': 2.0, 'max_ext': 0.03, 'adx_exit': 20, 'allowed_hours': [], 'risk_pct': 0.01, 'max_hold_bars': 120, 'use_trail': False, 'tp_atr_mult': 2.5}",19,0.1579,-36.5005,0.2286,-1.9211,0.2606,-10.4815,0.0025,0.0027,2963.5,-1.063702
AVAX-USDT,HVOL,"{'min_adx': 30, 'vol_thresh': 1.3, 'max_ext': 0.02, 'adx_exit': 25, 'allowed_hours': [], 'risk_pct': 0.01, 'max_hold_bars': 120, 'use_trail': False, 'tp_atr_mult': 2.5}",17,0.1765,-53.8435,0.2761,-3.1673,0.2648,-8.6956,0.0049,0.0059,2946.16,-1.0660239999999999
AVAX-USDT,HVOL,"{'min_adx': 30, 'vol_thresh': 1.3, 'max_ext': 0.03, 'adx_exit': 25, 'allowed_hours': [], 'risk_pct': 0.01, 'max_hold_bars': 120, 'use_trail': False, 'tp_atr_mult': 2.5}",17,0.1765,-53.8435,0.2761,-3.1673,0.2648,-8.6956,0.0049,0.0059,2946.16,-1.0660239999999999
ETH-USDT,HVOL,"{'min_adx': 20, 'vol_thresh': 2.0, 'max_ext': 0.02, 'adx_exit': 15, 'allowed_hours': [], 'risk_pct': 0.01, 'max_hold_bars': 120, 'use_trail': False, 'tp_atr_mult': 2.5}",19,0.1579,-37.0863,0.2257,-1.9519,0.2607,-10.591,0.0025,0.0028,2962.91,-1.0704951999999999
ETH-USDT,HVOL,"{'min_adx': 20, 'vol_thresh': 2.0, 'max_ext': 0.03, 'adx_exit': 15, 'allowed_hours': [], 'risk_pct': 0.01, 'max_hold_bars': 120, 'use_trail': False, 'tp_atr_mult': 2.5}",19,0.1579,-37.0863,0.2257,-1.9519,0.2607,-10.591,0.0025,0.0028,2962.91,-1.0704951999999999
ETH-USDT,HVOL,"{'min_adx': 20, 'vol_thresh': 2.0, 'max_ext': 0.01, 'adx_exit': 15, 'allowed_hours': [], 'risk_pct': 0.01, 'max_hold_bars': 120, 'use_trail': False, 'tp_atr_mult': 2.5}",19,0.1579,-37.0863,0.2257,-1.9519,0.2607,-10.591,0.0025,0.0028,2962.91,-1.0704951999999999
AVAX-USDT,HVOL,"{'min_adx': 25, 'vol_thresh': 2.0, 'max_ext': 0.03, 'adx_exit': 20, 'allowed_hours': [], 'risk_pct': 0.01, 'max_hold_bars': 120, 'use_trail': False, 'tp_atr_mult': 2.5}",14,0.1429,-45.9196,0.2454,-3.28,0.2629,-9.0045,0.0049,0.0056,2954.08,-1.0784783999999998
AVAX-USDT,HVOL,"{'min_adx': 25, 'vol_thresh': 2.0, 'max_ext': 0.02, 'adx_exit': 15, 'allowed_hours': [], 'risk_pct': 0.01, 'max_hold_bars': 120, 'use_trail': False, 'tp_atr_mult': 2.5}",14,0.1429,-45.9196,0.2454,-3.28,0.2629,-9.0045,0.0049,0.0056,2954.08,-1.0784783999999998
AVAX-USDT,HVOL,"{'min_adx': 25, 'vol_thresh': 2.0, 'max_ext': 0.02, 'adx_exit': 20, 'allowed_hours': [], 'risk_pct': 0.01, 'max_hold_bars': 120, 'use_trail': False, 'tp_atr_mult': 2.5}",14,0.1429,-45.9196,0.2454,-3.28,0.2629,-9.0045,0.0049,0.0056,2954.08,-1.0784783999999998
AVAX-USDT,HVOL,"{'min_adx': 25, 'vol_thresh': 2.0, 'max_ext': 0.03, 'adx_exit': 15, 'allowed_hours': [], 'risk_pct': 0.01, 'max_hold_bars': 120, 'use_trail': False, 'tp_atr_mult': 2.5}",14,0.1429,-45.9196,0.2454,-3.28,0.2629,-9.0045,0.0049,0.0056,2954.08,-1.0784783999999998
FIL-USDT,MTALIGN,"{'pb_thresh': 0.008, 'vol_thresh': 2.0, 'allowed_hours': [], 'tp_atr_mult': 2.5, 'risk_pct': 0.01, 'max_hold_bars': 96, 'use_trail': True, 'trail_ema': 21, 'stop_extra': 0.002}",7,0.1429,-15.7093,0.1584,-2.2442,0.2538,-14.5048,0.0032,0.0026,2984.29,-1.0790372000000001
AVAX-USDT,HVOL,"{'min_adx': 20, 'vol_thresh': 2.0, 'max_ext': 0.03, 'adx_exit': 20, 'allowed_hours': [], 'risk_pct': 0.01, 'max_hold_bars': 120, 'use_trail': False, 'tp_atr_mult': 2.5}",15,0.2,-46.0199,0.2435,-3.068,0.2629,-9.3311,0.0065,0.0054,2953.98,-1.0817296
AVAX-USDT,HVOL,"{'min_adx': 20, 'vol_thresh': 2.0, 'max_ext': 0.03, 'adx_exit': 15, 'allowed_hours': [], 'risk_pct': 0.01, 'max_hold_bars': 120, 'use_trail': False, 'tp_atr_mult': 2.5}",15,0.2,-46.0199,0.2435,-3.068,0.2629,-9.3311,0.0065,0.0054,2953.98,-1.0817296
AVAX-USDT,HVOL,"{'min_adx': 20, 'vol_thresh': 2.0, 'max_ext': 0.01, 'adx_exit': 20, 'allowed_hours': [], 'risk_pct': 0.01, 'max_hold_bars': 120, 'use_trail': False, 'tp_atr_mult': 2.5}",15,0.2,-46.0199,0.2435,-3.068,0.2629,-9.3311,0.0065,0.0054,2953.98,-1.0817296
AVAX-USDT,HVOL,"{'min_adx': 20, 'vol_thresh': 2.0, 'max_ext': 0.02, 'adx_exit': 15, 'allowed_hours': [], 'risk_pct': 0.01, 'max_hold_bars': 120, 'use_trail': False, 'tp_atr_mult': 2.5}",15,0.2,-46.0199,0.2435,-3.068,0.2629,-9.3311,0.0065,0.0054,2953.98,-1.0817296
AVAX-USDT,HVOL,"{'min_adx': 20, 'vol_thresh': 2.0, 'max_ext': 0.02, 'adx_exit': 20, 'allowed_hours': [], 'risk_pct': 0.01, 'max_hold_bars': 120, 'use_trail': False, 'tp_atr_mult': 2.5}",15,0.2,-46.0199,0.2435,-3.068,0.2629,-9.3311,0.0065,0.0054,2953.98,-1.0817296
AVAX-USDT,HVOL,"{'min_adx': 20, 'vol_thresh': 2.0, 'max_ext': 0.01, 'adx_exit': 15, 'allowed_hours': [], 'risk_pct': 0.01, 'max_hold_bars': 120, 'use_trail': False, 'tp_atr_mult': 2.5}",15,0.2,-46.0199,0.2435,-3.068,0.2629,-9.3311,0.0065,0.0054,2953.98,-1.0817296
UNI-USDT,HVOL,"{'min_adx': 30, 'vol_thresh': 2.0, 'max_ext': 0.01, 'adx_exit': 15, 'allowed_hours': [], 'risk_pct': 0.01, 'max_hold_bars': 120, 'use_trail': False, 'tp_atr_mult': 2.5}",7,0.2857,-27.2142,0.1897,-3.8877,0.2597,-12.6275,0.0062,0.0099,2972.79,-1.0840068
UNI-USDT,HVOL,"{'min_adx': 30, 'vol_thresh': 2.0, 'max_ext': 0.02, 'adx_exit': 15, 'allowed_hours': [], 'risk_pct': 0.01, 'max_hold_bars': 120, 'use_trail': False, 'tp_atr_mult': 2.5}",7,0.2857,-27.2142,0.1897,-3.8877,0.2597,-12.6275,0.0062,0.0099,2972.79,-1.0840068
UNI-USDT,HVOL,"{'min_adx': 30, 'vol_thresh': 2.0, 'max_ext': 0.03, 'adx_exit': 15, 'allowed_hours': [], 'risk_pct': 0.01, 'max_hold_bars': 120, 'use_trail': False, 'tp_atr_mult': 2.5}",7,0.2857,-27.2142,0.1897,-3.8877,0.2597,-12.6275,0.0062,0.0099,2972.79,-1.0840068
DOGE-USDT,MTALIGN,"{'pb_thresh': 0.008, 'vol_thresh': 1.3, 'allowed_hours': [], 'tp_atr_mult': 2.5, 'risk_pct': 0.01, 'max_hold_bars': 96, 'use_trail': True, 'trail_ema': 21, 'stop_extra': 0.002}",8,0.125,-13.1749,0.1476,-1.6469,0.253,-17.0244,0.003,0.0015,2986.83,-1.0842996
DOGE-USDT,MTALIGN,"{'pb_thresh': 0.005, 'vol_thresh': 1.3, 'allowed_hours': [], 'tp_atr_mult': 2.5, 'risk_pct': 0.01, 'max_hold_bars': 96, 'use_trail': True, 'trail_ema': 21, 'stop_extra': 0.002}",8,0.125,-13.1749,0.1476,-1.6469,0.253,-17.0244,0.003,0.0015,2986.83,-1.0842996
ETH-USDT,EMASTACK,"{'max_pb': 0.015, 'vol_thresh': 2.0, 'rsi_lo': 45, 'rsi_hi': 73, 'rsi_exit': 80, 'min_adx': 25, 'allowed_hours': [], 'risk_pct': 0.01, 'max_hold_bars': 144, 'use_trail': True, 'trail_ema': 21, 'tp_atr_mult': 2.5, 'stop_extra': 0.002}",6,0.1667,-12.4262,0.1441,-2.071,0.253,-16.3259,0.0014,0.0021,2987.57,-1.0865548
ETH-USDT,EMASTACK,"{'max_pb': 0.01, 'vol_thresh': 2.0, 'rsi_lo': 45, 'rsi_hi': 73, 'rsi_exit': 80, 'min_adx': 25, 'allowed_hours': [], 'risk_pct': 0.01, 'max_hold_bars': 144, 'use_trail': True, 'trail_ema': 21, 'tp_atr_mult': 2.5, 'stop_extra': 0.002}",6,0.1667,-12.4262,0.1441,-2.071,0.253,-16.3259,0.0014,0.0021,2987.57,-1.0865548
ETH-USDT,EMASTACK,"{'max_pb': 0.005, 'vol_thresh': 2.0, 'rsi_lo': 45, 'rsi_hi': 73, 'rsi_exit': 80, 'min_adx': 25, 'allowed_hours': [], 'risk_pct': 0.01, 'max_hold_bars': 144, 'use_trail': True, 'trail_ema': 21, 'tp_atr_mult': 2.5, 'stop_extra': 0.002}",6,0.1667,-12.4262,0.1441,-2.071,0.253,-16.3259,0.0014,0.0021,2987.57,-1.0865548
AVAX-USDT,HVOL,"{'min_adx': 30, 'vol_thresh': 1.5, 'max_ext': 0.03, 'adx_exit': 15, 'allowed_hours': [], 'risk_pct': 0.01, 'max_hold_bars': 120, 'use_trail': False, 'tp_atr_mult': 2.5}",16,0.1875,-56.0285,0.2682,-3.5018,0.2654,-8.9328,0.0049,0.0062,2943.97,-1.0872140000000001
AVAX-USDT,HVOL,"{'min_adx': 30, 'vol_thresh': 1.5, 'max_ext': 0.02, 'adx_exit': 15, 'allowed_hours': [], 'risk_pct': 0.01, 'max_hold_bars': 120, 'use_trail': False, 'tp_atr_mult': 2.5}",16,0.1875,-56.0285,0.2682,-3.5018,0.2654,-8.9328,0.0049,0.0062,2943.97,-1.0872140000000001
AVAX-USDT,HVOL,"{'min_adx': 30, 'vol_thresh': 1.5, 'max_ext': 0.02, 'adx_exit': 20, 'allowed_hours': [], 'risk_pct': 0.01, 'max_hold_bars': 120, 'use_trail': False, 'tp_atr_mult': 2.5}",16,0.1875,-56.0285,0.2682,-3.5018,0.2654,-8.9328,0.0049,0.0062,2943.97,-1.0872140000000001
AVAX-USDT,HVOL,"{'min_adx': 30, 'vol_thresh': 1.5, 'max_ext': 0.03, 'adx_exit': 20, 'allowed_hours': [], 'risk_pct': 0.01, 'max_hold_bars': 120, 'use_trail': False, 'tp_atr_mult': 2.5}",16,0.1875,-56.0285,0.2682,-3.5018,0.2654,-8.9328,0.0049,0.0062,2943.97,-1.0872140000000001
HYPE-USDT,HVOL,"{'min_adx': 25, 'vol_thresh': 2.0, 'max_ext': 0.03, 'adx_exit': 15, 'allowed_hours': [], 'risk_pct': 0.01, 'max_hold_bars': 120, 'use_trail': False, 'tp_atr_mult': 2.5}",17,0.2941,-43.9758,0.2338,-2.5868,0.2629,-9.6485,0.0036,0.0053,2956.02,-1.0881032
HYPE-USDT,HVOL,"{'min_adx': 25, 'vol_thresh': 2.0, 'max_ext': 0.02, 'adx_exit': 20, 'allowed_hours': [], 'risk_pct': 0.01, 'max_hold_bars': 120, 'use_trail': False, 'tp_atr_mult': 2.5}",17,0.2941,-43.9758,0.2338,-2.5868,0.2629,-9.6485,0.0036,0.0053,2956.02,-1.0881032
HYPE-USDT,HVOL,"{'min_adx': 25, 'vol_thresh': 2.0, 'max_ext': 0.03, 'adx_exit': 20, 'allowed_hours': [], 'risk_pct': 0.01, 'max_hold_bars': 120, 'use_trail': False, 'tp_atr_mult': 2.5}",17,0.2941,-43.9758,0.2338,-2.5868,0.2629,-9.6485,0.0036,0.0053,2956.02,-1.0881032
HYPE-USDT,HVOL,"{'min_adx': 25, 'vol_thresh': 2.0, 'max_ext': 0.01, 'adx_exit': 20, 'allowed_hours': [], 'risk_pct': 0.01, 'max_hold_bars': 120, 'use_trail': False, 'tp_atr_mult': 2.5}",17,0.2941,-43.9758,0.2338,-2.5868,0.2629,-9.6485,0.0036,0.0053,2956.02,-1.0881032
HYPE-USDT,HVOL,"{'min_adx': 25, 'vol_thresh': 2.0, 'max_ext': 0.01, 'adx_exit': 15, 'allowed_hours': [], 'risk_pct': 0.01, 'max_hold_bars': 120, 'use_trail': False, 'tp_atr_mult': 2.5}",17,0.2941,-43.9758,0.2338,-2.5868,0.2629,-9.6485,0.0036,0.0053,2956.02,-1.0881032
HYPE-USDT,HVOL,"{'min_adx': 25, 'vol_thresh': 2.0, 'max_ext': 0.02, 'adx_exit': 15, 'allowed_hours': [], 'risk_pct': 0.01, 'max_hold_bars': 120, 'use_trail': False, 'tp_atr_mult': 2.5}",17,0.2941,-43.9758,0.2338,-2.5868,0.2629,-9.6485,0.0036,0.0053,2956.02,-1.0881032
DOT-USDT,HVOL,"{'min_adx': 20, 'vol_thresh': 2.0, 'max_ext': 0.01, 'adx_exit': 20, 'allowed_hours': [], 'risk_pct': 0.01, 'max_hold_bars': 120, 'use_trail': False, 'tp_atr_mult': 2.5}",14,0.2143,-50.6104,0.249,-3.615,0.2597,-8.9402,0.0102,0.0055,2949.39,-1.0886416
ADA-USDT,HVOL,"{'min_adx': 25, 'vol_thresh': 1.5, 'max_ext': 0.03, 'adx_exit': 25, 'allowed_hours': [], 'risk_pct': 0.01, 'max_hold_bars': 120, 'use_trail': False, 'tp_atr_mult': 2.5}",24,0.2083,-84.3228,0.3459,-3.5134,0.272,-7.0112,0.0104,0.0069,2915.68,-1.0904412
ADA-USDT,HVOL,"{'min_adx': 25, 'vol_thresh': 1.5, 'max_ext': 0.02, 'adx_exit': 25, 'allowed_hours': [], 'risk_pct': 0.01, 'max_hold_bars': 120, 'use_trail': False, 'tp_atr_mult': 2.5}",24,0.2083,-84.3228,0.3459,-3.5134,0.272,-7.0112,0.0104,0.0069,2915.68,-1.0904412
NEAR-USDT,HVOL,"{'min_adx': 30, 'vol_thresh': 1.3, 'max_ext': 0.02, 'adx_exit': 20, 'allowed_hours': [], 'risk_pct': 0.01, 'max_hold_bars': 120, 'use_trail': False, 'tp_atr_mult': 2.5}",21,0.381,-96.3995,0.3799,-4.5905,0.2761,-6.6122,0.0128,0.0109,2903.6,-1.091848
NEAR-USDT,HVOL,"{'min_adx': 30, 'vol_thresh': 1.3, 'max_ext': 0.03, 'adx_exit': 20, 'allowed_hours': [], 'risk_pct': 0.01, 'max_hold_bars': 120, 'use_trail': False, 'tp_atr_mult': 2.5}",21,0.381,-96.3995,0.3799,-4.5905,0.2761,-6.6122,0.0128,0.0109,2903.6,-1.091848
ETH-USDT,VSMO,"{'rsi_lo': 45, 'rsi_hi': 80, 'vol_thresh': 2.0, 'stop_atr_mult': 1.5, 'allowed_hours': [], 'tp_atr_mult': 3.0, 'risk_pct': 0.01, 'max_hold_bars': 144, 'use_trail': True, 'trail_ema': 21}",8,0.125,-12.8808,0.1397,-1.6101,0.2529,-17.043,0.0009,0.0012,2987.12,-1.0948731999999999
ETH-USDT,VSMO,"{'rsi_lo': 45, 'rsi_hi': 80, 'vol_thresh': 2.0, 'stop_atr_mult': 2.0, 'allowed_hours': [], 'tp_atr_mult': 3.0, 'risk_pct': 0.01, 'max_hold_bars': 144, 'use_trail': True, 'trail_ema': 21}",8,0.125,-12.8808,0.1397,-1.6101,0.2529,-17.043,0.0009,0.0012,2987.12,-1.0948731999999999
ETH-USDT,VSMO,"{'rsi_lo': 45, 'rsi_hi': 80, 'vol_thresh': 2.0, 'stop_atr_mult': 1.0, 'allowed_hours': [], 'tp_atr_mult': 3.0, 'risk_pct': 0.01, 'max_hold_bars': 144, 'use_trail': True, 'trail_ema': 21}",8,0.125,-12.8808,0.1397,-1.6101,0.2529,-17.043,0.0009,0.0012,2987.12,-1.0948731999999999
NEAR-USDT,HVOL,"{'min_adx': 30, 'vol_thresh': 1.3, 'max_ext': 0.02, 'adx_exit': 15, 'allowed_hours': [], 'risk_pct': 0.01, 'max_hold_bars': 120, 'use_trail': False, 'tp_atr_mult': 2.5}",21,0.381,-97.455,0.3803,-4.6407,0.2762,-6.6431,0.0128,0.0109,2902.55,-1.0955700000000002
NEAR-USDT,HVOL,"{'min_adx': 30, 'vol_thresh': 1.3, 'max_ext': 0.03, 'adx_exit': 15, 'allowed_hours': [], 'risk_pct': 0.01, 'max_hold_bars': 120, 'use_trail': False, 'tp_atr_mult': 2.5}",21,0.381,-97.455,0.3803,-4.6407,0.2762,-6.6431,0.0128,0.0109,2902.55,-1.0955700000000002
HYPE-USDT,MTALIGN,"{'pb_thresh': 0.008, 'vol_thresh': 1.5, 'allowed_hours': [14, 15, 16, 17, 18, 19], 'tp_atr_mult': 2.5, 'risk_pct': 0.01, 'max_hold_bars': 96, 'use_trail': True, 'trail_ema': 21, 'stop_extra': 0.002}",8,0.125,-23.495,0.1687,-2.9369,0.2572,-14.827,0.0022,0.0036,2976.51,-1.0981300000000003
HYPE-USDT,MTALIGN,"{'pb_thresh': 0.008, 'vol_thresh': 1.3, 'allowed_hours': [14, 15, 16, 17, 18, 19], 'tp_atr_mult': 2.5, 'risk_pct': 0.01, 'max_hold_bars': 96, 'use_trail': True, 'trail_ema': 21, 'stop_extra': 0.002}",8,0.125,-23.495,0.1687,-2.9369,0.2572,-14.827,0.0022,0.0036,2976.51,-1.0981300000000003
ONDO-USDT,HVOL,"{'min_adx': 25, 'vol_thresh': 1.5, 'max_ext': 0.02, 'adx_exit': 25, 'allowed_hours': [], 'risk_pct': 0.01, 'max_hold_bars': 120, 'use_trail': False, 'tp_atr_mult': 2.5}",28,0.1071,-83.6421,0.341,-2.9872,0.2763,-6.4488,0.0081,0.0063,2916.36,-1.0993684
ONDO-USDT,HVOL,"{'min_adx': 25, 'vol_thresh': 1.5, 'max_ext': 0.03, 'adx_exit': 25, 'allowed_hours': [], 'risk_pct': 0.01, 'max_hold_bars': 120, 'use_trail': False, 'tp_atr_mult': 2.5}",28,0.1071,-83.6421,0.341,-2.9872,0.2763,-6.4488,0.0081,0.0063,2916.36,-1.0993684
AVAX-USDT,HVOL,"{'min_adx': 30, 'vol_thresh': 1.3, 'max_ext': 0.03, 'adx_exit': 15, 'allowed_hours': [], 'risk_pct': 0.01, 'max_hold_bars': 120, 'use_trail': False, 'tp_atr_mult': 2.5}",17,0.1765,-57.7398,0.2623,-3.3965,0.2658,-8.9191,0.0049,0.006,2942.26,-1.1033092
AVAX-USDT,HVOL,"{'min_adx': 30, 'vol_thresh': 1.3, 'max_ext': 0.03, 'adx_exit': 20, 'allowed_hours': [], 'risk_pct': 0.01, 'max_hold_bars': 120, 'use_trail': False, 'tp_atr_mult': 2.5}",17,0.1765,-57.7398,0.2623,-3.3965,0.2658,-8.9191,0.0049,0.006,2942.26,-1.1033092
AVAX-USDT,HVOL,"{'min_adx': 30, 'vol_thresh': 1.3, 'max_ext': 0.02, 'adx_exit': 15, 'allowed_hours': [], 'risk_pct': 0.01, 'max_hold_bars': 120, 'use_trail': False, 'tp_atr_mult': 2.5}",17,0.1765,-57.7398,0.2623,-3.3965,0.2658,-8.9191,0.0049,0.006,2942.26,-1.1033092
AVAX-USDT,HVOL,"{'min_adx': 30, 'vol_thresh': 1.3, 'max_ext': 0.02, 'adx_exit': 20, 'allowed_hours': [], 'risk_pct': 0.01, 'max_hold_bars': 120, 'use_trail': False, 'tp_atr_mult': 2.5}",17,0.1765,-57.7398,0.2623,-3.3965,0.2658,-8.9191,0.0049,0.006,2942.26,-1.1033092
LIT-USDT,EMASTACK,"{'max_pb': 0.015, 'vol_thresh': 1.5, 'rsi_lo': 50, 'rsi_hi': 78, 'rsi_exit': 85, 'min_adx': 15, 'allowed_hours': [], 'risk_pct': 0.01, 'max_hold_bars': 144, 'use_trail': True, 'trail_ema': 21, 'tp_atr_mult': 2.5, 'stop_extra': 0.002}",13,0.0769,-85.802,0.3395,-6.6002,0.2701,-6.4613,0.0245,0.0237,2914.2,-1.104058
LIT-USDT,EMASTACK,"{'max_pb': 0.015, 'vol_thresh': 1.5, 'rsi_lo': 45, 'rsi_hi': 73, 'rsi_exit': 80, 'min_adx': 15, 'allowed_hours': [], 'risk_pct': 0.01, 'max_hold_bars': 144, 'use_trail': True, 'trail_ema': 21, 'tp_atr_mult': 2.5, 'stop_extra': 0.002}",13,0.0769,-85.802,0.3395,-6.6002,0.2701,-6.4613,0.0245,0.0237,2914.2,-1.104058
APT-USDT,HVOL,"{'min_adx': 20, 'vol_thresh': 2.0, 'max_ext': 0.03, 'adx_exit': 20, 'allowed_hours': [], 'risk_pct': 0.01, 'max_hold_bars': 120, 'use_trail': False, 'tp_atr_mult': 2.5}",23,0.4348,-168.5648,0.4964,-7.3289,0.3254,-4.6344,0.0492,0.0339,2831.44,-1.1088192000000001
DOT-USDT,EMASTACK,"{'max_pb': 0.01, 'vol_thresh': 1.2, 'rsi_lo': 45, 'rsi_hi': 73, 'rsi_exit': 80, 'min_adx': 20, 'allowed_hours': [], 'risk_pct': 0.01, 'max_hold_bars': 144, 'use_trail': True, 'trail_ema': 21, 'tp_atr_mult': 2.5, 'stop_extra': 0.002}",9,0.1111,-24.1313,0.1612,-2.6813,0.2563,-15.0051,0.0054,0.0036,2975.87,-1.1110252
DOT-USDT,EMASTACK,"{'max_pb': 0.005, 'vol_thresh': 1.2, 'rsi_lo': 45, 'rsi_hi': 73, 'rsi_exit': 80, 'min_adx': 20, 'allowed_hours': [], 'risk_pct': 0.01, 'max_hold_bars': 144, 'use_trail': True, 'trail_ema': 21, 'tp_atr_mult': 2.5, 'stop_extra': 0.002}",9,0.1111,-24.1313,0.1612,-2.6813,0.2563,-15.0051,0.0054,0.0036,2975.87,-1.1110252
DOT-USDT,EMASTACK,"{'max_pb': 0.005, 'vol_thresh': 1.2, 'rsi_lo': 50, 'rsi_hi': 78, 'rsi_exit': 85, 'min_adx': 20, 'allowed_hours': [], 'risk_pct': 0.01, 'max_hold_bars': 144, 'use_trail': True, 'trail_ema': 21, 'tp_atr_mult': 2.5, 'stop_extra': 0.002}",9,0.1111,-24.1313,0.1612,-2.6813,0.2563,-15.0051,0.0054,0.0036,2975.87,-1.1110252
DOT-USDT,EMASTACK,"{'max_pb': 0.015, 'vol_thresh': 1.2, 'rsi_lo': 50, 'rsi_hi': 78, 'rsi_exit': 85, 'min_adx': 20, 'allowed_hours': [], 'risk_pct': 0.01, 'max_hold_bars': 144, 'use_trail': True, 'trail_ema': 21, 'tp_atr_mult': 2.5, 'stop_extra': 0.002}",9,0.1111,-24.1313,0.1612,-2.6813,0.2563,-15.0051,0.0054,0.0036,2975.87,-1.1110252
DOT-USDT,EMASTACK,"{'max_pb': 0.015, 'vol_thresh': 1.2, 'rsi_lo': 45, 'rsi_hi': 73, 'rsi_exit': 80, 'min_adx': 20, 'allowed_hours': [], 'risk_pct': 0.01, 'max_hold_bars': 144, 'use_trail': True, 'trail_ema': 21, 'tp_atr_mult': 2.5, 'stop_extra': 0.002}",9,0.1111,-24.1313,0.1612,-2.6813,0.2563,-15.0051,0.0054,0.0036,2975.87,-1.1110252
DOT-USDT,EMASTACK,"{'max_pb': 0.01, 'vol_thresh': 1.2, 'rsi_lo': 50, 'rsi_hi': 78, 'rsi_exit': 85, 'min_adx': 20, 'allowed_hours': [], 'risk_pct': 0.01, 'max_hold_bars': 144, 'use_trail': True, 'trail_ema': 21, 'tp_atr_mult': 2.5, 'stop_extra': 0.002}",9,0.1111,-24.1313,0.1612,-2.6813,0.2563,-15.0051,0.0054,0.0036,2975.87,-1.1110252
DOGE-USDT,MTALIGN,"{'pb_thresh': 0.003, 'vol_thresh': 1.1, 'allowed_hours': [], 'tp_atr_mult': 2.5, 'risk_pct': 0.01, 'max_hold_bars': 96, 'use_trail': True, 'trail_ema': 21, 'stop_extra': 0.002}",9,0.1111,-14.7759,0.1338,-1.6418,0.2534,-18.0503,0.002,0.0015,2985.22,-1.1118036
HYPE-USDT,HVOL,"{'min_adx': 30, 'vol_thresh': 2.0, 'max_ext': 0.03, 'adx_exit': 20, 'allowed_hours': [], 'risk_pct': 0.01, 'max_hold_bars': 120, 'use_trail': False, 'tp_atr_mult': 2.5}",16,0.25,-43.505,0.2154,-2.7191,0.2628,-10.265,0.0036,0.0053,2956.5,-1.11372
HYPE-USDT,HVOL,"{'min_adx': 30, 'vol_thresh': 2.0, 'max_ext': 0.02, 'adx_exit': 15, 'allowed_hours': [], 'risk_pct': 0.01, 'max_hold_bars': 120, 'use_trail': False, 'tp_atr_mult': 2.5}",16,0.25,-43.505,0.2154,-2.7191,0.2628,-10.265,0.0036,0.0053,2956.5,-1.11372
HYPE-USDT,HVOL,"{'min_adx': 30, 'vol_thresh': 2.0, 'max_ext': 0.02, 'adx_exit': 20, 'allowed_hours': [], 'risk_pct': 0.01, 'max_hold_bars': 120, 'use_trail': False, 'tp_atr_mult': 2.5}",16,0.25,-43.505,0.2154,-2.7191,0.2628,-10.265,0.0036,0.0053,2956.5,-1.11372
HYPE-USDT,HVOL,"{'min_adx': 30, 'vol_thresh': 2.0, 'max_ext': 0.03, 'adx_exit': 15, 'allowed_hours': [], 'risk_pct': 0.01, 'max_hold_bars': 120, 'use_trail': False, 'tp_atr_mult': 2.5}",16,0.25,-43.505,0.2154,-2.7191,0.2628,-10.265,0.0036,0.0053,2956.5,-1.11372
HYPE-USDT,HVOL,"{'min_adx': 30, 'vol_thresh': 2.0, 'max_ext': 0.01, 'adx_exit': 20, 'allowed_hours': [], 'risk_pct': 0.01, 'max_hold_bars': 120, 'use_trail': False, 'tp_atr_mult': 2.5}",16,0.25,-43.505,0.2154,-2.7191,0.2628,-10.265,0.0036,0.0053,2956.5,-1.11372
HYPE-USDT,HVOL,"{'min_adx': 30, 'vol_thresh': 2.0, 'max_ext': 0.01, 'adx_exit': 15, 'allowed_hours': [], 'risk_pct': 0.01, 'max_hold_bars': 120, 'use_trail': False, 'tp_atr_mult': 2.5}",16,0.25,-43.505,0.2154,-2.7191,0.2628,-10.265,0.0036,0.0053,2956.5,-1.11372
SOL-USDT,EMASTACK,"{'max_pb': 0.01, 'vol_thresh': 1.2, 'rsi_lo': 50, 'rsi_hi': 78, 'rsi_exit': 85, 'min_adx': 15, 'allowed_hours': [], 'risk_pct': 0.01, 'max_hold_bars': 144, 'use_trail': True, 'trail_ema': 21, 'tp_atr_mult': 2.5, 'stop_extra': 0.002}",8,0.125,-15.4392,0.1343,-1.9299,0.254,-17.3254,0.0028,0.0023,2984.56,-1.1143068
SOL-USDT,EMASTACK,"{'max_pb': 0.005, 'vol_thresh': 1.2, 'rsi_lo': 45, 'rsi_hi': 73, 'rsi_exit': 80, 'min_adx': 15, 'allowed_hours': [], 'risk_pct': 0.01, 'max_hold_bars': 144, 'use_trail': True, 'trail_ema': 21, 'tp_atr_mult': 2.5, 'stop_extra': 0.002}",8,0.125,-15.4392,0.1343,-1.9299,0.254,-17.3254,0.0028,0.0023,2984.56,-1.1143068
SOL-USDT,EMASTACK,"{'max_pb': 0.005, 'vol_thresh': 1.2, 'rsi_lo': 50, 'rsi_hi': 78, 'rsi_exit': 85, 'min_adx': 15, 'allowed_hours': [], 'risk_pct': 0.01, 'max_hold_bars': 144, 'use_trail': True, 'trail_ema': 21, 'tp_atr_mult': 2.5, 'stop_extra': 0.002}",8,0.125,-15.4392,0.1343,-1.9299,0.254,-17.3254,0.0028,0.0023,2984.56,-1.1143068
SOL-USDT,EMASTACK,"{'max_pb': 0.015, 'vol_thresh': 1.2, 'rsi_lo': 50, 'rsi_hi': 78, 'rsi_exit': 85, 'min_adx': 15, 'allowed_hours': [], 'risk_pct': 0.01, 'max_hold_bars': 144, 'use_trail': True, 'trail_ema': 21, 'tp_atr_mult': 2.5, 'stop_extra': 0.002}",8,0.125,-15.4392,0.1343,-1.9299,0.254,-17.3254,0.0028,0.0023,2984.56,-1.1143068
SOL-USDT,EMASTACK,"{'max_pb': 0.01, 'vol_thresh': 1.2, 'rsi_lo': 45, 'rsi_hi': 73, 'rsi_exit': 80, 'min_adx': 15, 'allowed_hours': [], 'risk_pct': 0.01, 'max_hold_bars': 144, 'use_trail': True, 'trail_ema': 21, 'tp_atr_mult': 2.5, 'stop_extra': 0.002}",8,0.125,-15.4392,0.1343,-1.9299,0.254,-17.3254,0.0028,0.0023,2984.56,-1.1143068
SOL-USDT,EMASTACK,"{'max_pb': 0.015, 'vol_thresh': 1.2, 'rsi_lo': 45, 'rsi_hi': 73, 'rsi_exit': 80, 'min_adx': 15, 'allowed_hours': [], 'risk_pct': 0.01, 'max_hold_bars': 144, 'use_trail': True, 'trail_ema': 21, 'tp_atr_mult': 2.5, 'stop_extra': 0.002}",8,0.125,-15.4392,0.1343,-1.9299,0.254,-17.3254,0.0028,0.0023,2984.56,-1.1143068
ADA-USDT,HVOL,"{'min_adx': 20, 'vol_thresh': 1.5, 'max_ext': 0.02, 'adx_exit': 25, 'allowed_hours': [], 'risk_pct': 0.01, 'max_hold_bars': 120, 'use_trail': False, 'tp_atr_mult': 2.5}",25,0.24,-89.0558,0.3438,-3.5622,0.2739,-7.0722,0.0106,0.0068,2910.94,-1.1144232000000003
ADA-USDT,HVOL,"{'min_adx': 20, 'vol_thresh': 1.5, 'max_ext': 0.03, 'adx_exit': 25, 'allowed_hours': [], 'risk_pct': 0.01, 'max_hold_bars': 120, 'use_trail': False, 'tp_atr_mult': 2.5}",25,0.24,-89.0558,0.3438,-3.5622,0.2739,-7.0722,0.0106,0.0068,2910.94,-1.1144232000000003
ONDO-USDT,HVOL,"{'min_adx': 25, 'vol_thresh': 1.5, 'max_ext': 0.03, 'adx_exit': 15, 'allowed_hours': [], 'risk_pct': 0.01, 'max_hold_bars': 120, 'use_trail': False, 'tp_atr_mult': 2.5}",27,0.1481,-90.1837,0.3478,-3.3401,0.2779,-6.5078,0.0085,0.0072,2909.82,-1.1169348000000001
ONDO-USDT,HVOL,"{'min_adx': 25, 'vol_thresh': 1.5, 'max_ext': 0.02, 'adx_exit': 15, 'allowed_hours': [], 'risk_pct': 0.01, 'max_hold_bars': 120, 'use_trail': False, 'tp_atr_mult': 2.5}",27,0.1481,-90.1837,0.3478,-3.3401,0.2779,-6.5078,0.0085,0.0072,2909.82,-1.1169348000000001
DOT-USDT,HVOL,"{'min_adx': 20, 'vol_thresh': 2.0, 'max_ext': 0.01, 'adx_exit': 15, 'allowed_hours': [], 'risk_pct': 0.01, 'max_hold_bars': 120, 'use_trail': False, 'tp_atr_mult': 2.5}",14,0.2143,-53.9997,0.2368,-3.8571,0.2606,-9.4846,0.0102,0.0056,2946.0,-1.1213988
PEPE-USDT,HVOL,"{'min_adx': 30, 'vol_thresh': 2.0, 'max_ext': 0.03, 'adx_exit': 15, 'allowed_hours': [], 'risk_pct': 0.01, 'max_hold_bars': 120, 'use_trail': False, 'tp_atr_mult': 2.5}",11,0.2727,-49.665,0.2284,-4.515,0.2662,-7.745,0.008,0.0059,2950.33,-1.12226
PEPE-USDT,HVOL,"{'min_adx': 30, 'vol_thresh': 2.0, 'max_ext': 0.01, 'adx_exit': 20, 'allowed_hours': [], 'risk_pct': 0.01, 'max_hold_bars': 120, 'use_trail': False, 'tp_atr_mult': 2.5}",11,0.2727,-49.665,0.2284,-4.515,0.2662,-7.745,0.008,0.0059,2950.33,-1.12226
PEPE-USDT,HVOL,"{'min_adx': 30, 'vol_thresh': 2.0, 'max_ext': 0.02, 'adx_exit': 20, 'allowed_hours': [], 'risk_pct': 0.01, 'max_hold_bars': 120, 'use_trail': False, 'tp_atr_mult': 2.5}",11,0.2727,-49.665,0.2284,-4.515,0.2662,-7.745,0.008,0.0059,2950.33,-1.12226
PEPE-USDT,HVOL,"{'min_adx': 30, 'vol_thresh': 2.0, 'max_ext': 0.01, 'adx_exit': 15, 'allowed_hours': [], 'risk_pct': 0.01, 'max_hold_bars': 120, 'use_trail': False, 'tp_atr_mult': 2.5}",11,0.2727,-49.665,0.2284,-4.515,0.2662,-7.745,0.008,0.0059,2950.33,-1.12226
PEPE-USDT,HVOL,"{'min_adx': 30, 'vol_thresh': 2.0, 'max_ext': 0.03, 'adx_exit': 20, 'allowed_hours': [], 'risk_pct': 0.01, 'max_hold_bars': 120, 'use_trail': False, 'tp_atr_mult': 2.5}",11,0.2727,-49.665,0.2284,-4.515,0.2662,-7.745,0.008,0.0059,2950.33,-1.12226
PEPE-USDT,HVOL,"{'min_adx': 30, 'vol_thresh': 2.0, 'max_ext': 0.02, 'adx_exit': 15, 'allowed_hours': [], 'risk_pct': 0.01, 'max_hold_bars': 120, 'use_trail': False, 'tp_atr_mult': 2.5}",11,0.2727,-49.665,0.2284,-4.515,0.2662,-7.745,0.008,0.0059,2950.33,-1.12226
ETH-USDT,EMASTACK,"{'max_pb': 0.005, 'vol_thresh': 1.5, 'rsi_lo': 45, 'rsi_hi': 73, 'rsi_exit': 80, 'min_adx': 25, 'allowed_hours': [], 'risk_pct': 0.01, 'max_hold_bars': 144, 'use_trail': True, 'trail_ema': 21, 'tp_atr_mult': 2.5, 'stop_extra': 0.002}",7,0.1429,-14.5439,0.1257,-2.0777,0.2535,-17.7015,0.0012,0.002,2985.46,-1.1231255999999998
ETH-USDT,EMASTACK,"{'max_pb': 0.01, 'vol_thresh': 1.5, 'rsi_lo': 45, 'rsi_hi': 73, 'rsi_exit': 80, 'min_adx': 25, 'allowed_hours': [], 'risk_pct': 0.01, 'max_hold_bars': 144, 'use_trail': True, 'trail_ema': 21, 'tp_atr_mult': 2.5, 'stop_extra': 0.002}",7,0.1429,-14.5439,0.1257,-2.0777,0.2535,-17.7015,0.0012,0.002,2985.46,-1.1231255999999998
ETH-USDT,EMASTACK,"{'max_pb': 0.015, 'vol_thresh': 1.5, 'rsi_lo': 45, 'rsi_hi': 73, 'rsi_exit': 80, 'min_adx': 25, 'allowed_hours': [], 'risk_pct': 0.01, 'max_hold_bars': 144, 'use_trail': True, 'trail_ema': 21, 'tp_atr_mult': 2.5, 'stop_extra': 0.002}",7,0.1429,-14.5439,0.1257,-2.0777,0.2535,-17.7015,0.0012,0.002,2985.46,-1.1231255999999998
ONDO-USDT,HVOL,"{'min_adx': 20, 'vol_thresh': 1.3, 'max_ext': 0.03, 'adx_exit': 20, 'allowed_hours': [], 'risk_pct': 0.01, 'max_hold_bars': 120, 'use_trail': False, 'tp_atr_mult': 2.5}",32,0.1562,-92.7299,0.35,-2.8978,0.2777,-6.8049,0.0082,0.0058,2907.27,-1.1236196
ONDO-USDT,HVOL,"{'min_adx': 20, 'vol_thresh': 1.3, 'max_ext': 0.02, 'adx_exit': 20, 'allowed_hours': [], 'risk_pct': 0.01, 'max_hold_bars': 120, 'use_trail': False, 'tp_atr_mult': 2.5}",32,0.1562,-92.7299,0.35,-2.8978,0.2777,-6.8049,0.0082,0.0058,2907.27,-1.1236196
PEPE-USDT,HVOL,"{'min_adx': 25, 'vol_thresh': 2.0, 'max_ext': 0.03, 'adx_exit': 25, 'allowed_hours': [], 'risk_pct': 0.01, 'max_hold_bars': 120, 'use_trail': False, 'tp_atr_mult': 2.5}",14,0.2143,-55.4525,0.2419,-3.9609,0.2673,-7.639,0.007,0.0051,2944.55,-1.1262599999999998
PEPE-USDT,HVOL,"{'min_adx': 25, 'vol_thresh': 2.0, 'max_ext': 0.02, 'adx_exit': 25, 'allowed_hours': [], 'risk_pct': 0.01, 'max_hold_bars': 120, 'use_trail': False, 'tp_atr_mult': 2.5}",14,0.2143,-55.4525,0.2419,-3.9609,0.2673,-7.639,0.007,0.0051,2944.55,-1.1262599999999998
PEPE-USDT,HVOL,"{'min_adx': 25, 'vol_thresh': 2.0, 'max_ext': 0.01, 'adx_exit': 25, 'allowed_hours': [], 'risk_pct': 0.01, 'max_hold_bars': 120, 'use_trail': False, 'tp_atr_mult': 2.5}",14,0.2143,-55.4525,0.2419,-3.9609,0.2673,-7.639,0.007,0.0051,2944.55,-1.1262599999999998
ONDO-USDT,HVOL,"{'min_adx': 20, 'vol_thresh': 2.0, 'max_ext': 0.03, 'adx_exit': 20, 'allowed_hours': [], 'risk_pct': 0.01, 'max_hold_bars': 120, 'use_trail': False, 'tp_atr_mult': 2.5}",21,0.0952,-74.1053,0.2956,-3.5288,0.2736,-7.567,0.0093,0.0066,2925.89,-1.1266212000000002
ONDO-USDT,HVOL,"{'min_adx': 20, 'vol_thresh': 2.0, 'max_ext': 0.02, 'adx_exit': 20, 'allowed_hours': [], 'risk_pct': 0.01, 'max_hold_bars': 120, 'use_trail': False, 'tp_atr_mult': 2.5}",21,0.0952,-74.1053,0.2956,-3.5288,0.2736,-7.567,0.0093,0.0066,2925.89,-1.1266212000000002
DOGE-USDT,HVOL,"{'min_adx': 30, 'vol_thresh': 1.5, 'max_ext': 0.02, 'adx_exit': 25, 'allowed_hours': [], 'risk_pct': 0.01, 'max_hold_bars': 120, 'use_trail': False, 'tp_atr_mult': 2.5}",20,0.25,-47.7868,0.217,-2.3893,0.2619,-10.7026,0.004,0.0036,2952.21,-1.1275472
DOGE-USDT,HVOL,"{'min_adx': 30, 'vol_thresh': 1.5, 'max_ext': 0.02, 'adx_exit': 20, 'allowed_hours': [], 'risk_pct': 0.01, 'max_hold_bars': 120, 'use_trail': False, 'tp_atr_mult': 2.5}",20,0.25,-47.7868,0.217,-2.3893,0.2619,-10.7026,0.004,0.0036,2952.21,-1.1275472
DOGE-USDT,HVOL,"{'min_adx': 30, 'vol_thresh': 1.5, 'max_ext': 0.03, 'adx_exit': 15, 'allowed_hours': [], 'risk_pct': 0.01, 'max_hold_bars': 120, 'use_trail': False, 'tp_atr_mult': 2.5}",20,0.25,-47.7868,0.217,-2.3893,0.2619,-10.7026,0.004,0.0036,2952.21,-1.1275472
DOGE-USDT,HVOL,"{'min_adx': 30, 'vol_thresh': 1.5, 'max_ext': 0.02, 'adx_exit': 15, 'allowed_hours': [], 'risk_pct': 0.01, 'max_hold_bars': 120, 'use_trail': False, 'tp_atr_mult': 2.5}",20,0.25,-47.7868,0.217,-2.3893,0.2619,-10.7026,0.004,0.0036,2952.21,-1.1275472
DOGE-USDT,HVOL,"{'min_adx': 30, 'vol_thresh': 1.5, 'max_ext': 0.01, 'adx_exit': 25, 'allowed_hours': [], 'risk_pct': 0.01, 'max_hold_bars': 120, 'use_trail': False, 'tp_atr_mult': 2.5}",20,0.25,-47.7868,0.217,-2.3893,0.2619,-10.7026,0.004,0.0036,2952.21,-1.1275472
DOGE-USDT,HVOL,"{'min_adx': 30, 'vol_thresh': 1.5, 'max_ext': 0.01, 'adx_exit': 15, 'allowed_hours': [], 'risk_pct': 0.01, 'max_hold_bars': 120, 'use_trail': False, 'tp_atr_mult': 2.5}",20,0.25,-47.7868,0.217,-2.3893,0.2619,-10.7026,0.004,0.0036,2952.21,-1.1275472
DOGE-USDT,HVOL,"{'min_adx': 30, 'vol_thresh': 1.5, 'max_ext': 0.03, 'adx_exit': 20, 'allowed_hours': [], 'risk_pct': 0.01, 'max_hold_bars': 120, 'use_trail': False, 'tp_atr_mult': 2.5}",20,0.25,-47.7868,0.217,-2.3893,0.2619,-10.7026,0.004,0.0036,2952.21,-1.1275472
DOGE-USDT,HVOL,"{'min_adx': 30, 'vol_thresh': 1.5, 'max_ext': 0.03, 'adx_exit': 25, 'allowed_hours': [], 'risk_pct': 0.01, 'max_hold_bars': 120, 'use_trail': False, 'tp_atr_mult': 2.5}",20,0.25,-47.7868,0.217,-2.3893,0.2619,-10.7026,0.004,0.0036,2952.21,-1.1275472
DOGE-USDT,HVOL,"{'min_adx': 30, 'vol_thresh': 1.5, 'max_ext': 0.01, 'adx_exit': 20, 'allowed_hours': [], 'risk_pct': 0.01, 'max_hold_bars': 120, 'use_trail': False, 'tp_atr_mult': 2.5}",20,0.25,-47.7868,0.217,-2.3893,0.2619,-10.7026,0.004,0.0036,2952.21,-1.1275472
ADA-USDT,HVOL,"{'min_adx': 25, 'vol_thresh': 1.5, 'max_ext': 0.02, 'adx_exit': 20, 'allowed_hours': [], 'risk_pct': 0.01, 'max_hold_bars': 120, 'use_trail': False, 'tp_atr_mult': 2.5}",24,0.2083,-88.8997,0.334,-3.7042,0.2731,-7.3361,0.0104,0.0072,2911.1,-1.1276988
ADA-USDT,HVOL,"{'min_adx': 25, 'vol_thresh': 1.5, 'max_ext': 0.03, 'adx_exit': 20, 'allowed_hours': [], 'risk_pct': 0.01, 'max_hold_bars': 120, 'use_trail': False, 'tp_atr_mult': 2.5}",24,0.2083,-88.8997,0.334,-3.7042,0.2731,-7.3361,0.0104,0.0072,2911.1,-1.1276988
SOL-USDT,EMASTACK,"{'max_pb': 0.005, 'vol_thresh': 1.5, 'rsi_lo': 38, 'rsi_hi': 66, 'rsi_exit': 73, 'min_adx': 15, 'allowed_hours': [], 'risk_pct': 0.01, 'max_hold_bars': 144, 'use_trail': True, 'trail_ema': 21, 'tp_atr_mult': 2.5, 'stop_extra': 0.002}",5,0.2,-7.5183,0.1016,-1.5037,0.2517,-19.5461,0.0026,0.0018,2992.48,-1.1293732
SOL-USDT,EMASTACK,"{'max_pb': 0.005, 'vol_thresh': 2.0, 'rsi_lo': 38, 'rsi_hi': 66, 'rsi_exit': 73, 'min_adx': 15, 'allowed_hours': [], 'risk_pct': 0.01, 'max_hold_bars': 144, 'use_trail': True, 'trail_ema': 21, 'tp_atr_mult': 2.5, 'stop_extra': 0.002}",5,0.2,-7.5183,0.1016,-1.5037,0.2517,-19.5461,0.0026,0.0018,2992.48,-1.1293732
SOL-USDT,EMASTACK,"{'max_pb': 0.015, 'vol_thresh': 1.5, 'rsi_lo': 38, 'rsi_hi': 66, 'rsi_exit': 73, 'min_adx': 15, 'allowed_hours': [], 'risk_pct': 0.01, 'max_hold_bars': 144, 'use_trail': True, 'trail_ema': 21, 'tp_atr_mult': 2.5, 'stop_extra': 0.002}",5,0.2,-7.5183,0.1016,-1.5037,0.2517,-19.5461,0.0026,0.0018,2992.48,-1.1293732
SOL-USDT,EMASTACK,"{'max_pb': 0.01, 'vol_thresh': 2.0, 'rsi_lo': 38, 'rsi_hi': 66, 'rsi_exit': 73, 'min_adx': 15, 'allowed_hours': [], 'risk_pct': 0.01, 'max_hold_bars': 144, 'use_trail': True, 'trail_ema': 21, 'tp_atr_mult': 2.5, 'stop_extra': 0.002}",5,0.2,-7.5183,0.1016,-1.5037,0.2517,-19.5461,0.0026,0.0018,2992.48,-1.1293732
SOL-USDT,EMASTACK,"{'max_pb': 0.015, 'vol_thresh': 2.0, 'rsi_lo': 38, 'rsi_hi': 66, 'rsi_exit': 73, 'min_adx': 15, 'allowed_hours': [], 'risk_pct': 0.01, 'max_hold_bars': 144, 'use_trail': True, 'trail_ema': 21, 'tp_atr_mult': 2.5, 'stop_extra': 0.002}",5,0.2,-7.5183,0.1016,-1.5037,0.2517,-19.5461,0.0026,0.0018,2992.48,-1.1293732
SOL-USDT,EMASTACK,"{'max_pb': 0.01, 'vol_thresh': 1.5, 'rsi_lo': 38, 'rsi_hi': 66, 'rsi_exit': 73, 'min_adx': 15, 'allowed_hours': [], 'risk_pct': 0.01, 'max_hold_bars': 144, 'use_trail': True, 'trail_ema': 21, 'tp_atr_mult': 2.5, 'stop_extra': 0.002}",5,0.2,-7.5183,0.1016,-1.5037,0.2517,-19.5461,0.0026,0.0018,2992.48,-1.1293732
ETH-USDT,VSMO,"{'rsi_lo': 45, 'rsi_hi': 80, 'vol_thresh': 1.5, 'stop_atr_mult': 1.5, 'allowed_hours': [], 'tp_atr_mult': 3.0, 'risk_pct': 0.01, 'max_hold_bars': 144, 'use_trail': True, 'trail_ema': 21}",9,0.1111,-15.0499,0.122,-1.6722,0.2535,-18.6329,0.001,0.0014,2984.95,-1.1306995999999998
ETH-USDT,VSMO,"{'rsi_lo': 45, 'rsi_hi': 80, 'vol_thresh': 1.5, 'stop_atr_mult': 2.0, 'allowed_hours': [], 'tp_atr_mult': 3.0, 'risk_pct': 0.01, 'max_hold_bars': 144, 'use_trail': True, 'trail_ema': 21}",9,0.1111,-15.0499,0.122,-1.6722,0.2535,-18.6329,0.001,0.0014,2984.95,-1.1306995999999998
ETH-USDT,VSMO,"{'rsi_lo': 45, 'rsi_hi': 80, 'vol_thresh': 1.5, 'stop_atr_mult': 1.0, 'allowed_hours': [], 'tp_atr_mult': 3.0, 'risk_pct': 0.01, 'max_hold_bars': 144, 'use_trail': True, 'trail_ema': 21}",9,0.1111,-15.0499,0.122,-1.6722,0.2535,-18.6329,0.001,0.0014,2984.95,-1.1306995999999998
LINK-USDT,HVOL,"{'min_adx': 20, 'vol_thresh': 1.5, 'max_ext': 0.03, 'adx_exit': 25, 'allowed_hours': [], 'risk_pct': 0.01, 'max_hold_bars': 120, 'use_trail': False, 'tp_atr_mult': 2.5}",22,0.1818,-58.2654,0.2455,-2.6484,0.2666,-11.1429,0.0029,0.004,2941.73,-1.1314115999999999
LINK-USDT,HVOL,"{'min_adx': 20, 'vol_thresh': 1.5, 'max_ext': 0.01, 'adx_exit': 25, 'allowed_hours': [], 'risk_pct': 0.01, 'max_hold_bars': 120, 'use_trail': False, 'tp_atr_mult': 2.5}",22,0.1818,-58.2654,0.2455,-2.6484,0.2666,-11.1429,0.0029,0.004,2941.73,-1.1314115999999999
LINK-USDT,HVOL,"{'min_adx': 20, 'vol_thresh': 1.5, 'max_ext': 0.02, 'adx_exit': 25, 'allowed_hours': [], 'risk_pct': 0.01, 'max_hold_bars': 120, 'use_trail': False, 'tp_atr_mult': 2.5}",22,0.1818,-58.2654,0.2455,-2.6484,0.2666,-11.1429,0.0029,0.004,2941.73,-1.1314115999999999
SUI-USDT,HVOL,"{'min_adx': 30, 'vol_thresh': 1.3, 'max_ext': 0.02, 'adx_exit': 20, 'allowed_hours': [], 'risk_pct': 0.01, 'max_hold_bars': 120, 'use_trail': False, 'tp_atr_mult': 2.5}",16,0.25,-66.4331,0.2677,-4.1521,0.2675,-9.2804,0.0102,0.0082,2933.57,-1.1316824
SUI-USDT,HVOL,"{'min_adx': 30, 'vol_thresh': 1.3, 'max_ext': 0.03, 'adx_exit': 20, 'allowed_hours': [], 'risk_pct': 0.01, 'max_hold_bars': 120, 'use_trail': False, 'tp_atr_mult': 2.5}",16,0.25,-66.4331,0.2677,-4.1521,0.2675,-9.2804,0.0102,0.0082,2933.57,-1.1316824
SUI-USDT,HVOL,"{'min_adx': 30, 'vol_thresh': 1.3, 'max_ext': 0.01, 'adx_exit': 20, 'allowed_hours': [], 'risk_pct': 0.01, 'max_hold_bars': 120, 'use_trail': False, 'tp_atr_mult': 2.5}",16,0.25,-66.4331,0.2677,-4.1521,0.2675,-9.2804,0.0102,0.0082,2933.57,-1.1316824
DOT-USDT,MTALIGN,"{'pb_thresh': 0.008, 'vol_thresh': 1.5, 'allowed_hours': [], 'tp_atr_mult': 2.5, 'risk_pct': 0.01, 'max_hold_bars': 96, 'use_trail': True, 'trail_ema': 21, 'stop_extra': 0.002}",17,0.1176,-42.1488,0.1958,-2.4793,0.2634,-11.9123,0.0044,0.0038,2957.85,-1.1382952
DOT-USDT,HVOL,"{'min_adx': 20, 'vol_thresh': 2.0, 'max_ext': 0.01, 'adx_exit': 25, 'allowed_hours': [], 'risk_pct': 0.01, 'max_hold_bars': 120, 'use_trail': False, 'tp_atr_mult': 2.5}",14,0.1429,-54.4156,0.2262,-3.8868,0.2607,-10.0903,0.0093,0.0052,2945.58,-1.1390624
DOT-USDT,VSMO,"{'rsi_lo': 40, 'rsi_hi': 75, 'vol_thresh': 2.5, 'stop_atr_mult': 1.0, 'allowed_hours': [], 'tp_atr_mult': 3.0, 'risk_pct': 0.01, 'max_hold_bars': 144, 'use_trail': True, 'trail_ema': 21}",5,0.2,-3.2444,0.0825,-0.6489,0.2517,-16.6185,0.001,0.0029,2996.76,-1.1409276
DOT-USDT,VSMO,"{'rsi_lo': 40, 'rsi_hi': 75, 'vol_thresh': 2.5, 'stop_atr_mult': 1.5, 'allowed_hours': [], 'tp_atr_mult': 3.0, 'risk_pct': 0.01, 'max_hold_bars': 144, 'use_trail': True, 'trail_ema': 21}",5,0.2,-3.2444,0.0825,-0.6489,0.2517,-16.6185,0.001,0.0029,2996.76,-1.1409276
DOT-USDT,VSMO,"{'rsi_lo': 40, 'rsi_hi': 75, 'vol_thresh': 2.5, 'stop_atr_mult': 2.0, 'allowed_hours': [], 'tp_atr_mult': 3.0, 'risk_pct': 0.01, 'max_hold_bars': 144, 'use_trail': True, 'trail_ema': 21}",5,0.2,-3.2444,0.0825,-0.6489,0.2517,-16.6185,0.001,0.0029,2996.76,-1.1409276
AVAX-USDT,MTALIGN,"{'pb_thresh': 0.003, 'vol_thresh': 1.1, 'allowed_hours': [8, 9, 10, 11, 14, 15, 16, 17, 18, 19, 20, 21], 'tp_atr_mult': 2.5, 'risk_pct': 0.01, 'max_hold_bars': 96, 'use_trail': True, 'trail_ema': 21, 'stop_extra': 0.002}",7,0.1429,-13.9234,0.1117,-1.9891,0.2535,-19.095,0.0025,0.0024,2986.08,-1.1416436
DOT-USDT,EMASTACK,"{'max_pb': 0.015, 'vol_thresh': 1.2, 'rsi_lo': 50, 'rsi_hi': 78, 'rsi_exit': 85, 'min_adx': 15, 'allowed_hours': [], 'risk_pct': 0.01, 'max_hold_bars': 144, 'use_trail': True, 'trail_ema': 21, 'tp_atr_mult': 2.5, 'stop_extra': 0.002}",10,0.1,-26.9326,0.1469,-2.6933,0.2566,-15.8862,0.0049,0.0036,2973.07,-1.1439803999999998
DOT-USDT,EMASTACK,"{'max_pb': 0.01, 'vol_thresh': 1.2, 'rsi_lo': 45, 'rsi_hi': 73, 'rsi_exit': 80, 'min_adx': 15, 'allowed_hours': [], 'risk_pct': 0.01, 'max_hold_bars': 144, 'use_trail': True, 'trail_ema': 21, 'tp_atr_mult': 2.5, 'stop_extra': 0.002}",10,0.1,-26.9326,0.1469,-2.6933,0.2566,-15.8862,0.0049,0.0036,2973.07,-1.1439803999999998
DOT-USDT,EMASTACK,"{'max_pb': 0.005, 'vol_thresh': 1.2, 'rsi_lo': 45, 'rsi_hi': 73, 'rsi_exit': 80, 'min_adx': 15, 'allowed_hours': [], 'risk_pct': 0.01, 'max_hold_bars': 144, 'use_trail': True, 'trail_ema': 21, 'tp_atr_mult': 2.5, 'stop_extra': 0.002}",10,0.1,-26.9326,0.1469,-2.6933,0.2566,-15.8862,0.0049,0.0036,2973.07,-1.1439803999999998
DOT-USDT,EMASTACK,"{'max_pb': 0.01, 'vol_thresh': 1.2, 'rsi_lo': 50, 'rsi_hi': 78, 'rsi_exit': 85, 'min_adx': 15, 'allowed_hours': [], 'risk_pct': 0.01, 'max_hold_bars': 144, 'use_trail': True, 'trail_ema': 21, 'tp_atr_mult': 2.5, 'stop_extra': 0.002}",10,0.1,-26.9326,0.1469,-2.6933,0.2566,-15.8862,0.0049,0.0036,2973.07,-1.1439803999999998
DOT-USDT,EMASTACK,"{'max_pb': 0.005, 'vol_thresh': 1.2, 'rsi_lo': 50, 'rsi_hi': 78, 'rsi_exit': 85, 'min_adx': 15, 'allowed_hours': [], 'risk_pct': 0.01, 'max_hold_bars': 144, 'use_trail': True, 'trail_ema': 21, 'tp_atr_mult': 2.5, 'stop_extra': 0.002}",10,0.1,-26.9326,0.1469,-2.6933,0.2566,-15.8862,0.0049,0.0036,2973.07,-1.1439803999999998
DOT-USDT,EMASTACK,"{'max_pb': 0.015, 'vol_thresh': 1.2, 'rsi_lo': 45, 'rsi_hi': 73, 'rsi_exit': 80, 'min_adx': 15, 'allowed_hours': [], 'risk_pct': 0.01, 'max_hold_bars': 144, 'use_trail': True, 'trail_ema': 21, 'tp_atr_mult': 2.5, 'stop_extra': 0.002}",10,0.1,-26.9326,0.1469,-2.6933,0.2566,-15.8862,0.0049,0.0036,2973.07,-1.1439803999999998
LINK-USDT,HVOL,"{'min_adx': 20, 'vol_thresh': 1.5, 'max_ext': 0.03, 'adx_exit': 20, 'allowed_hours': [], 'risk_pct': 0.01, 'max_hold_bars': 120, 'use_trail': False, 'tp_atr_mult': 2.5}",22,0.1818,-59.9045,0.2403,-2.7229,0.2671,-11.2462,0.0029,0.0042,2940.1,-1.146268
LINK-USDT,HVOL,"{'min_adx': 20, 'vol_thresh': 1.5, 'max_ext': 0.01, 'adx_exit': 20, 'allowed_hours': [], 'risk_pct': 0.01, 'max_hold_bars': 120, 'use_trail': False, 'tp_atr_mult': 2.5}",22,0.1818,-59.9045,0.2403,-2.7229,0.2671,-11.2462,0.0029,0.0042,2940.1,-1.146268
LINK-USDT,HVOL,"{'min_adx': 20, 'vol_thresh': 1.5, 'max_ext': 0.02, 'adx_exit': 20, 'allowed_hours': [], 'risk_pct': 0.01, 'max_hold_bars': 120, 'use_trail': False, 'tp_atr_mult': 2.5}",22,0.1818,-59.9045,0.2403,-2.7229,0.2671,-11.2462,0.0029,0.0042,2940.1,-1.146268
ADA-USDT,HVOL,"{'min_adx': 20, 'vol_thresh': 1.5, 'max_ext': 0.02, 'adx_exit': 20, 'allowed_hours': [], 'risk_pct': 0.01, 'max_hold_bars': 120, 'use_trail': False, 'tp_atr_mult': 2.5}",25,0.24,-93.0936,0.3338,-3.7237,0.2749,-7.344,0.0106,0.0071,2906.91,-1.1465743999999995
ADA-USDT,HVOL,"{'min_adx': 20, 'vol_thresh': 1.5, 'max_ext': 0.03, 'adx_exit': 20, 'allowed_hours': [], 'risk_pct': 0.01, 'max_hold_bars': 120, 'use_trail': False, 'tp_atr_mult': 2.5}",25,0.24,-93.0936,0.3338,-3.7237,0.2749,-7.344,0.0106,0.0071,2906.91,-1.1465743999999995
SUI-USDT,HVOL,"{'min_adx': 30, 'vol_thresh': 1.5, 'max_ext': 0.03, 'adx_exit': 20, 'allowed_hours': [], 'risk_pct': 0.01, 'max_hold_bars': 120, 'use_trail': False, 'tp_atr_mult': 2.5}",15,0.2,-64.0175,0.2502,-4.2678,0.2669,-9.1415,0.0097,0.0087,2935.98,-1.1476700000000002
SUI-USDT,HVOL,"{'min_adx': 30, 'vol_thresh': 1.5, 'max_ext': 0.02, 'adx_exit': 20, 'allowed_hours': [], 'risk_pct': 0.01, 'max_hold_bars': 120, 'use_trail': False, 'tp_atr_mult': 2.5}",15,0.2,-64.0175,0.2502,-4.2678,0.2669,-9.1415,0.0097,0.0087,2935.98,-1.1476700000000002
SUI-USDT,HVOL,"{'min_adx': 30, 'vol_thresh': 1.5, 'max_ext': 0.01, 'adx_exit': 20, 'allowed_hours': [], 'risk_pct': 0.01, 'max_hold_bars': 120, 'use_trail': False, 'tp_atr_mult': 2.5}",15,0.2,-64.0175,0.2502,-4.2678,0.2669,-9.1415,0.0097,0.0087,2935.98,-1.1476700000000002
ADA-USDT,HVOL,"{'min_adx': 25, 'vol_thresh': 1.5, 'max_ext': 0.02, 'adx_exit': 15, 'allowed_hours': [], 'risk_pct': 0.01, 'max_hold_bars': 120, 'use_trail': False, 'tp_atr_mult': 2.5}",24,0.2083,-91.4659,0.3277,-3.8111,0.2737,-7.4909,0.0104,0.0073,2908.53,-1.1480136
ADA-USDT,HVOL,"{'min_adx': 25, 'vol_thresh': 1.5, 'max_ext': 0.03, 'adx_exit': 15, 'allowed_hours': [], 'risk_pct': 0.01, 'max_hold_bars': 120, 'use_trail': False, 'tp_atr_mult': 2.5}",24,0.2083,-91.4659,0.3277,-3.8111,0.2737,-7.4909,0.0104,0.0073,2908.53,-1.1480136
APT-USDT,HVOL,"{'min_adx': 20, 'vol_thresh': 1.5, 'max_ext': 0.03, 'adx_exit': 20, 'allowed_hours': [], 'risk_pct': 0.01, 'max_hold_bars': 120, 'use_trail': False, 'tp_atr_mult': 2.5}",31,0.3871,-260.2284,0.5306,-8.3945,0.3455,-3.8947,0.0402,0.0375,2739.77,-1.1483936000000001
LIT-USDT,MTALIGN,"{'pb_thresh': 0.008, 'vol_thresh': 1.3, 'allowed_hours': [], 'tp_atr_mult': 2.5, 'risk_pct': 0.01, 'max_hold_bars': 96, 'use_trail': True, 'trail_ema': 21, 'stop_extra': 0.002}",5,0.4,-17.9887,0.121,-3.5977,0.2583,-14.4449,0.0033,0.0172,2982.01,-1.1487548
DOT-USDT,MTALIGN,"{'pb_thresh': 0.005, 'vol_thresh': 1.1, 'allowed_hours': [8, 9, 10, 11, 14, 15, 16, 17, 18, 19, 20, 21], 'tp_atr_mult': 2.5, 'risk_pct': 0.01, 'max_hold_bars': 96, 'use_trail': True, 'trail_ema': 21, 'stop_extra': 0.002}",9,0.2222,-18.9493,0.1213,-2.1055,0.2557,-16.7188,0.0025,0.0029,2981.05,-1.1495472
UNI-USDT,HVOL,"{'min_adx': 30, 'vol_thresh': 1.3, 'max_ext': 0.03, 'adx_exit': 25, 'allowed_hours': [], 'risk_pct': 0.01, 'max_hold_bars': 120, 'use_trail': False, 'tp_atr_mult': 2.5}",13,0.1538,-47.9172,0.2012,-3.6859,0.2629,-11.7267,0.004,0.0068,2952.08,-1.1527688
UNI-USDT,HVOL,"{'min_adx': 30, 'vol_thresh': 1.3, 'max_ext': 0.01, 'adx_exit': 25, 'allowed_hours': [], 'risk_pct': 0.01, 'max_hold_bars': 120, 'use_trail': False, 'tp_atr_mult': 2.5}",13,0.1538,-47.9172,0.2012,-3.6859,0.2629,-11.7267,0.004,0.0068,2952.08,-1.1527688
UNI-USDT,HVOL,"{'min_adx': 30, 'vol_thresh': 1.3, 'max_ext': 0.02, 'adx_exit': 25, 'allowed_hours': [], 'risk_pct': 0.01, 'max_hold_bars': 120, 'use_trail': False, 'tp_atr_mult': 2.5}",13,0.1538,-47.9172,0.2012,-3.6859,0.2629,-11.7267,0.004,0.0068,2952.08,-1.1527688
SUI-USDT,HVOL,"{'min_adx': 30, 'vol_thresh': 1.3, 'max_ext': 0.01, 'adx_exit': 15, 'allowed_hours': [], 'risk_pct': 0.01, 'max_hold_bars': 120, 'use_trail': False, 'tp_atr_mult': 2.5}",16,0.25,-69.4927,0.259,-4.3433,0.2683,-9.6415,0.0102,0.0083,2930.51,-1.1577708
SUI-USDT,HVOL,"{'min_adx': 30, 'vol_thresh': 1.3, 'max_ext': 0.03, 'adx_exit': 15, 'allowed_hours': [], 'risk_pct': 0.01, 'max_hold_bars': 120, 'use_trail': False, 'tp_atr_mult': 2.5}",16,0.25,-69.4927,0.259,-4.3433,0.2683,-9.6415,0.0102,0.0083,2930.51,-1.1577708
SUI-USDT,HVOL,"{'min_adx': 30, 'vol_thresh': 1.3, 'max_ext': 0.02, 'adx_exit': 15, 'allowed_hours': [], 'risk_pct': 0.01, 'max_hold_bars': 120, 'use_trail': False, 'tp_atr_mult': 2.5}",16,0.25,-69.4927,0.259,-4.3433,0.2683,-9.6415,0.0102,0.0083,2930.51,-1.1577708
APT-USDT,HVOL,"{'min_adx': 25, 'vol_thresh': 2.0, 'max_ext': 0.03, 'adx_exit': 25, 'allowed_hours': [], 'risk_pct': 0.01, 'max_hold_bars': 120, 'use_trail': False, 'tp_atr_mult': 2.5}",22,0.3636,-167.0147,0.4907,-7.5916,0.3251,-4.7533,0.0444,0.034,2832.99,-1.1584288000000003
BTC-USDT,HVOL,"{'min_adx': 30, 'vol_thresh': 1.3, 'max_ext': 0.01, 'adx_exit': 25, 'allowed_hours': [], 'risk_pct': 0.01, 'max_hold_bars': 120, 'use_trail': False, 'tp_atr_mult': 2.5}",20,0.15,-37.0051,0.1652,-1.8503,0.2599,-12.9047,0.0027,0.0023,2962.99,-1.1601204
BTC-USDT,HVOL,"{'min_adx': 30, 'vol_thresh': 1.3, 'max_ext': 0.03, 'adx_exit': 25, 'allowed_hours': [], 'risk_pct': 0.01, 'max_hold_bars': 120, 'use_trail': False, 'tp_atr_mult': 2.5}",20,0.15,-37.0051,0.1652,-1.8503,0.2599,-12.9047,0.0027,0.0023,2962.99,-1.1601204
BTC-USDT,HVOL,"{'min_adx': 30, 'vol_thresh': 1.3, 'max_ext': 0.02, 'adx_exit': 25, 'allowed_hours': [], 'risk_pct': 0.01, 'max_hold_bars': 120, 'use_trail': False, 'tp_atr_mult': 2.5}",20,0.15,-37.0051,0.1652,-1.8503,0.2599,-12.9047,0.0027,0.0023,2962.99,-1.1601204
ETH-USDT,EMASTACK,"{'max_pb': 0.01, 'vol_thresh': 1.2, 'rsi_lo': 45, 'rsi_hi': 73, 'rsi_exit': 80, 'min_adx': 25, 'allowed_hours': [], 'risk_pct': 0.01, 'max_hold_bars': 144, 'use_trail': True, 'trail_ema': 21, 'tp_atr_mult': 2.5, 'stop_extra': 0.002}",8,0.125,-17.3203,0.1077,-2.165,0.2544,-19.548,0.001,0.002,2982.68,-1.1621312
ETH-USDT,EMASTACK,"{'max_pb': 0.015, 'vol_thresh': 1.2, 'rsi_lo': 45, 'rsi_hi': 73, 'rsi_exit': 80, 'min_adx': 25, 'allowed_hours': [], 'risk_pct': 0.01, 'max_hold_bars': 144, 'use_trail': True, 'trail_ema': 21, 'tp_atr_mult': 2.5, 'stop_extra': 0.002}",8,0.125,-17.3203,0.1077,-2.165,0.2544,-19.548,0.001,0.002,2982.68,-1.1621312
ETH-USDT,EMASTACK,"{'max_pb': 0.005, 'vol_thresh': 1.2, 'rsi_lo': 45, 'rsi_hi': 73, 'rsi_exit': 80, 'min_adx': 25, 'allowed_hours': [], 'risk_pct': 0.01, 'max_hold_bars': 144, 'use_trail': True, 'trail_ema': 21, 'tp_atr_mult': 2.5, 'stop_extra': 0.002}",8,0.125,-17.3203,0.1077,-2.165,0.2544,-19.548,0.001,0.002,2982.68,-1.1621312
BTC-USDT,HVOL,"{'min_adx': 30, 'vol_thresh': 1.3, 'max_ext': 0.01, 'adx_exit': 20, 'allowed_hours': [], 'risk_pct': 0.01, 'max_hold_bars': 120, 'use_trail': False, 'tp_atr_mult': 2.5}",20,0.15,-37.2082,0.1644,-1.8604,0.26,-12.9373,0.0027,0.0023,2962.79,-1.1622328
BTC-USDT,HVOL,"{'min_adx': 30, 'vol_thresh': 1.3, 'max_ext': 0.02, 'adx_exit': 20, 'allowed_hours': [], 'risk_pct': 0.01, 'max_hold_bars': 120, 'use_trail': False, 'tp_atr_mult': 2.5}",20,0.15,-37.2082,0.1644,-1.8604,0.26,-12.9373,0.0027,0.0023,2962.79,-1.1622328
BTC-USDT,HVOL,"{'min_adx': 30, 'vol_thresh': 1.3, 'max_ext': 0.03, 'adx_exit': 20, 'allowed_hours': [], 'risk_pct': 0.01, 'max_hold_bars': 120, 'use_trail': False, 'tp_atr_mult': 2.5}",20,0.15,-37.2082,0.1644,-1.8604,0.26,-12.9373,0.0027,0.0023,2962.79,-1.1622328
BTC-USDT,HVOL,"{'min_adx': 30, 'vol_thresh': 1.3, 'max_ext': 0.02, 'adx_exit': 15, 'allowed_hours': [], 'risk_pct': 0.01, 'max_hold_bars': 120, 'use_trail': False, 'tp_atr_mult': 2.5}",20,0.15,-37.2082,0.1644,-1.8604,0.26,-12.9373,0.0027,0.0023,2962.79,-1.1622328
BTC-USDT,HVOL,"{'min_adx': 30, 'vol_thresh': 1.3, 'max_ext': 0.03, 'adx_exit': 15, 'allowed_hours': [], 'risk_pct': 0.01, 'max_hold_bars': 120, 'use_trail': False, 'tp_atr_mult': 2.5}",20,0.15,-37.2082,0.1644,-1.8604,0.26,-12.9373,0.0027,0.0023,2962.79,-1.1622328
BTC-USDT,HVOL,"{'min_adx': 30, 'vol_thresh': 1.3, 'max_ext': 0.01, 'adx_exit': 15, 'allowed_hours': [], 'risk_pct': 0.01, 'max_hold_bars': 120, 'use_trail': False, 'tp_atr_mult': 2.5}",20,0.15,-37.2082,0.1644,-1.8604,0.26,-12.9373,0.0027,0.0023,2962.79,-1.1622328
DOGE-USDT,HVOL,"{'min_adx': 25, 'vol_thresh': 1.3, 'max_ext': 0.02, 'adx_exit': 15, 'allowed_hours': [], 'risk_pct': 0.01, 'max_hold_bars': 120, 'use_trail': False, 'tp_atr_mult': 2.5}",24,0.25,-53.452,0.2092,-2.2272,0.2633,-11.0287,0.0038,0.0033,2946.55,-1.1633079999999998
DOGE-USDT,HVOL,"{'min_adx': 25, 'vol_thresh': 1.3, 'max_ext': 0.01, 'adx_exit': 15, 'allowed_hours': [], 'risk_pct': 0.01, 'max_hold_bars': 120, 'use_trail': False, 'tp_atr_mult': 2.5}",24,0.25,-53.452,0.2092,-2.2272,0.2633,-11.0287,0.0038,0.0033,2946.55,-1.1633079999999998
DOGE-USDT,HVOL,"{'min_adx': 25, 'vol_thresh': 1.3, 'max_ext': 0.03, 'adx_exit': 15, 'allowed_hours': [], 'risk_pct': 0.01, 'max_hold_bars': 120, 'use_trail': False, 'tp_atr_mult': 2.5}",24,0.25,-53.452,0.2092,-2.2272,0.2633,-11.0287,0.0038,0.0033,2946.55,-1.1633079999999998
SOL-USDT,EMASTACK,"{'max_pb': 0.01, 'vol_thresh': 1.2, 'rsi_lo': 38, 'rsi_hi': 66, 'rsi_exit': 73, 'min_adx': 20, 'allowed_hours': [], 'risk_pct': 0.01, 'max_hold_bars': 144, 'use_trail': True, 'trail_ema': 21, 'tp_atr_mult': 2.5, 'stop_extra': 0.002}",5,0.2,-9.2873,0.0838,-1.8575,0.2527,-19.9789,0.0015,0.0022,2990.71,-1.1641492
SOL-USDT,EMASTACK,"{'max_pb': 0.005, 'vol_thresh': 1.2, 'rsi_lo': 38, 'rsi_hi': 66, 'rsi_exit': 73, 'min_adx': 20, 'allowed_hours': [], 'risk_pct': 0.01, 'max_hold_bars': 144, 'use_trail': True, 'trail_ema': 21, 'tp_atr_mult': 2.5, 'stop_extra': 0.002}",5,0.2,-9.2873,0.0838,-1.8575,0.2527,-19.9789,0.0015,0.0022,2990.71,-1.1641492
SOL-USDT,EMASTACK,"{'max_pb': 0.015, 'vol_thresh': 1.2, 'rsi_lo': 38, 'rsi_hi': 66, 'rsi_exit': 73, 'min_adx': 20, 'allowed_hours': [], 'risk_pct': 0.01, 'max_hold_bars': 144, 'use_trail': True, 'trail_ema': 21, 'tp_atr_mult': 2.5, 'stop_extra': 0.002}",5,0.2,-9.2873,0.0838,-1.8575,0.2527,-19.9789,0.0015,0.0022,2990.71,-1.1641492
APT-USDT,HVOL,"{'min_adx': 25, 'vol_thresh': 2.0, 'max_ext': 0.03, 'adx_exit': 20, 'allowed_hours': [], 'risk_pct': 0.01, 'max_hold_bars': 120, 'use_trail': False, 'tp_atr_mult': 2.5}",20,0.45,-167.7383,0.4882,-8.3869,0.3252,-4.7545,0.049,0.0364,2832.26,-1.1656532
SUI-USDT,HVOL,"{'min_adx': 20, 'vol_thresh': 2.0, 'max_ext': 0.03, 'adx_exit': 25, 'allowed_hours': [], 'risk_pct': 0.01, 'max_hold_bars': 120, 'use_trail': False, 'tp_atr_mult': 2.5}",19,0.1579,-66.328,0.2447,-3.4909,0.2675,-10.2047,0.0078,0.0062,2933.67,-1.165762
SUI-USDT,HVOL,"{'min_adx': 20, 'vol_thresh': 2.0, 'max_ext': 0.02, 'adx_exit': 25, 'allowed_hours': [], 'risk_pct': 0.01, 'max_hold_bars': 120, 'use_trail': False, 'tp_atr_mult': 2.5}",19,0.1579,-66.328,0.2447,-3.4909,0.2675,-10.2047,0.0078,0.0062,2933.67,-1.165762
SUI-USDT,HVOL,"{'min_adx': 20, 'vol_thresh': 2.0, 'max_ext': 0.01, 'adx_exit': 25, 'allowed_hours': [], 'risk_pct': 0.01, 'max_hold_bars': 120, 'use_trail': False, 'tp_atr_mult': 2.5}",19,0.1579,-66.328,0.2447,-3.4909,0.2675,-10.2047,0.0078,0.0062,2933.67,-1.165762
DOGE-USDT,HVOL,"{'min_adx': 25, 'vol_thresh': 1.3, 'max_ext': 0.03, 'adx_exit': 25, 'allowed_hours': [], 'risk_pct': 0.01, 'max_hold_bars': 120, 'use_trail': False, 'tp_atr_mult': 2.5}",24,0.25,-53.8702,0.2079,-2.2446,0.2634,-11.07,0.0038,0.0033,2946.13,-1.1670308
DOGE-USDT,HVOL,"{'min_adx': 25, 'vol_thresh': 1.3, 'max_ext': 0.02, 'adx_exit': 25, 'allowed_hours': [], 'risk_pct': 0.01, 'max_hold_bars': 120, 'use_trail': False, 'tp_atr_mult': 2.5}",24,0.25,-53.8702,0.2079,-2.2446,0.2634,-11.07,0.0038,0.0033,2946.13,-1.1670308
DOGE-USDT,HVOL,"{'min_adx': 25, 'vol_thresh': 1.3, 'max_ext': 0.03, 'adx_exit': 20, 'allowed_hours': [], 'risk_pct': 0.01, 'max_hold_bars': 120, 'use_trail': False, 'tp_atr_mult': 2.5}",24,0.25,-53.8702,0.2079,-2.2446,0.2634,-11.07,0.0038,0.0033,2946.13,-1.1670308
DOGE-USDT,HVOL,"{'min_adx': 25, 'vol_thresh': 1.3, 'max_ext': 0.01, 'adx_exit': 20, 'allowed_hours': [], 'risk_pct': 0.01, 'max_hold_bars': 120, 'use_trail': False, 'tp_atr_mult': 2.5}",24,0.25,-53.8702,0.2079,-2.2446,0.2634,-11.07,0.0038,0.0033,2946.13,-1.1670308
DOGE-USDT,HVOL,"{'min_adx': 25, 'vol_thresh': 1.3, 'max_ext': 0.02, 'adx_exit': 20, 'allowed_hours': [], 'risk_pct': 0.01, 'max_hold_bars': 120, 'use_trail': False, 'tp_atr_mult': 2.5}",24,0.25,-53.8702,0.2079,-2.2446,0.2634,-11.07,0.0038,0.0033,2946.13,-1.1670308
DOGE-USDT,HVOL,"{'min_adx': 25, 'vol_thresh': 1.3, 'max_ext': 0.01, 'adx_exit': 25, 'allowed_hours': [], 'risk_pct': 0.01, 'max_hold_bars': 120, 'use_trail': False, 'tp_atr_mult': 2.5}",24,0.25,-53.8702,0.2079,-2.2446,0.2634,-11.07,0.0038,0.0033,2946.13,-1.1670308
LINK-USDT,HVOL,"{'min_adx': 20, 'vol_thresh': 1.5, 'max_ext': 0.02, 'adx_exit': 15, 'allowed_hours': [], 'risk_pct': 0.01, 'max_hold_bars': 120, 'use_trail': False, 'tp_atr_mult': 2.5}",22,0.1818,-62.2786,0.2331,-2.8308,0.2677,-11.4456,0.0029,0.0043,2937.72,-1.1671644
LINK-USDT,HVOL,"{'min_adx': 20, 'vol_thresh': 1.5, 'max_ext': 0.03, 'adx_exit': 15, 'allowed_hours': [], 'risk_pct': 0.01, 'max_hold_bars': 120, 'use_trail': False, 'tp_atr_mult': 2.5}",22,0.1818,-62.2786,0.2331,-2.8308,0.2677,-11.4456,0.0029,0.0043,2937.72,-1.1671644
LINK-USDT,HVOL,"{'min_adx': 20, 'vol_thresh': 1.5, 'max_ext': 0.01, 'adx_exit': 15, 'allowed_hours': [], 'risk_pct': 0.01, 'max_hold_bars': 120, 'use_trail': False, 'tp_atr_mult': 2.5}",22,0.1818,-62.2786,0.2331,-2.8308,0.2677,-11.4456,0.0029,0.0043,2937.72,-1.1671644
ADA-USDT,HVOL,"{'min_adx': 20, 'vol_thresh': 1.5, 'max_ext': 0.03, 'adx_exit': 15, 'allowed_hours': [], 'risk_pct': 0.01, 'max_hold_bars': 120, 'use_trail': False, 'tp_atr_mult': 2.5}",25,0.24,-95.9216,0.3272,-3.8369,0.2756,-7.5124,0.0106,0.0073,2904.08,-1.1684864
ADA-USDT,HVOL,"{'min_adx': 20, 'vol_thresh': 1.5, 'max_ext': 0.02, 'adx_exit': 15, 'allowed_hours': [], 'risk_pct': 0.01, 'max_hold_bars': 120, 'use_trail': False, 'tp_atr_mult': 2.5}",25,0.24,-95.9216,0.3272,-3.8369,0.2756,-7.5124,0.0106,0.0073,2904.08,-1.1684864
UNI-USDT,HVOL,"{'min_adx': 30, 'vol_thresh': 1.5, 'max_ext': 0.03, 'adx_exit': 15, 'allowed_hours': [], 'risk_pct': 0.01, 'max_hold_bars': 120, 'use_trail': False, 'tp_atr_mult': 2.5}",11,0.1818,-49.5082,0.196,-4.5007,0.2652,-12.4139,0.0046,0.0098,2950.49,-1.1692328
UNI-USDT,HVOL,"{'min_adx': 30, 'vol_thresh': 1.5, 'max_ext': 0.01, 'adx_exit': 15, 'allowed_hours': [], 'risk_pct': 0.01, 'max_hold_bars': 120, 'use_trail': False, 'tp_atr_mult': 2.5}",11,0.1818,-49.5082,0.196,-4.5007,0.2652,-12.4139,0.0046,0.0098,2950.49,-1.1692328
UNI-USDT,HVOL,"{'min_adx': 30, 'vol_thresh': 1.5, 'max_ext': 0.02, 'adx_exit': 15, 'allowed_hours': [], 'risk_pct': 0.01, 'max_hold_bars': 120, 'use_trail': False, 'tp_atr_mult': 2.5}",11,0.1818,-49.5082,0.196,-4.5007,0.2652,-12.4139,0.0046,0.0098,2950.49,-1.1692328
SUI-USDT,HVOL,"{'min_adx': 30, 'vol_thresh': 1.5, 'max_ext': 0.01, 'adx_exit': 15, 'allowed_hours': [], 'risk_pct': 0.01, 'max_hold_bars': 120, 'use_trail': False, 'tp_atr_mult': 2.5}",15,0.2,-67.0796,0.2416,-4.472,0.2677,-9.5181,0.0097,0.0087,2932.92,-1.1736184
SUI-USDT,HVOL,"{'min_adx': 30, 'vol_thresh': 1.5, 'max_ext': 0.03, 'adx_exit': 15, 'allowed_hours': [], 'risk_pct': 0.01, 'max_hold_bars': 120, 'use_trail': False, 'tp_atr_mult': 2.5}",15,0.2,-67.0796,0.2416,-4.472,0.2677,-9.5181,0.0097,0.0087,2932.92,-1.1736184
SUI-USDT,HVOL,"{'min_adx': 30, 'vol_thresh': 1.5, 'max_ext': 0.02, 'adx_exit': 15, 'allowed_hours': [], 'risk_pct': 0.01, 'max_hold_bars': 120, 'use_trail': False, 'tp_atr_mult': 2.5}",15,0.2,-67.0796,0.2416,-4.472,0.2677,-9.5181,0.0097,0.0087,2932.92,-1.1736184
LINK-USDT,HVOL,"{'min_adx': 25, 'vol_thresh': 1.3, 'max_ext': 0.03, 'adx_exit': 20, 'allowed_hours': [], 'risk_pct': 0.01, 'max_hold_bars': 120, 'use_trail': False, 'tp_atr_mult': 2.5}",22,0.1818,-63.1261,0.2309,-2.8694,0.2679,-11.4477,0.003,0.0046,2936.87,-1.1740544000000002
LINK-USDT,HVOL,"{'min_adx': 25, 'vol_thresh': 1.3, 'max_ext': 0.01, 'adx_exit': 20, 'allowed_hours': [], 'risk_pct': 0.01, 'max_hold_bars': 120, 'use_trail': False, 'tp_atr_mult': 2.5}",22,0.1818,-63.1261,0.2309,-2.8694,0.2679,-11.4477,0.003,0.0046,2936.87,-1.1740544000000002
LINK-USDT,HVOL,"{'min_adx': 25, 'vol_thresh': 1.3, 'max_ext': 0.02, 'adx_exit': 20, 'allowed_hours': [], 'risk_pct': 0.01, 'max_hold_bars': 120, 'use_trail': False, 'tp_atr_mult': 2.5}",22,0.1818,-63.1261,0.2309,-2.8694,0.2679,-11.4477,0.003,0.0046,2936.87,-1.1740544000000002
LINK-USDT,HVOL,"{'min_adx': 30, 'vol_thresh': 2.0, 'max_ext': 0.03, 'adx_exit': 20, 'allowed_hours': [], 'risk_pct': 0.01, 'max_hold_bars': 120, 'use_trail': False, 'tp_atr_mult': 2.5}",8,0.125,-24.9812,0.1199,-3.1226,0.257,-14.7083,0.005,0.0043,2975.02,-1.1770748000000002
LINK-USDT,HVOL,"{'min_adx': 30, 'vol_thresh': 2.0, 'max_ext': 0.01, 'adx_exit': 20, 'allowed_hours': [], 'risk_pct': 0.01, 'max_hold_bars': 120, 'use_trail': False, 'tp_atr_mult': 2.5}",8,0.125,-24.9812,0.1199,-3.1226,0.257,-14.7083,0.005,0.0043,2975.02,-1.1770748000000002
LINK-USDT,HVOL,"{'min_adx': 30, 'vol_thresh': 2.0, 'max_ext': 0.01, 'adx_exit': 15, 'allowed_hours': [], 'risk_pct': 0.01, 'max_hold_bars': 120, 'use_trail': False, 'tp_atr_mult': 2.5}",8,0.125,-24.9812,0.1199,-3.1226,0.257,-14.7083,0.005,0.0043,2975.02,-1.1770748000000002
LINK-USDT,HVOL,"{'min_adx': 30, 'vol_thresh': 2.0, 'max_ext': 0.03, 'adx_exit': 15, 'allowed_hours': [], 'risk_pct': 0.01, 'max_hold_bars': 120, 'use_trail': False, 'tp_atr_mult': 2.5}",8,0.125,-24.9812,0.1199,-3.1226,0.257,-14.7083,0.005,0.0043,2975.02,-1.1770748000000002
LINK-USDT,HVOL,"{'min_adx': 30, 'vol_thresh': 2.0, 'max_ext': 0.02, 'adx_exit': 20, 'allowed_hours': [], 'risk_pct': 0.01, 'max_hold_bars': 120, 'use_trail': False, 'tp_atr_mult': 2.5}",8,0.125,-24.9812,0.1199,-3.1226,0.257,-14.7083,0.005,0.0043,2975.02,-1.1770748000000002
LINK-USDT,HVOL,"{'min_adx': 30, 'vol_thresh': 2.0, 'max_ext': 0.02, 'adx_exit': 15, 'allowed_hours': [], 'risk_pct': 0.01, 'max_hold_bars': 120, 'use_trail': False, 'tp_atr_mult': 2.5}",8,0.125,-24.9812,0.1199,-3.1226,0.257,-14.7083,0.005,0.0043,2975.02,-1.1770748000000002
UNI-USDT,HVOL,"{'min_adx': 30, 'vol_thresh': 1.3, 'max_ext': 0.02, 'adx_exit': 20, 'allowed_hours': [], 'risk_pct': 0.01, 'max_hold_bars': 120, 'use_trail': False, 'tp_atr_mult': 2.5}",13,0.1538,-50.7472,0.192,-3.9036,0.2636,-12.0198,0.004,0.0068,2949.25,-1.1785888000000002
UNI-USDT,HVOL,"{'min_adx': 30, 'vol_thresh': 1.3, 'max_ext': 0.01, 'adx_exit': 20, 'allowed_hours': [], 'risk_pct': 0.01, 'max_hold_bars': 120, 'use_trail': False, 'tp_atr_mult': 2.5}",13,0.1538,-50.7472,0.192,-3.9036,0.2636,-12.0198,0.004,0.0068,2949.25,-1.1785888000000002
UNI-USDT,HVOL,"{'min_adx': 30, 'vol_thresh': 1.3, 'max_ext': 0.03, 'adx_exit': 20, 'allowed_hours': [], 'risk_pct': 0.01, 'max_hold_bars': 120, 'use_trail': False, 'tp_atr_mult': 2.5}",13,0.1538,-50.7472,0.192,-3.9036,0.2636,-12.0198,0.004,0.0068,2949.25,-1.1785888000000002
DOT-USDT,VSMO,"{'rsi_lo': 40, 'rsi_hi': 75, 'vol_thresh': 2.0, 'stop_atr_mult': 1.5, 'allowed_hours': [], 'tp_atr_mult': 3.0, 'risk_pct': 0.01, 'max_hold_bars': 144, 'use_trail': True, 'trail_ema': 21}",7,0.1429,-4.5359,0.0605,-0.648,0.252,-19.3334,0.0007,0.0031,2995.46,-1.1793936
DOT-USDT,VSMO,"{'rsi_lo': 40, 'rsi_hi': 75, 'vol_thresh': 2.0, 'stop_atr_mult': 2.0, 'allowed_hours': [], 'tp_atr_mult': 3.0, 'risk_pct': 0.01, 'max_hold_bars': 144, 'use_trail': True, 'trail_ema': 21}",7,0.1429,-4.5359,0.0605,-0.648,0.252,-19.3334,0.0007,0.0031,2995.46,-1.1793936
DOT-USDT,VSMO,"{'rsi_lo': 40, 'rsi_hi': 75, 'vol_thresh': 2.0, 'stop_atr_mult': 1.0, 'allowed_hours': [], 'tp_atr_mult': 3.0, 'risk_pct': 0.01, 'max_hold_bars': 144, 'use_trail': True, 'trail_ema': 21}",7,0.1429,-4.5359,0.0605,-0.648,0.252,-19.3334,0.0007,0.0031,2995.46,-1.1793936
PEPE-USDT,HVOL,"{'min_adx': 25, 'vol_thresh': 2.0, 'max_ext': 0.01, 'adx_exit': 20, 'allowed_hours': [], 'risk_pct': 0.01, 'max_hold_bars': 120, 'use_trail': False, 'tp_atr_mult': 2.5}",14,0.2143,-61.8085,0.2225,-4.4149,0.2689,-8.3472,0.007,0.0055,2938.19,-1.1823839999999999
PEPE-USDT,HVOL,"{'min_adx': 25, 'vol_thresh': 2.0, 'max_ext': 0.03, 'adx_exit': 20, 'allowed_hours': [], 'risk_pct': 0.01, 'max_hold_bars': 120, 'use_trail': False, 'tp_atr_mult': 2.5}",14,0.2143,-61.8085,0.2225,-4.4149,0.2689,-8.3472,0.007,0.0055,2938.19,-1.1823839999999999
PEPE-USDT,HVOL,"{'min_adx': 25, 'vol_thresh': 2.0, 'max_ext': 0.02, 'adx_exit': 20, 'allowed_hours': [], 'risk_pct': 0.01, 'max_hold_bars': 120, 'use_trail': False, 'tp_atr_mult': 2.5}",14,0.2143,-61.8085,0.2225,-4.4149,0.2689,-8.3472,0.007,0.0055,2938.19,-1.1823839999999999
LINK-USDT,HVOL,"{'min_adx': 30, 'vol_thresh': 2.0, 'max_ext': 0.03, 'adx_exit': 25, 'allowed_hours': [], 'risk_pct': 0.01, 'max_hold_bars': 120, 'use_trail': False, 'tp_atr_mult': 2.5}",8,0.125,-25.559,0.1175,-3.1949,0.257,-15.2585,0.005,0.0043,2974.44,-1.182986
LINK-USDT,HVOL,"{'min_adx': 30, 'vol_thresh': 2.0, 'max_ext': 0.02, 'adx_exit': 25, 'allowed_hours': [], 'risk_pct': 0.01, 'max_hold_bars': 120, 'use_trail': False, 'tp_atr_mult': 2.5}",8,0.125,-25.559,0.1175,-3.1949,0.257,-15.2585,0.005,0.0043,2974.44,-1.182986
LINK-USDT,HVOL,"{'min_adx': 30, 'vol_thresh': 2.0, 'max_ext': 0.01, 'adx_exit': 25, 'allowed_hours': [], 'risk_pct': 0.01, 'max_hold_bars': 120, 'use_trail': False, 'tp_atr_mult': 2.5}",8,0.125,-25.559,0.1175,-3.1949,0.257,-15.2585,0.005,0.0043,2974.44,-1.182986
PEPE-USDT,HVOL,"{'min_adx': 20, 'vol_thresh': 2.0, 'max_ext': 0.01, 'adx_exit': 25, 'allowed_hours': [], 'risk_pct': 0.01, 'max_hold_bars': 120, 'use_trail': False, 'tp_atr_mult': 2.5}",15,0.2,-62.4867,0.2207,-4.1658,0.269,-8.288,0.0066,0.0052,2937.51,-1.1878967999999999
PEPE-USDT,HVOL,"{'min_adx': 20, 'vol_thresh': 2.0, 'max_ext': 0.03, 'adx_exit': 25, 'allowed_hours': [], 'risk_pct': 0.01, 'max_hold_bars': 120, 'use_trail': False, 'tp_atr_mult': 2.5}",15,0.2,-62.4867,0.2207,-4.1658,0.269,-8.288,0.0066,0.0052,2937.51,-1.1878967999999999
PEPE-USDT,HVOL,"{'min_adx': 20, 'vol_thresh': 2.0, 'max_ext': 0.02, 'adx_exit': 25, 'allowed_hours': [], 'risk_pct': 0.01, 'max_hold_bars': 120, 'use_trail': False, 'tp_atr_mult': 2.5}",15,0.2,-62.4867,0.2207,-4.1658,0.269,-8.288,0.0066,0.0052,2937.51,-1.1878967999999999
APT-USDT,HVOL,"{'min_adx': 20, 'vol_thresh': 2.0, 'max_ext': 0.03, 'adx_exit': 25, 'allowed_hours': [], 'risk_pct': 0.01, 'max_hold_bars': 120, 'use_trail': False, 'tp_atr_mult': 2.5}",25,0.36,-183.3291,0.4927,-7.3332,0.3289,-4.6622,0.0436,0.0335,2816.67,-1.1880464000000002
WLD-USDT,HVOL,"{'min_adx': 30, 'vol_thresh': 1.3, 'max_ext': 0.03, 'adx_exit': 20, 'allowed_hours': [], 'risk_pct': 0.01, 'max_hold_bars': 120, 'use_trail': False, 'tp_atr_mult': 2.5}",17,0.1765,-72.1105,0.244,-4.2418,0.268,-10.1536,0.0054,0.0076,2927.89,-1.190442
WLD-USDT,HVOL,"{'min_adx': 30, 'vol_thresh': 1.3, 'max_ext': 0.02, 'adx_exit': 20, 'allowed_hours': [], 'risk_pct': 0.01, 'max_hold_bars': 120, 'use_trail': False, 'tp_atr_mult': 2.5}",17,0.1765,-72.1105,0.244,-4.2418,0.268,-10.1536,0.0054,0.0076,2927.89,-1.190442
LIT-USDT,HVOL,"{'min_adx': 25, 'vol_thresh': 1.3, 'max_ext': 0.01, 'adx_exit': 25, 'allowed_hours': [], 'risk_pct': 0.01, 'max_hold_bars': 120, 'use_trail': False, 'tp_atr_mult': 2.5}",19,0.2632,-217.4507,0.5165,-11.4448,0.3326,-4.4112,0.0527,0.0417,2782.55,-1.1921328000000002
SUI-USDT,HVOL,"{'min_adx': 20, 'vol_thresh': 1.3, 'max_ext': 0.03, 'adx_exit': 25, 'allowed_hours': [], 'risk_pct': 0.01, 'max_hold_bars': 120, 'use_trail': False, 'tp_atr_mult': 2.5}",23,0.2609,-79.4535,0.2639,-3.4545,0.2709,-9.0226,0.009,0.0065,2920.55,-1.192864
SUI-USDT,HVOL,"{'min_adx': 20, 'vol_thresh': 1.3, 'max_ext': 0.01, 'adx_exit': 25, 'allowed_hours': [], 'risk_pct': 0.01, 'max_hold_bars': 120, 'use_trail': False, 'tp_atr_mult': 2.5}",23,0.2609,-79.4535,0.2639,-3.4545,0.2709,-9.0226,0.009,0.0065,2920.55,-1.192864
SUI-USDT,HVOL,"{'min_adx': 20, 'vol_thresh': 1.3, 'max_ext': 0.02, 'adx_exit': 25, 'allowed_hours': [], 'risk_pct': 0.01, 'max_hold_bars': 120, 'use_trail': False, 'tp_atr_mult': 2.5}",23,0.2609,-79.4535,0.2639,-3.4545,0.2709,-9.0226,0.009,0.0065,2920.55,-1.192864
FIL-USDT,MTALIGN,"{'pb_thresh': 0.003, 'vol_thresh': 1.5, 'allowed_hours': [], 'tp_atr_mult': 2.5, 'risk_pct': 0.01, 'max_hold_bars': 96, 'use_trail': True, 'trail_ema': 21, 'stop_extra': 0.002}",11,0.0909,-24.4955,0.1074,-2.2269,0.256,-20.6955,0.0022,0.0022,2975.5,-1.192882
FIL-USDT,MTALIGN,"{'pb_thresh': 0.005, 'vol_thresh': 1.5, 'allowed_hours': [], 'tp_atr_mult': 2.5, 'risk_pct': 0.01, 'max_hold_bars': 96, 'use_trail': True, 'trail_ema': 21, 'stop_extra': 0.002}",11,0.0909,-24.4955,0.1074,-2.2269,0.256,-20.6955,0.0022,0.0022,2975.5,-1.192882
HYPE-USDT,MTALIGN,"{'pb_thresh': 0.005, 'vol_thresh': 1.3, 'allowed_hours': [8, 9, 10, 11, 14, 15, 16, 17, 18, 19, 20, 21], 'tp_atr_mult': 2.5, 'risk_pct': 0.01, 'max_hold_bars': 96, 'use_trail': True, 'trail_ema': 21, 'stop_extra': 0.002}",12,0.0833,-32.202,0.129,-2.6835,0.2582,-17.1256,0.0019,0.0032,2967.8,-1.193508
LIT-USDT,EMASTACK,"{'max_pb': 0.015, 'vol_thresh': 1.2, 'rsi_lo': 45, 'rsi_hi': 73, 'rsi_exit': 80, 'min_adx': 15, 'allowed_hours': [], 'risk_pct': 0.01, 'max_hold_bars': 144, 'use_trail': True, 'trail_ema': 21, 'tp_atr_mult': 2.5, 'stop_extra': 0.002}",16,0.125,-99.542,0.3199,-6.2214,0.2763,-6.507,0.0274,0.022,2900.46,-1.194618
LIT-USDT,EMASTACK,"{'max_pb': 0.015, 'vol_thresh': 1.2, 'rsi_lo': 50, 'rsi_hi': 78, 'rsi_exit': 85, 'min_adx': 15, 'allowed_hours': [], 'risk_pct': 0.01, 'max_hold_bars': 144, 'use_trail': True, 'trail_ema': 21, 'tp_atr_mult': 2.5, 'stop_extra': 0.002}",16,0.125,-99.542,0.3199,-6.2214,0.2763,-6.507,0.0274,0.022,2900.46,-1.194618
DOGE-USDT,MTALIGN,"{'pb_thresh': 0.005, 'vol_thresh': 1.1, 'allowed_hours': [], 'tp_atr_mult': 2.5, 'risk_pct': 0.01, 'max_hold_bars': 96, 'use_trail': True, 'trail_ema': 21, 'stop_extra': 0.002}",11,0.0909,-21.3436,0.0965,-1.9403,0.2553,-20.0334,0.0022,0.0018,2978.66,-1.1959244
DOGE-USDT,MTALIGN,"{'pb_thresh': 0.008, 'vol_thresh': 1.1, 'allowed_hours': [], 'tp_atr_mult': 2.5, 'risk_pct': 0.01, 'max_hold_bars': 96, 'use_trail': True, 'trail_ema': 21, 'stop_extra': 0.002}",11,0.0909,-21.3436,0.0965,-1.9403,0.2553,-20.0334,0.0022,0.0018,2978.66,-1.1959244
APT-USDT,EMASTACK,"{'max_pb': 0.005, 'vol_thresh': 1.2, 'rsi_lo': 38, 'rsi_hi': 66, 'rsi_exit': 73, 'min_adx': 15, 'allowed_hours': [], 'risk_pct': 0.01, 'max_hold_bars': 144, 'use_trail': True, 'trail_ema': 21, 'tp_atr_mult': 2.5, 'stop_extra': 0.002}",9,0.1111,-62.2981,0.2146,-6.922,0.2702,-10.9164,0.0133,0.017,2937.7,-1.1974924
SUI-USDT,HVOL,"{'min_adx': 20, 'vol_thresh': 1.3, 'max_ext': 0.02, 'adx_exit': 20, 'allowed_hours': [], 'risk_pct': 0.01, 'max_hold_bars': 120, 'use_trail': False, 'tp_atr_mult': 2.5}",21,0.2381,-76.7269,0.253,-3.6537,0.2702,-9.2803,0.01,0.0071,2923.27,-1.1976076
SUI-USDT,HVOL,"{'min_adx': 20, 'vol_thresh': 1.3, 'max_ext': 0.03, 'adx_exit': 20, 'allowed_hours': [], 'risk_pct': 0.01, 'max_hold_bars': 120, 'use_trail': False, 'tp_atr_mult': 2.5}",21,0.2381,-76.7269,0.253,-3.6537,0.2702,-9.2803,0.01,0.0071,2923.27,-1.1976076
SUI-USDT,HVOL,"{'min_adx': 20, 'vol_thresh': 1.3, 'max_ext': 0.01, 'adx_exit': 20, 'allowed_hours': [], 'risk_pct': 0.01, 'max_hold_bars': 120, 'use_trail': False, 'tp_atr_mult': 2.5}",21,0.2381,-76.7269,0.253,-3.6537,0.2702,-9.2803,0.01,0.0071,2923.27,-1.1976076
PEPE-USDT,HVOL,"{'min_adx': 25, 'vol_thresh': 2.0, 'max_ext': 0.02, 'adx_exit': 15, 'allowed_hours': [], 'risk_pct': 0.01, 'max_hold_bars': 120, 'use_trail': False, 'tp_atr_mult': 2.5}",14,0.2143,-63.8294,0.217,-4.5592,0.2694,-8.5871,0.007,0.0056,2936.17,-1.1992175999999999
PEPE-USDT,HVOL,"{'min_adx': 25, 'vol_thresh': 2.0, 'max_ext': 0.03, 'adx_exit': 15, 'allowed_hours': [], 'risk_pct': 0.01, 'max_hold_bars': 120, 'use_trail': False, 'tp_atr_mult': 2.5}",14,0.2143,-63.8294,0.217,-4.5592,0.2694,-8.5871,0.007,0.0056,2936.17,-1.1992175999999999
PEPE-USDT,HVOL,"{'min_adx': 25, 'vol_thresh': 2.0, 'max_ext': 0.01, 'adx_exit': 15, 'allowed_hours': [], 'risk_pct': 0.01, 'max_hold_bars': 120, 'use_trail': False, 'tp_atr_mult': 2.5}",14,0.2143,-63.8294,0.217,-4.5592,0.2694,-8.5871,0.007,0.0056,2936.17,-1.1992175999999999
LIT-USDT,EMASTACK,"{'max_pb': 0.015, 'vol_thresh': 1.2, 'rsi_lo': 38, 'rsi_hi': 66, 'rsi_exit': 73, 'min_adx': 25, 'allowed_hours': [], 'risk_pct': 0.01, 'max_hold_bars': 144, 'use_trail': True, 'trail_ema': 21, 'tp_atr_mult': 2.5, 'stop_extra': 0.002}",12,0.1667,-87.5072,0.2865,-7.2923,0.279,-8.1851,0.018,0.0185,2912.49,-1.1992788
WLD-USDT,HVOL,"{'min_adx': 30, 'vol_thresh': 1.3, 'max_ext': 0.02, 'adx_exit': 25, 'allowed_hours': [], 'risk_pct': 0.01, 'max_hold_bars': 120, 'use_trail': False, 'tp_atr_mult': 2.5}",17,0.1765,-73.4776,0.2405,-4.3222,0.2683,-10.25,0.0054,0.0075,2926.52,-1.2014604
WLD-USDT,HVOL,"{'min_adx': 30, 'vol_thresh': 1.3, 'max_ext': 0.03, 'adx_exit': 25, 'allowed_hours': [], 'risk_pct': 0.01, 'max_hold_bars': 120, 'use_trail': False, 'tp_atr_mult': 2.5}",17,0.1765,-73.4776,0.2405,-4.3222,0.2683,-10.25,0.0054,0.0075,2926.52,-1.2014604
HYPE-USDT,MTALIGN,"{'pb_thresh': 0.005, 'vol_thresh': 1.5, 'allowed_hours': [8, 9, 10, 11, 14, 15, 16, 17, 18, 19, 20, 21], 'tp_atr_mult': 2.5, 'risk_pct': 0.01, 'max_hold_bars': 96, 'use_trail': True, 'trail_ema': 21, 'stop_extra': 0.002}",12,0.0833,-33.0675,0.126,-2.7556,0.2584,-17.5605,0.0019,0.0033,2966.93,-1.20167
SUI-USDT,HVOL,"{'min_adx': 20, 'vol_thresh': 1.5, 'max_ext': 0.01, 'adx_exit': 20, 'allowed_hours': [], 'risk_pct': 0.01, 'max_hold_bars': 120, 'use_trail': False, 'tp_atr_mult': 2.5}",20,0.2,-77.7784,0.253,-3.8889,0.2705,-9.188,0.0085,0.0077,2922.22,-1.2021136
SUI-USDT,HVOL,"{'min_adx': 20, 'vol_thresh': 1.5, 'max_ext': 0.02, 'adx_exit': 20, 'allowed_hours': [], 'risk_pct': 0.01, 'max_hold_bars': 120, 'use_trail': False, 'tp_atr_mult': 2.5}",20,0.2,-77.7784,0.253,-3.8889,0.2705,-9.188,0.0085,0.0077,2922.22,-1.2021136
SUI-USDT,HVOL,"{'min_adx': 20, 'vol_thresh': 1.5, 'max_ext': 0.03, 'adx_exit': 20, 'allowed_hours': [], 'risk_pct': 0.01, 'max_hold_bars': 120, 'use_trail': False, 'tp_atr_mult': 2.5}",20,0.2,-77.7784,0.253,-3.8889,0.2705,-9.188,0.0085,0.0077,2922.22,-1.2021136
ETH-USDT,EMASTACK,"{'max_pb': 0.015, 'vol_thresh': 2.0, 'rsi_lo': 45, 'rsi_hi': 73, 'rsi_exit': 80, 'min_adx': 15, 'allowed_hours': [], 'risk_pct': 0.01, 'max_hold_bars': 144, 'use_trail': True, 'trail_ema': 21, 'tp_atr_mult': 2.5, 'stop_extra': 0.002}",10,0.1,-20.9517,0.0907,-2.0952,0.2551,-20.7706,0.0013,0.0017,2979.05,-1.2028568000000002
ETH-USDT,EMASTACK,"{'max_pb': 0.01, 'vol_thresh': 2.0, 'rsi_lo': 45, 'rsi_hi': 73, 'rsi_exit': 80, 'min_adx': 15, 'allowed_hours': [], 'risk_pct': 0.01, 'max_hold_bars': 144, 'use_trail': True, 'trail_ema': 21, 'tp_atr_mult': 2.5, 'stop_extra': 0.002}",10,0.1,-20.9517,0.0907,-2.0952,0.2551,-20.7706,0.0013,0.0017,2979.05,-1.2028568000000002
ETH-USDT,EMASTACK,"{'max_pb': 0.01, 'vol_thresh': 2.0, 'rsi_lo': 45, 'rsi_hi': 73, 'rsi_exit': 80, 'min_adx': 20, 'allowed_hours': [], 'risk_pct': 0.01, 'max_hold_bars': 144, 'use_trail': True, 'trail_ema': 21, 'tp_atr_mult': 2.5, 'stop_extra': 0.002}",10,0.1,-20.9517,0.0907,-2.0952,0.2551,-20.7706,0.0013,0.0017,2979.05,-1.2028568000000002
ETH-USDT,EMASTACK,"{'max_pb': 0.005, 'vol_thresh': 2.0, 'rsi_lo': 45, 'rsi_hi': 73, 'rsi_exit': 80, 'min_adx': 15, 'allowed_hours': [], 'risk_pct': 0.01, 'max_hold_bars': 144, 'use_trail': True, 'trail_ema': 21, 'tp_atr_mult': 2.5, 'stop_extra': 0.002}",10,0.1,-20.9517,0.0907,-2.0952,0.2551,-20.7706,0.0013,0.0017,2979.05,-1.2028568000000002
ETH-USDT,EMASTACK,"{'max_pb': 0.005, 'vol_thresh': 2.0, 'rsi_lo': 45, 'rsi_hi': 73, 'rsi_exit': 80, 'min_adx': 20, 'allowed_hours': [], 'risk_pct': 0.01, 'max_hold_bars': 144, 'use_trail': True, 'trail_ema': 21, 'tp_atr_mult': 2.5, 'stop_extra': 0.002}",10,0.1,-20.9517,0.0907,-2.0952,0.2551,-20.7706,0.0013,0.0017,2979.05,-1.2028568000000002
ETH-USDT,EMASTACK,"{'max_pb': 0.015, 'vol_thresh': 2.0, 'rsi_lo': 45, 'rsi_hi': 73, 'rsi_exit': 80, 'min_adx': 20, 'allowed_hours': [], 'risk_pct': 0.01, 'max_hold_bars': 144, 'use_trail': True, 'trail_ema': 21, 'tp_atr_mult': 2.5, 'stop_extra': 0.002}",10,0.1,-20.9517,0.0907,-2.0952,0.2551,-20.7706,0.0013,0.0017,2979.05,-1.2028568000000002
DOT-USDT,HVOL,"{'min_adx': 20, 'vol_thresh': 1.5, 'max_ext': 0.02, 'adx_exit': 20, 'allowed_hours': [], 'risk_pct': 0.01, 'max_hold_bars': 120, 'use_trail': False, 'tp_atr_mult': 2.5}",22,0.1818,-75.6093,0.2416,-3.4368,0.2681,-9.2582,0.0104,0.0058,2924.39,-1.2081372
DOT-USDT,HVOL,"{'min_adx': 20, 'vol_thresh': 1.5, 'max_ext': 0.01, 'adx_exit': 20, 'allowed_hours': [], 'risk_pct': 0.01, 'max_hold_bars': 120, 'use_trail': False, 'tp_atr_mult': 2.5}",22,0.1818,-75.6093,0.2416,-3.4368,0.2681,-9.2582,0.0104,0.0058,2924.39,-1.2081372
LINK-USDT,HVOL,"{'min_adx': 25, 'vol_thresh': 1.3, 'max_ext': 0.01, 'adx_exit': 15, 'allowed_hours': [], 'risk_pct': 0.01, 'max_hold_bars': 120, 'use_trail': False, 'tp_atr_mult': 2.5}",22,0.1818,-67.2382,0.2197,-3.0563,0.2689,-11.6298,0.003,0.0047,2932.76,-1.2083028
LINK-USDT,HVOL,"{'min_adx': 25, 'vol_thresh': 1.3, 'max_ext': 0.02, 'adx_exit': 15, 'allowed_hours': [], 'risk_pct': 0.01, 'max_hold_bars': 120, 'use_trail': False, 'tp_atr_mult': 2.5}",22,0.1818,-67.2382,0.2197,-3.0563,0.2689,-11.6298,0.003,0.0047,2932.76,-1.2083028
LINK-USDT,HVOL,"{'min_adx': 25, 'vol_thresh': 1.3, 'max_ext': 0.03, 'adx_exit': 15, 'allowed_hours': [], 'risk_pct': 0.01, 'max_hold_bars': 120, 'use_trail': False, 'tp_atr_mult': 2.5}",22,0.1818,-67.2382,0.2197,-3.0563,0.2689,-11.6298,0.003,0.0047,2932.76,-1.2083028
ONDO-USDT,HVOL,"{'min_adx': 30, 'vol_thresh': 1.3, 'max_ext': 0.01, 'adx_exit': 25, 'allowed_hours': [], 'risk_pct': 0.01, 'max_hold_bars': 120, 'use_trail': False, 'tp_atr_mult': 2.5}",22,0.1818,-73.4985,0.2352,-3.3408,0.2687,-9.4092,0.0069,0.0062,2926.5,-1.209894
LINK-USDT,HVOL,"{'min_adx': 25, 'vol_thresh': 1.3, 'max_ext': 0.01, 'adx_exit': 25, 'allowed_hours': [], 'risk_pct': 0.01, 'max_hold_bars': 120, 'use_trail': False, 'tp_atr_mult': 2.5}",23,0.1739,-67.6046,0.2187,-2.9393,0.2689,-12.0249,0.0029,0.0043,2932.4,-1.2112683999999998
LINK-USDT,HVOL,"{'min_adx': 25, 'vol_thresh': 1.3, 'max_ext': 0.03, 'adx_exit': 25, 'allowed_hours': [], 'risk_pct': 0.01, 'max_hold_bars': 120, 'use_trail': False, 'tp_atr_mult': 2.5}",23,0.1739,-67.6046,0.2187,-2.9393,0.2689,-12.0249,0.0029,0.0043,2932.4,-1.2112683999999998
LINK-USDT,HVOL,"{'min_adx': 25, 'vol_thresh': 1.3, 'max_ext': 0.02, 'adx_exit': 25, 'allowed_hours': [], 'risk_pct': 0.01, 'max_hold_bars': 120, 'use_trail': False, 'tp_atr_mult': 2.5}",23,0.1739,-67.6046,0.2187,-2.9393,0.2689,-12.0249,0.0029,0.0043,2932.4,-1.2112683999999998
DOT-USDT,MTALIGN,"{'pb_thresh': 0.008, 'vol_thresh': 1.3, 'allowed_hours': [], 'tp_atr_mult': 2.5, 'risk_pct': 0.01, 'max_hold_bars': 96, 'use_trail': True, 'trail_ema': 21, 'stop_extra': 0.002}",21,0.1429,-54.0578,0.1794,-2.5742,0.2658,-12.8084,0.0034,0.0041,2945.94,-1.2129312
DOGE-USDT,STAB,"{'min_squeeze_bars': 3, 'vol_thresh': 1.5, 'stop_atr_mult': 2.5, 'adx_exit': 20, 'tp_atr_mult': 3.0, 'allowed_hours': [8, 9, 10, 14, 15, 16, 17, 18, 19, 20, 21], 'risk_pct': 0.01, 'max_hold_bars': 240, 'use_trail': True, 'trail_ema': 21}",5,0.4,-7.0494,0.0443,-1.4099,0.2521,-15.3086,0.0063,0.0026,2992.95,-1.2138476
DOGE-USDT,STAB,"{'min_squeeze_bars': 3, 'vol_thresh': 1.5, 'stop_atr_mult': 2.5, 'adx_exit': 15, 'tp_atr_mult': 3.0, 'allowed_hours': [8, 9, 10, 14, 15, 16, 17, 18, 19, 20, 21], 'risk_pct': 0.01, 'max_hold_bars': 240, 'use_trail': True, 'trail_ema': 21}",5,0.4,-7.0494,0.0443,-1.4099,0.2521,-15.3086,0.0063,0.0026,2992.95,-1.2138476
WLD-USDT,HVOL,"{'min_adx': 30, 'vol_thresh': 1.3, 'max_ext': 0.01, 'adx_exit': 20, 'allowed_hours': [], 'risk_pct': 0.01, 'max_hold_bars': 120, 'use_trail': False, 'tp_atr_mult': 2.5}",17,0.1765,-75.112,0.2365,-4.4184,0.2687,-10.4153,0.0052,0.0079,2924.89,-1.214398
SOL-USDT,EMASTACK,"{'max_pb': 0.015, 'vol_thresh': 1.2, 'rsi_lo': 38, 'rsi_hi': 66, 'rsi_exit': 73, 'min_adx': 15, 'allowed_hours': [], 'risk_pct': 0.01, 'max_hold_bars': 144, 'use_trail': True, 'trail_ema': 21, 'tp_atr_mult': 2.5, 'stop_extra': 0.002}",7,0.1429,-13.1791,0.0605,-1.8827,0.2532,-24.443,0.0019,0.0021,2986.82,-1.2151664000000002
SOL-USDT,EMASTACK,"{'max_pb': 0.005, 'vol_thresh': 1.2, 'rsi_lo': 38, 'rsi_hi': 66, 'rsi_exit': 73, 'min_adx': 15, 'allowed_hours': [], 'risk_pct': 0.01, 'max_hold_bars': 144, 'use_trail': True, 'trail_ema': 21, 'tp_atr_mult': 2.5, 'stop_extra': 0.002}",7,0.1429,-13.1791,0.0605,-1.8827,0.2532,-24.443,0.0019,0.0021,2986.82,-1.2151664000000002
SOL-USDT,EMASTACK,"{'max_pb': 0.01, 'vol_thresh': 1.2, 'rsi_lo': 38, 'rsi_hi': 66, 'rsi_exit': 73, 'min_adx': 15, 'allowed_hours': [], 'risk_pct': 0.01, 'max_hold_bars': 144, 'use_trail': True, 'trail_ema': 21, 'tp_atr_mult': 2.5, 'stop_extra': 0.002}",7,0.1429,-13.1791,0.0605,-1.8827,0.2532,-24.443,0.0019,0.0021,2986.82,-1.2151664000000002
HYPE-USDT,MTALIGN,"{'pb_thresh': 0.005, 'vol_thresh': 1.1, 'allowed_hours': [14, 15, 16, 17, 18, 19], 'tp_atr_mult': 2.5, 'risk_pct': 0.01, 'max_hold_bars': 96, 'use_trail': True, 'trail_ema': 21, 'stop_extra': 0.002}",7,0.1429,-18.3655,0.0744,-2.6236,0.2551,-23.6124,0.0022,0.0039,2981.63,-1.216962
ONDO-USDT,HVOL,"{'min_adx': 25, 'vol_thresh': 1.3, 'max_ext': 0.01, 'adx_exit': 20, 'allowed_hours': [], 'risk_pct': 0.01, 'max_hold_bars': 120, 'use_trail': False, 'tp_atr_mult': 2.5}",29,0.2069,-90.838,0.2779,-3.1323,0.273,-8.8535,0.0064,0.0065,2909.16,-1.2195019999999999
DOT-USDT,HVOL,"{'min_adx': 20, 'vol_thresh': 2.0, 'max_ext': 0.02, 'adx_exit': 20, 'allowed_hours': [], 'risk_pct': 0.01, 'max_hold_bars': 120, 'use_trail': False, 'tp_atr_mult': 2.5}",16,0.1875,-65.4357,0.2034,-4.0897,0.2645,-10.3041,0.0102,0.0063,2934.56,-1.2211428
DOT-USDT,VSMO,"{'rsi_lo': 40, 'rsi_hi': 75, 'vol_thresh': 1.5, 'stop_atr_mult': 1.5, 'allowed_hours': [], 'tp_atr_mult': 3.0, 'risk_pct': 0.01, 'max_hold_bars': 144, 'use_trail': True, 'trail_ema': 21}",9,0.1111,-7.0986,0.0395,-0.7887,0.2527,-22.8718,0.001,0.0028,2992.9,-1.2218444
DOT-USDT,VSMO,"{'rsi_lo': 40, 'rsi_hi': 75, 'vol_thresh': 1.5, 'stop_atr_mult': 1.0, 'allowed_hours': [], 'tp_atr_mult': 3.0, 'risk_pct': 0.01, 'max_hold_bars': 144, 'use_trail': True, 'trail_ema': 21}",9,0.1111,-7.0986,0.0395,-0.7887,0.2527,-22.8718,0.001,0.0028,2992.9,-1.2218444
DOT-USDT,VSMO,"{'rsi_lo': 40, 'rsi_hi': 75, 'vol_thresh': 1.5, 'stop_atr_mult': 2.0, 'allowed_hours': [], 'tp_atr_mult': 3.0, 'risk_pct': 0.01, 'max_hold_bars': 144, 'use_trail': True, 'trail_ema': 21}",9,0.1111,-7.0986,0.0395,-0.7887,0.2527,-22.8718,0.001,0.0028,2992.9,-1.2218444
SUI-USDT,HVOL,"{'min_adx': 30, 'vol_thresh': 1.3, 'max_ext': 0.01, 'adx_exit': 25, 'allowed_hours': [], 'risk_pct': 0.01, 'max_hold_bars': 120, 'use_trail': False, 'tp_atr_mult': 2.5}",17,0.2353,-77.4027,0.2385,-4.5531,0.2703,-10.3791,0.009,0.0081,2922.6,-1.2221607999999997
SUI-USDT,HVOL,"{'min_adx': 30, 'vol_thresh': 1.3, 'max_ext': 0.03, 'adx_exit': 25, 'allowed_hours': [], 'risk_pct': 0.01, 'max_hold_bars': 120, 'use_trail': False, 'tp_atr_mult': 2.5}",17,0.2353,-77.4027,0.2385,-4.5531,0.2703,-10.3791,0.009,0.0081,2922.6,-1.2221607999999997
SUI-USDT,HVOL,"{'min_adx': 30, 'vol_thresh': 1.3, 'max_ext': 0.02, 'adx_exit': 25, 'allowed_hours': [], 'risk_pct': 0.01, 'max_hold_bars': 120, 'use_trail': False, 'tp_atr_mult': 2.5}",17,0.2353,-77.4027,0.2385,-4.5531,0.2703,-10.3791,0.009,0.0081,2922.6,-1.2221607999999997
NEAR-USDT,HVOL,"{'min_adx': 20, 'vol_thresh': 1.5, 'max_ext': 0.02, 'adx_exit': 15, 'allowed_hours': [], 'risk_pct': 0.01, 'max_hold_bars': 120, 'use_trail': False, 'tp_atr_mult': 2.5}",27,0.2963,-124.5943,0.376,-4.6146,0.2885,-6.7529,0.0137,0.0103,2875.41,-1.2228772
NEAR-USDT,HVOL,"{'min_adx': 20, 'vol_thresh': 1.5, 'max_ext': 0.03, 'adx_exit': 15, 'allowed_hours': [], 'risk_pct': 0.01, 'max_hold_bars': 120, 'use_trail': False, 'tp_atr_mult': 2.5}",27,0.2963,-124.5943,0.376,-4.6146,0.2885,-6.7529,0.0137,0.0103,2875.41,-1.2228772
APT-USDT,EMASTACK,"{'max_pb': 0.015, 'vol_thresh': 1.5, 'rsi_lo': 50, 'rsi_hi': 78, 'rsi_exit': 85, 'min_adx': 15, 'allowed_hours': [], 'risk_pct': 0.01, 'max_hold_bars': 144, 'use_trail': True, 'trail_ema': 21, 'tp_atr_mult': 2.5, 'stop_extra': 0.002}",11,0.0909,-81.0786,0.2543,-7.3708,0.2803,-9.1841,0.0201,0.0214,2918.92,-1.2231644
APT-USDT,EMASTACK,"{'max_pb': 0.015, 'vol_thresh': 1.5, 'rsi_lo': 45, 'rsi_hi': 73, 'rsi_exit': 80, 'min_adx': 15, 'allowed_hours': [], 'risk_pct': 0.01, 'max_hold_bars': 144, 'use_trail': True, 'trail_ema': 21, 'tp_atr_mult': 2.5, 'stop_extra': 0.002}",11,0.0909,-81.0786,0.2543,-7.3708,0.2803,-9.1841,0.0201,0.0214,2918.92,-1.2231644
WLD-USDT,HVOL,"{'min_adx': 30, 'vol_thresh': 1.3, 'max_ext': 0.01, 'adx_exit': 25, 'allowed_hours': [], 'risk_pct': 0.01, 'max_hold_bars': 120, 'use_trail': False, 'tp_atr_mult': 2.5}",17,0.1765,-76.4777,0.2332,-4.4987,0.2691,-10.5126,0.0052,0.0077,2923.52,-1.2252108
FIL-USDT,MTALIGN,"{'pb_thresh': 0.003, 'vol_thresh': 1.3, 'allowed_hours': [], 'tp_atr_mult': 2.5, 'risk_pct': 0.01, 'max_hold_bars': 96, 'use_trail': True, 'trail_ema': 21, 'stop_extra': 0.002}",12,0.0833,-27.975,0.0954,-2.3313,0.2569,-22.1345,0.0023,0.0023,2972.02,-1.2257
UNI-USDT,HVOL,"{'min_adx': 25, 'vol_thresh': 1.5, 'max_ext': 0.02, 'adx_exit': 25, 'allowed_hours': [], 'risk_pct': 0.01, 'max_hold_bars': 120, 'use_trail': False, 'tp_atr_mult': 2.5}",16,0.125,-56.3622,0.176,-3.5226,0.265,-13.5348,0.004,0.0058,2943.64,-1.2264488
UNI-USDT,HVOL,"{'min_adx': 25, 'vol_thresh': 1.5, 'max_ext': 0.03, 'adx_exit': 25, 'allowed_hours': [], 'risk_pct': 0.01, 'max_hold_bars': 120, 'use_trail': False, 'tp_atr_mult': 2.5}",16,0.125,-56.3622,0.176,-3.5226,0.265,-13.5348,0.004,0.0058,2943.64,-1.2264488
UNI-USDT,HVOL,"{'min_adx': 25, 'vol_thresh': 1.5, 'max_ext': 0.01, 'adx_exit': 25, 'allowed_hours': [], 'risk_pct': 0.01, 'max_hold_bars': 120, 'use_trail': False, 'tp_atr_mult': 2.5}",16,0.125,-56.3622,0.176,-3.5226,0.265,-13.5348,0.004,0.0058,2943.64,-1.2264488
SUI-USDT,HVOL,"{'min_adx': 20, 'vol_thresh': 1.3, 'max_ext': 0.03, 'adx_exit': 15, 'allowed_hours': [], 'risk_pct': 0.01, 'max_hold_bars': 120, 'use_trail': False, 'tp_atr_mult': 2.5}",21,0.2381,-80.6136,0.2438,-3.8387,0.2712,-9.6595,0.01,0.0072,2919.39,-1.2279544
SUI-USDT,HVOL,"{'min_adx': 20, 'vol_thresh': 1.3, 'max_ext': 0.02, 'adx_exit': 15, 'allowed_hours': [], 'risk_pct': 0.01, 'max_hold_bars': 120, 'use_trail': False, 'tp_atr_mult': 2.5}",21,0.2381,-80.6136,0.2438,-3.8387,0.2712,-9.6595,0.01,0.0072,2919.39,-1.2279544
SUI-USDT,HVOL,"{'min_adx': 20, 'vol_thresh': 1.3, 'max_ext': 0.01, 'adx_exit': 15, 'allowed_hours': [], 'risk_pct': 0.01, 'max_hold_bars': 120, 'use_trail': False, 'tp_atr_mult': 2.5}",21,0.2381,-80.6136,0.2438,-3.8387,0.2712,-9.6595,0.01,0.0072,2919.39,-1.2279544
DOT-USDT,HVOL,"{'min_adx': 20, 'vol_thresh': 1.5, 'max_ext': 0.01, 'adx_exit': 25, 'allowed_hours': [], 'risk_pct': 0.01, 'max_hold_bars': 120, 'use_trail': False, 'tp_atr_mult': 2.5}",22,0.1364,-77.2638,0.231,-3.512,0.2673,-9.897,0.0098,0.0056,2922.74,-1.2298552000000003
DOT-USDT,HVOL,"{'min_adx': 20, 'vol_thresh': 1.5, 'max_ext': 0.02, 'adx_exit': 25, 'allowed_hours': [], 'risk_pct': 0.01, 'max_hold_bars': 120, 'use_trail': False, 'tp_atr_mult': 2.5}",22,0.1364,-77.2638,0.231,-3.512,0.2673,-9.897,0.0098,0.0056,2922.74,-1.2298552000000003
HYPE-USDT,MTALIGN,"{'pb_thresh': 0.003, 'vol_thresh': 1.1, 'allowed_hours': [], 'tp_atr_mult': 2.5, 'risk_pct': 0.01, 'max_hold_bars': 96, 'use_trail': True, 'trail_ema': 21, 'stop_extra': 0.002}",20,0.1,-43.1568,0.1357,-2.1578,0.261,-15.0638,0.0022,0.0025,2956.84,-1.2300772000000002
FIL-USDT,HVOL,"{'min_adx': 20, 'vol_thresh': 1.5, 'max_ext': 0.01, 'adx_exit': 20, 'allowed_hours': [], 'risk_pct': 0.01, 'max_hold_bars': 120, 'use_trail': False, 'tp_atr_mult': 2.5}",24,0.2917,-98.1283,0.2904,-4.0887,0.2746,-6.0548,0.0113,0.0066,2901.87,-1.2315132
FIL-USDT,HVOL,"{'min_adx': 20, 'vol_thresh': 1.5, 'max_ext': 0.02, 'adx_exit': 20, 'allowed_hours': [], 'risk_pct': 0.01, 'max_hold_bars': 120, 'use_trail': False, 'tp_atr_mult': 2.5}",24,0.2917,-98.1283,0.2904,-4.0887,0.2746,-6.0548,0.0113,0.0066,2901.87,-1.2315132
FIL-USDT,HVOL,"{'min_adx': 20, 'vol_thresh': 1.5, 'max_ext': 0.03, 'adx_exit': 20, 'allowed_hours': [], 'risk_pct': 0.01, 'max_hold_bars': 120, 'use_trail': False, 'tp_atr_mult': 2.5}",24,0.2917,-98.1283,0.2904,-4.0887,0.2746,-6.0548,0.0113,0.0066,2901.87,-1.2315132
SUI-USDT,HVOL,"{'min_adx': 20, 'vol_thresh': 1.5, 'max_ext': 0.02, 'adx_exit': 15, 'allowed_hours': [], 'risk_pct': 0.01, 'max_hold_bars': 120, 'use_trail': False, 'tp_atr_mult': 2.5}",20,0.2,-81.6637,0.2439,-4.0832,0.2715,-9.5751,0.0085,0.0078,2918.34,-1.2323048
SUI-USDT,HVOL,"{'min_adx': 20, 'vol_thresh': 1.5, 'max_ext': 0.01, 'adx_exit': 15, 'allowed_hours': [], 'risk_pct': 0.01, 'max_hold_bars': 120, 'use_trail': False, 'tp_atr_mult': 2.5}",20,0.2,-81.6637,0.2439,-4.0832,0.2715,-9.5751,0.0085,0.0078,2918.34,-1.2323048
SUI-USDT,HVOL,"{'min_adx': 20, 'vol_thresh': 1.5, 'max_ext': 0.03, 'adx_exit': 15, 'allowed_hours': [], 'risk_pct': 0.01, 'max_hold_bars': 120, 'use_trail': False, 'tp_atr_mult': 2.5}",20,0.2,-81.6637,0.2439,-4.0832,0.2715,-9.5751,0.0085,0.0078,2918.34,-1.2323048
AVAX-USDT,MTALIGN,"{'pb_thresh': 0.003, 'vol_thresh': 1.1, 'allowed_hours': [], 'tp_atr_mult': 2.5, 'risk_pct': 0.01, 'max_hold_bars': 96, 'use_trail': True, 'trail_ema': 21, 'stop_extra': 0.002}",11,0.0909,-21.965,0.0736,-1.9968,0.2555,-22.8941,0.0023,0.0021,2978.04,-1.23296
WLD-USDT,VSMO,"{'rsi_lo': 45, 'rsi_hi': 80, 'vol_thresh': 2.0, 'stop_atr_mult': 2.0, 'allowed_hours': [], 'tp_atr_mult': 3.0, 'risk_pct': 0.01, 'max_hold_bars': 144, 'use_trail': True, 'trail_ema': 21}",5,0.2,-5.8133,0.0279,-1.1627,0.2516,-16.1137,0.0029,0.0017,2994.19,-1.2330031999999997
WLD-USDT,VSMO,"{'rsi_lo': 45, 'rsi_hi': 80, 'vol_thresh': 2.0, 'stop_atr_mult': 1.0, 'allowed_hours': [], 'tp_atr_mult': 3.0, 'risk_pct': 0.01, 'max_hold_bars': 144, 'use_trail': True, 'trail_ema': 21}",5,0.2,-5.8133,0.0279,-1.1627,0.2516,-16.1137,0.0029,0.0017,2994.19,-1.2330031999999997
WLD-USDT,VSMO,"{'rsi_lo': 45, 'rsi_hi': 80, 'vol_thresh': 2.0, 'stop_atr_mult': 1.5, 'allowed_hours': [], 'tp_atr_mult': 3.0, 'risk_pct': 0.01, 'max_hold_bars': 144, 'use_trail': True, 'trail_ema': 21}",5,0.2,-5.8133,0.0279,-1.1627,0.2516,-16.1137,0.0029,0.0017,2994.19,-1.2330031999999997
HYPE-USDT,EMASTACK,"{'max_pb': 0.01, 'vol_thresh': 1.2, 'rsi_lo': 50, 'rsi_hi': 78, 'rsi_exit': 85, 'min_adx': 20, 'allowed_hours': [], 'risk_pct': 0.01, 'max_hold_bars': 144, 'use_trail': True, 'trail_ema': 21, 'tp_atr_mult': 2.5, 'stop_extra': 0.002}",5,0.2,-11.0966,0.0428,-2.2193,0.253,-21.6202,0.0028,0.0025,2988.9,-1.2331864000000001
HYPE-USDT,EMASTACK,"{'max_pb': 0.01, 'vol_thresh': 1.2, 'rsi_lo': 45, 'rsi_hi': 73, 'rsi_exit': 80, 'min_adx': 20, 'allowed_hours': [], 'risk_pct': 0.01, 'max_hold_bars': 144, 'use_trail': True, 'trail_ema': 21, 'tp_atr_mult': 2.5, 'stop_extra': 0.002}",5,0.2,-11.0966,0.0428,-2.2193,0.253,-21.6202,0.0028,0.0025,2988.9,-1.2331864000000001
HYPE-USDT,EMASTACK,"{'max_pb': 0.015, 'vol_thresh': 1.2, 'rsi_lo': 45, 'rsi_hi': 73, 'rsi_exit': 80, 'min_adx': 20, 'allowed_hours': [], 'risk_pct': 0.01, 'max_hold_bars': 144, 'use_trail': True, 'trail_ema': 21, 'tp_atr_mult': 2.5, 'stop_extra': 0.002}",5,0.2,-11.0966,0.0428,-2.2193,0.253,-21.6202,0.0028,0.0025,2988.9,-1.2331864000000001
HYPE-USDT,EMASTACK,"{'max_pb': 0.005, 'vol_thresh': 1.2, 'rsi_lo': 50, 'rsi_hi': 78, 'rsi_exit': 85, 'min_adx': 20, 'allowed_hours': [], 'risk_pct': 0.01, 'max_hold_bars': 144, 'use_trail': True, 'trail_ema': 21, 'tp_atr_mult': 2.5, 'stop_extra': 0.002}",5,0.2,-11.0966,0.0428,-2.2193,0.253,-21.6202,0.0028,0.0025,2988.9,-1.2331864000000001
HYPE-USDT,EMASTACK,"{'max_pb': 0.015, 'vol_thresh': 1.2, 'rsi_lo': 50, 'rsi_hi': 78, 'rsi_exit': 85, 'min_adx': 20, 'allowed_hours': [], 'risk_pct': 0.01, 'max_hold_bars': 144, 'use_trail': True, 'trail_ema': 21, 'tp_atr_mult': 2.5, 'stop_extra': 0.002}",5,0.2,-11.0966,0.0428,-2.2193,0.253,-21.6202,0.0028,0.0025,2988.9,-1.2331864000000001
HYPE-USDT,EMASTACK,"{'max_pb': 0.005, 'vol_thresh': 1.2, 'rsi_lo': 45, 'rsi_hi': 73, 'rsi_exit': 80, 'min_adx': 20, 'allowed_hours': [], 'risk_pct': 0.01, 'max_hold_bars': 144, 'use_trail': True, 'trail_ema': 21, 'tp_atr_mult': 2.5, 'stop_extra': 0.002}",5,0.2,-11.0966,0.0428,-2.2193,0.253,-21.6202,0.0028,0.0025,2988.9,-1.2331864000000001
WLD-USDT,HVOL,"{'min_adx': 30, 'vol_thresh': 1.3, 'max_ext': 0.02, 'adx_exit': 15, 'allowed_hours': [], 'risk_pct': 0.01, 'max_hold_bars': 120, 'use_trail': False, 'tp_atr_mult': 2.5}",17,0.1765,-77.6132,0.2305,-4.5655,0.2694,-10.4511,0.0054,0.0076,2922.39,-1.2341028
WLD-USDT,HVOL,"{'min_adx': 30, 'vol_thresh': 1.3, 'max_ext': 0.03, 'adx_exit': 15, 'allowed_hours': [], 'risk_pct': 0.01, 'max_hold_bars': 120, 'use_trail': False, 'tp_atr_mult': 2.5}",17,0.1765,-77.6132,0.2305,-4.5655,0.2694,-10.4511,0.0054,0.0076,2922.39,-1.2341028
DOT-USDT,HVOL,"{'min_adx': 20, 'vol_thresh': 1.5, 'max_ext': 0.01, 'adx_exit': 15, 'allowed_hours': [], 'risk_pct': 0.01, 'max_hold_bars': 120, 'use_trail': False, 'tp_atr_mult': 2.5}",22,0.1818,-78.9699,0.2335,-3.5895,0.2689,-9.6214,0.0104,0.0059,2921.03,-1.2345296
DOT-USDT,HVOL,"{'min_adx': 20, 'vol_thresh': 1.5, 'max_ext': 0.02, 'adx_exit': 15, 'allowed_hours': [], 'risk_pct': 0.01, 'max_hold_bars': 120, 'use_trail': False, 'tp_atr_mult': 2.5}",22,0.1818,-78.9699,0.2335,-3.5895,0.2689,-9.6214,0.0104,0.0059,2921.03,-1.2345296
ONDO-USDT,HVOL,"{'min_adx': 20, 'vol_thresh': 2.0, 'max_ext': 0.02, 'adx_exit': 15, 'allowed_hours': [], 'risk_pct': 0.01, 'max_hold_bars': 120, 'use_trail': False, 'tp_atr_mult': 2.5}",21,0.0952,-87.8627,0.2606,-4.1839,0.277,-8.4911,0.0093,0.007,2912.14,-1.2375508000000002
ONDO-USDT,HVOL,"{'min_adx': 20, 'vol_thresh': 2.0, 'max_ext': 0.03, 'adx_exit': 15, 'allowed_hours': [], 'risk_pct': 0.01, 'max_hold_bars': 120, 'use_trail': False, 'tp_atr_mult': 2.5}",21,0.0952,-87.8627,0.2606,-4.1839,0.277,-8.4911,0.0093,0.007,2912.14,-1.2375508000000002
SUI-USDT,HVOL,"{'min_adx': 30, 'vol_thresh': 1.5, 'max_ext': 0.03, 'adx_exit': 25, 'allowed_hours': [], 'risk_pct': 0.01, 'max_hold_bars': 120, 'use_trail': False, 'tp_atr_mult': 2.5}",16,0.1875,-74.9961,0.2214,-4.6873,0.2697,-10.2697,0.0085,0.0085,2925.0,-1.2375844
SUI-USDT,HVOL,"{'min_adx': 30, 'vol_thresh': 1.5, 'max_ext': 0.02, 'adx_exit': 25, 'allowed_hours': [], 'risk_pct': 0.01, 'max_hold_bars': 120, 'use_trail': False, 'tp_atr_mult': 2.5}",16,0.1875,-74.9961,0.2214,-4.6873,0.2697,-10.2697,0.0085,0.0085,2925.0,-1.2375844
SUI-USDT,HVOL,"{'min_adx': 30, 'vol_thresh': 1.5, 'max_ext': 0.01, 'adx_exit': 25, 'allowed_hours': [], 'risk_pct': 0.01, 'max_hold_bars': 120, 'use_trail': False, 'tp_atr_mult': 2.5}",16,0.1875,-74.9961,0.2214,-4.6873,0.2697,-10.2697,0.0085,0.0085,2925.0,-1.2375844
ONDO-USDT,HVOL,"{'min_adx': 30, 'vol_thresh': 1.3, 'max_ext': 0.01, 'adx_exit': 20, 'allowed_hours': [], 'risk_pct': 0.01, 'max_hold_bars': 120, 'use_trail': False, 'tp_atr_mult': 2.5}",22,0.1818,-77.0516,0.2266,-3.5023,0.2696,-9.8873,0.0069,0.0064,2922.95,-1.2379064
PEPE-USDT,HVOL,"{'min_adx': 20, 'vol_thresh': 2.0, 'max_ext': 0.01, 'adx_exit': 20, 'allowed_hours': [], 'risk_pct': 0.01, 'max_hold_bars': 120, 'use_trail': False, 'tp_atr_mult': 2.5}",15,0.2,-68.8276,0.2045,-4.5885,0.2706,-8.9621,0.0066,0.0056,2931.17,-1.2391604
PEPE-USDT,HVOL,"{'min_adx': 20, 'vol_thresh': 2.0, 'max_ext': 0.02, 'adx_exit': 20, 'allowed_hours': [], 'risk_pct': 0.01, 'max_hold_bars': 120, 'use_trail': False, 'tp_atr_mult': 2.5}",15,0.2,-68.8276,0.2045,-4.5885,0.2706,-8.9621,0.0066,0.0056,2931.17,-1.2391604
PEPE-USDT,HVOL,"{'min_adx': 20, 'vol_thresh': 2.0, 'max_ext': 0.03, 'adx_exit': 20, 'allowed_hours': [], 'risk_pct': 0.01, 'max_hold_bars': 120, 'use_trail': False, 'tp_atr_mult': 2.5}",15,0.2,-68.8276,0.2045,-4.5885,0.2706,-8.9621,0.0066,0.0056,2931.17,-1.2391604
WLD-USDT,VSMO,"{'rsi_lo': 40, 'rsi_hi': 75, 'vol_thresh': 1.5, 'stop_atr_mult': 2.0, 'allowed_hours': [8, 9, 10, 11, 14, 15, 16, 17, 18, 19, 20, 21], 'tp_atr_mult': 3.0, 'risk_pct': 0.01, 'max_hold_bars': 144, 'use_trail': True, 'trail_ema': 21}",5,0.2,-2.5076,0.0142,-0.5015,0.2512,-27.6086,0.002,0.0019,2997.49,-1.2399303999999998
WLD-USDT,VSMO,"{'rsi_lo': 40, 'rsi_hi': 75, 'vol_thresh': 1.5, 'stop_atr_mult': 1.5, 'allowed_hours': [8, 9, 10, 11, 14, 15, 16, 17, 18, 19, 20, 21], 'tp_atr_mult': 3.0, 'risk_pct': 0.01, 'max_hold_bars': 144, 'use_trail': True, 'trail_ema': 21}",5,0.2,-2.5076,0.0142,-0.5015,0.2512,-27.6086,0.002,0.0019,2997.49,-1.2399303999999998
WLD-USDT,VSMO,"{'rsi_lo': 40, 'rsi_hi': 75, 'vol_thresh': 1.5, 'stop_atr_mult': 1.0, 'allowed_hours': [8, 9, 10, 11, 14, 15, 16, 17, 18, 19, 20, 21], 'tp_atr_mult': 3.0, 'risk_pct': 0.01, 'max_hold_bars': 144, 'use_trail': True, 'trail_ema': 21}",5,0.2,-2.5076,0.0142,-0.5015,0.2512,-27.6086,0.002,0.0019,2997.49,-1.2399303999999998
ETH-USDT,EMASTACK,"{'max_pb': 0.01, 'vol_thresh': 2.0, 'rsi_lo': 50, 'rsi_hi': 78, 'rsi_exit': 85, 'min_adx': 25, 'allowed_hours': [], 'risk_pct': 0.01, 'max_hold_bars': 144, 'use_trail': True, 'trail_ema': 21, 'tp_atr_mult': 2.5, 'stop_extra': 0.002}",6,0.1667,-13.8635,0.0449,-2.3106,0.2534,-23.9683,0.0019,0.0021,2986.14,-1.2415040000000002
ETH-USDT,EMASTACK,"{'max_pb': 0.005, 'vol_thresh': 2.0, 'rsi_lo': 50, 'rsi_hi': 78, 'rsi_exit': 85, 'min_adx': 25, 'allowed_hours': [], 'risk_pct': 0.01, 'max_hold_bars': 144, 'use_trail': True, 'trail_ema': 21, 'tp_atr_mult': 2.5, 'stop_extra': 0.002}",6,0.1667,-13.8635,0.0449,-2.3106,0.2534,-23.9683,0.0019,0.0021,2986.14,-1.2415040000000002
ONDO-USDT,HVOL,"{'min_adx': 20, 'vol_thresh': 1.3, 'max_ext': 0.03, 'adx_exit': 25, 'allowed_hours': [], 'risk_pct': 0.01, 'max_hold_bars': 120, 'use_trail': False, 'tp_atr_mult': 2.5}",33,0.1212,-103.72,0.3021,-3.143,0.2804,-7.6914,0.0078,0.0056,2896.28,-1.24213
ONDO-USDT,HVOL,"{'min_adx': 20, 'vol_thresh': 1.3, 'max_ext': 0.02, 'adx_exit': 25, 'allowed_hours': [], 'risk_pct': 0.01, 'max_hold_bars': 120, 'use_trail': False, 'tp_atr_mult': 2.5}",33,0.1212,-103.72,0.3021,-3.143,0.2804,-7.6914,0.0078,0.0056,2896.28,-1.24213
ONDO-USDT,MTALIGN,"{'pb_thresh': 0.008, 'vol_thresh': 1.1, 'allowed_hours': [8, 9, 10, 11, 14, 15, 16, 17, 18, 19, 20, 21], 'tp_atr_mult': 2.5, 'risk_pct': 0.01, 'max_hold_bars': 96, 'use_trail': True, 'trail_ema': 21, 'stop_extra': 0.002}",5,0.2,-12.1259,0.0384,-2.4252,0.253,-25.9492,0.0018,0.0034,2987.87,-1.2439035999999999
DOT-USDT,HVOL,"{'min_adx': 20, 'vol_thresh': 2.0, 'max_ext': 0.02, 'adx_exit': 15, 'allowed_hours': [], 'risk_pct': 0.01, 'max_hold_bars': 120, 'use_trail': False, 'tp_atr_mult': 2.5}",16,0.1875,-68.8079,0.1952,-4.3005,0.2653,-10.8064,0.0102,0.0064,2931.19,-1.2477315999999998
NEAR-USDT,HVOL,"{'min_adx': 20, 'vol_thresh': 1.3, 'max_ext': 0.02, 'adx_exit': 20, 'allowed_hours': [], 'risk_pct': 0.01, 'max_hold_bars': 120, 'use_trail': False, 'tp_atr_mult': 2.5}",30,0.2667,-131.2582,0.3788,-4.3753,0.2916,-6.7747,0.0131,0.0098,2868.74,-1.2484327999999998
NEAR-USDT,HVOL,"{'min_adx': 20, 'vol_thresh': 1.3, 'max_ext': 0.03, 'adx_exit': 20, 'allowed_hours': [], 'risk_pct': 0.01, 'max_hold_bars': 120, 'use_trail': False, 'tp_atr_mult': 2.5}",30,0.2667,-131.2582,0.3788,-4.3753,0.2916,-6.7747,0.0131,0.0098,2868.74,-1.2484327999999998
BTC-USDT,HVOL,"{'min_adx': 25, 'vol_thresh': 1.3, 'max_ext': 0.02, 'adx_exit': 25, 'allowed_hours': [], 'risk_pct': 0.01, 'max_hold_bars': 120, 'use_trail': False, 'tp_atr_mult': 2.5}",24,0.125,-47.1753,0.1341,-1.9656,0.2625,-14.8342,0.0025,0.0022,2952.82,-1.2500512
BTC-USDT,HVOL,"{'min_adx': 25, 'vol_thresh': 1.3, 'max_ext': 0.01, 'adx_exit': 25, 'allowed_hours': [], 'risk_pct': 0.01, 'max_hold_bars': 120, 'use_trail': False, 'tp_atr_mult': 2.5}",24,0.125,-47.1753,0.1341,-1.9656,0.2625,-14.8342,0.0025,0.0022,2952.82,-1.2500512
BTC-USDT,HVOL,"{'min_adx': 25, 'vol_thresh': 1.3, 'max_ext': 0.03, 'adx_exit': 25, 'allowed_hours': [], 'risk_pct': 0.01, 'max_hold_bars': 120, 'use_trail': False, 'tp_atr_mult': 2.5}",24,0.125,-47.1753,0.1341,-1.9656,0.2625,-14.8342,0.0025,0.0022,2952.82,-1.2500512
DOGE-USDT,HVOL,"{'min_adx': 20, 'vol_thresh': 1.3, 'max_ext': 0.02, 'adx_exit': 15, 'allowed_hours': [], 'risk_pct': 0.01, 'max_hold_bars': 120, 'use_trail': False, 'tp_atr_mult': 2.5}",27,0.1852,-61.0531,0.1728,-2.2612,0.2652,-13.2477,0.0038,0.0031,2938.95,-1.2502124000000001
DOGE-USDT,HVOL,"{'min_adx': 20, 'vol_thresh': 1.3, 'max_ext': 0.01, 'adx_exit': 15, 'allowed_hours': [], 'risk_pct': 0.01, 'max_hold_bars': 120, 'use_trail': False, 'tp_atr_mult': 2.5}",27,0.1852,-61.0531,0.1728,-2.2612,0.2652,-13.2477,0.0038,0.0031,2938.95,-1.2502124000000001
DOGE-USDT,HVOL,"{'min_adx': 20, 'vol_thresh': 1.3, 'max_ext': 0.03, 'adx_exit': 15, 'allowed_hours': [], 'risk_pct': 0.01, 'max_hold_bars': 120, 'use_trail': False, 'tp_atr_mult': 2.5}",27,0.1852,-61.0531,0.1728,-2.2612,0.2652,-13.2477,0.0038,0.0031,2938.95,-1.2502124000000001
XLM-USDT,HVOL,"{'min_adx': 30, 'vol_thresh': 2.0, 'max_ext': 0.02, 'adx_exit': 25, 'allowed_hours': [], 'risk_pct': 0.01, 'max_hold_bars': 120, 'use_trail': False, 'tp_atr_mult': 2.5}",20,0.15,-55.2075,0.1562,-2.7604,0.264,-14.305,0.004,0.0037,2944.79,-1.25053
XLM-USDT,HVOL,"{'min_adx': 30, 'vol_thresh': 2.0, 'max_ext': 0.01, 'adx_exit': 25, 'allowed_hours': [], 'risk_pct': 0.01, 'max_hold_bars': 120, 'use_trail': False, 'tp_atr_mult': 2.5}",20,0.15,-55.2075,0.1562,-2.7604,0.264,-14.305,0.004,0.0037,2944.79,-1.25053
XLM-USDT,HVOL,"{'min_adx': 30, 'vol_thresh': 2.0, 'max_ext': 0.03, 'adx_exit': 25, 'allowed_hours': [], 'risk_pct': 0.01, 'max_hold_bars': 120, 'use_trail': False, 'tp_atr_mult': 2.5}",20,0.15,-55.2075,0.1562,-2.7604,0.264,-14.305,0.004,0.0037,2944.79,-1.25053
FIL-USDT,EMASTACK,"{'max_pb': 0.015, 'vol_thresh': 1.5, 'rsi_lo': 38, 'rsi_hi': 66, 'rsi_exit': 73, 'min_adx': 15, 'allowed_hours': [], 'risk_pct': 0.01, 'max_hold_bars': 144, 'use_trail': True, 'trail_ema': 21, 'tp_atr_mult': 2.5, 'stop_extra': 0.002}",6,0.1667,-12.8868,0.0355,-2.1478,0.2531,-27.6384,0.0041,0.002,2987.11,-1.2513972
FIL-USDT,EMASTACK,"{'max_pb': 0.015, 'vol_thresh': 1.5, 'rsi_lo': 38, 'rsi_hi': 66, 'rsi_exit': 73, 'min_adx': 20, 'allowed_hours': [], 'risk_pct': 0.01, 'max_hold_bars': 144, 'use_trail': True, 'trail_ema': 21, 'tp_atr_mult': 2.5, 'stop_extra': 0.002}",6,0.1667,-12.8868,0.0355,-2.1478,0.2531,-27.6384,0.0041,0.002,2987.11,-1.2513972
FIL-USDT,EMASTACK,"{'max_pb': 0.015, 'vol_thresh': 1.5, 'rsi_lo': 50, 'rsi_hi': 78, 'rsi_exit': 85, 'min_adx': 15, 'allowed_hours': [], 'risk_pct': 0.01, 'max_hold_bars': 144, 'use_trail': True, 'trail_ema': 21, 'tp_atr_mult': 2.5, 'stop_extra': 0.002}",6,0.1667,-12.8868,0.0355,-2.1478,0.2531,-27.6384,0.0041,0.002,2987.11,-1.2513972
FIL-USDT,EMASTACK,"{'max_pb': 0.015, 'vol_thresh': 1.5, 'rsi_lo': 45, 'rsi_hi': 73, 'rsi_exit': 80, 'min_adx': 15, 'allowed_hours': [], 'risk_pct': 0.01, 'max_hold_bars': 144, 'use_trail': True, 'trail_ema': 21, 'tp_atr_mult': 2.5, 'stop_extra': 0.002}",6,0.1667,-12.8868,0.0355,-2.1478,0.2531,-27.6384,0.0041,0.002,2987.11,-1.2513972
FIL-USDT,EMASTACK,"{'max_pb': 0.015, 'vol_thresh': 1.5, 'rsi_lo': 45, 'rsi_hi': 73, 'rsi_exit': 80, 'min_adx': 20, 'allowed_hours': [], 'risk_pct': 0.01, 'max_hold_bars': 144, 'use_trail': True, 'trail_ema': 21, 'tp_atr_mult': 2.5, 'stop_extra': 0.002}",6,0.1667,-12.8868,0.0355,-2.1478,0.2531,-27.6384,0.0041,0.002,2987.11,-1.2513972
FIL-USDT,EMASTACK,"{'max_pb': 0.015, 'vol_thresh': 1.5, 'rsi_lo': 50, 'rsi_hi': 78, 'rsi_exit': 85, 'min_adx': 20, 'allowed_hours': [], 'risk_pct': 0.01, 'max_hold_bars': 144, 'use_trail': True, 'trail_ema': 21, 'tp_atr_mult': 2.5, 'stop_extra': 0.002}",6,0.1667,-12.8868,0.0355,-2.1478,0.2531,-27.6384,0.0041,0.002,2987.11,-1.2513972
FIL-USDT,EMASTACK,"{'max_pb': 0.01, 'vol_thresh': 1.5, 'rsi_lo': 45, 'rsi_hi': 73, 'rsi_exit': 80, 'min_adx': 15, 'allowed_hours': [], 'risk_pct': 0.01, 'max_hold_bars': 144, 'use_trail': True, 'trail_ema': 21, 'tp_atr_mult': 2.5, 'stop_extra': 0.002}",6,0.1667,-12.8868,0.0355,-2.1478,0.2531,-27.6384,0.0041,0.002,2987.11,-1.2513972
FIL-USDT,EMASTACK,"{'max_pb': 0.005, 'vol_thresh': 1.5, 'rsi_lo': 38, 'rsi_hi': 66, 'rsi_exit': 73, 'min_adx': 20, 'allowed_hours': [], 'risk_pct': 0.01, 'max_hold_bars': 144, 'use_trail': True, 'trail_ema': 21, 'tp_atr_mult': 2.5, 'stop_extra': 0.002}",6,0.1667,-12.8868,0.0355,-2.1478,0.2531,-27.6384,0.0041,0.002,2987.11,-1.2513972
FIL-USDT,EMASTACK,"{'max_pb': 0.01, 'vol_thresh': 1.5, 'rsi_lo': 38, 'rsi_hi': 66, 'rsi_exit': 73, 'min_adx': 20, 'allowed_hours': [], 'risk_pct': 0.01, 'max_hold_bars': 144, 'use_trail': True, 'trail_ema': 21, 'tp_atr_mult': 2.5, 'stop_extra': 0.002}",6,0.1667,-12.8868,0.0355,-2.1478,0.2531,-27.6384,0.0041,0.002,2987.11,-1.2513972
FIL-USDT,EMASTACK,"{'max_pb': 0.005, 'vol_thresh': 1.5, 'rsi_lo': 45, 'rsi_hi': 73, 'rsi_exit': 80, 'min_adx': 15, 'allowed_hours': [], 'risk_pct': 0.01, 'max_hold_bars': 144, 'use_trail': True, 'trail_ema': 21, 'tp_atr_mult': 2.5, 'stop_extra': 0.002}",6,0.1667,-12.8868,0.0355,-2.1478,0.2531,-27.6384,0.0041,0.002,2987.11,-1.2513972
FIL-USDT,EMASTACK,"{'max_pb': 0.005, 'vol_thresh': 1.5, 'rsi_lo': 50, 'rsi_hi': 78, 'rsi_exit': 85, 'min_adx': 15, 'allowed_hours': [], 'risk_pct': 0.01, 'max_hold_bars': 144, 'use_trail': True, 'trail_ema': 21, 'tp_atr_mult': 2.5, 'stop_extra': 0.002}",6,0.1667,-12.8868,0.0355,-2.1478,0.2531,-27.6384,0.0041,0.002,2987.11,-1.2513972
FIL-USDT,EMASTACK,"{'max_pb': 0.005, 'vol_thresh': 1.5, 'rsi_lo': 50, 'rsi_hi': 78, 'rsi_exit': 85, 'min_adx': 20, 'allowed_hours': [], 'risk_pct': 0.01, 'max_hold_bars': 144, 'use_trail': True, 'trail_ema': 21, 'tp_atr_mult': 2.5, 'stop_extra': 0.002}",6,0.1667,-12.8868,0.0355,-2.1478,0.2531,-27.6384,0.0041,0.002,2987.11,-1.2513972
FIL-USDT,EMASTACK,"{'max_pb': 0.01, 'vol_thresh': 1.5, 'rsi_lo': 50, 'rsi_hi': 78, 'rsi_exit': 85, 'min_adx': 20, 'allowed_hours': [], 'risk_pct': 0.01, 'max_hold_bars': 144, 'use_trail': True, 'trail_ema': 21, 'tp_atr_mult': 2.5, 'stop_extra': 0.002}",6,0.1667,-12.8868,0.0355,-2.1478,0.2531,-27.6384,0.0041,0.002,2987.11,-1.2513972
FIL-USDT,EMASTACK,"{'max_pb': 0.01, 'vol_thresh': 1.5, 'rsi_lo': 38, 'rsi_hi': 66, 'rsi_exit': 73, 'min_adx': 15, 'allowed_hours': [], 'risk_pct': 0.01, 'max_hold_bars': 144, 'use_trail': True, 'trail_ema': 21, 'tp_atr_mult': 2.5, 'stop_extra': 0.002}",6,0.1667,-12.8868,0.0355,-2.1478,0.2531,-27.6384,0.0041,0.002,2987.11,-1.2513972
FIL-USDT,EMASTACK,"{'max_pb': 0.005, 'vol_thresh': 1.5, 'rsi_lo': 45, 'rsi_hi': 73, 'rsi_exit': 80, 'min_adx': 20, 'allowed_hours': [], 'risk_pct': 0.01, 'max_hold_bars': 144, 'use_trail': True, 'trail_ema': 21, 'tp_atr_mult': 2.5, 'stop_extra': 0.002}",6,0.1667,-12.8868,0.0355,-2.1478,0.2531,-27.6384,0.0041,0.002,2987.11,-1.2513972
FIL-USDT,EMASTACK,"{'max_pb': 0.005, 'vol_thresh': 1.5, 'rsi_lo': 38, 'rsi_hi': 66, 'rsi_exit': 73, 'min_adx': 15, 'allowed_hours': [], 'risk_pct': 0.01, 'max_hold_bars': 144, 'use_trail': True, 'trail_ema': 21, 'tp_atr_mult': 2.5, 'stop_extra': 0.002}",6,0.1667,-12.8868,0.0355,-2.1478,0.2531,-27.6384,0.0041,0.002,2987.11,-1.2513972
FIL-USDT,EMASTACK,"{'max_pb': 0.01, 'vol_thresh': 1.5, 'rsi_lo': 45, 'rsi_hi': 73, 'rsi_exit': 80, 'min_adx': 20, 'allowed_hours': [], 'risk_pct': 0.01, 'max_hold_bars': 144, 'use_trail': True, 'trail_ema': 21, 'tp_atr_mult': 2.5, 'stop_extra': 0.002}",6,0.1667,-12.8868,0.0355,-2.1478,0.2531,-27.6384,0.0041,0.002,2987.11,-1.2513972
FIL-USDT,EMASTACK,"{'max_pb': 0.01, 'vol_thresh': 1.5, 'rsi_lo': 50, 'rsi_hi': 78, 'rsi_exit': 85, 'min_adx': 15, 'allowed_hours': [], 'risk_pct': 0.01, 'max_hold_bars': 144, 'use_trail': True, 'trail_ema': 21, 'tp_atr_mult': 2.5, 'stop_extra': 0.002}",6,0.1667,-12.8868,0.0355,-2.1478,0.2531,-27.6384,0.0041,0.002,2987.11,-1.2513972
ETH-USDT,EMASTACK,"{'max_pb': 0.005, 'vol_thresh': 1.5, 'rsi_lo': 45, 'rsi_hi': 73, 'rsi_exit': 80, 'min_adx': 15, 'allowed_hours': [], 'risk_pct': 0.01, 'max_hold_bars': 144, 'use_trail': True, 'trail_ema': 21, 'tp_atr_mult': 2.5, 'stop_extra': 0.002}",12,0.0833,-26.4625,0.0732,-2.2052,0.2565,-23.2671,0.0011,0.0017,2973.54,-1.25255
ETH-USDT,EMASTACK,"{'max_pb': 0.015, 'vol_thresh': 1.5, 'rsi_lo': 45, 'rsi_hi': 73, 'rsi_exit': 80, 'min_adx': 20, 'allowed_hours': [], 'risk_pct': 0.01, 'max_hold_bars': 144, 'use_trail': True, 'trail_ema': 21, 'tp_atr_mult': 2.5, 'stop_extra': 0.002}",12,0.0833,-26.4625,0.0732,-2.2052,0.2565,-23.2671,0.0011,0.0017,2973.54,-1.25255
ETH-USDT,EMASTACK,"{'max_pb': 0.01, 'vol_thresh': 1.5, 'rsi_lo': 45, 'rsi_hi': 73, 'rsi_exit': 80, 'min_adx': 15, 'allowed_hours': [], 'risk_pct': 0.01, 'max_hold_bars': 144, 'use_trail': True, 'trail_ema': 21, 'tp_atr_mult': 2.5, 'stop_extra': 0.002}",12,0.0833,-26.4625,0.0732,-2.2052,0.2565,-23.2671,0.0011,0.0017,2973.54,-1.25255
ETH-USDT,EMASTACK,"{'max_pb': 0.01, 'vol_thresh': 1.5, 'rsi_lo': 45, 'rsi_hi': 73, 'rsi_exit': 80, 'min_adx': 20, 'allowed_hours': [], 'risk_pct': 0.01, 'max_hold_bars': 144, 'use_trail': True, 'trail_ema': 21, 'tp_atr_mult': 2.5, 'stop_extra': 0.002}",12,0.0833,-26.4625,0.0732,-2.2052,0.2565,-23.2671,0.0011,0.0017,2973.54,-1.25255
ETH-USDT,EMASTACK,"{'max_pb': 0.005, 'vol_thresh': 1.5, 'rsi_lo': 45, 'rsi_hi': 73, 'rsi_exit': 80, 'min_adx': 20, 'allowed_hours': [], 'risk_pct': 0.01, 'max_hold_bars': 144, 'use_trail': True, 'trail_ema': 21, 'tp_atr_mult': 2.5, 'stop_extra': 0.002}",12,0.0833,-26.4625,0.0732,-2.2052,0.2565,-23.2671,0.0011,0.0017,2973.54,-1.25255
ETH-USDT,EMASTACK,"{'max_pb': 0.015, 'vol_thresh': 1.5, 'rsi_lo': 45, 'rsi_hi': 73, 'rsi_exit': 80, 'min_adx': 15, 'allowed_hours': [], 'risk_pct': 0.01, 'max_hold_bars': 144, 'use_trail': True, 'trail_ema': 21, 'tp_atr_mult': 2.5, 'stop_extra': 0.002}",12,0.0833,-26.4625,0.0732,-2.2052,0.2565,-23.2671,0.0011,0.0017,2973.54,-1.25255
UNI-USDT,HVOL,"{'min_adx': 20, 'vol_thresh': 1.5, 'max_ext': 0.01, 'adx_exit': 15, 'allowed_hours': [], 'risk_pct': 0.01, 'max_hold_bars': 120, 'use_trail': False, 'tp_atr_mult': 2.5}",16,0.125,-59.1852,0.169,-3.6991,0.2694,-13.6834,0.0044,0.0081,2940.81,-1.2526408
UNI-USDT,HVOL,"{'min_adx': 20, 'vol_thresh': 1.5, 'max_ext': 0.03, 'adx_exit': 15, 'allowed_hours': [], 'risk_pct': 0.01, 'max_hold_bars': 120, 'use_trail': False, 'tp_atr_mult': 2.5}",16,0.125,-59.1852,0.169,-3.6991,0.2694,-13.6834,0.0044,0.0081,2940.81,-1.2526408
UNI-USDT,HVOL,"{'min_adx': 20, 'vol_thresh': 1.5, 'max_ext': 0.02, 'adx_exit': 15, 'allowed_hours': [], 'risk_pct': 0.01, 'max_hold_bars': 120, 'use_trail': False, 'tp_atr_mult': 2.5}",16,0.125,-59.1852,0.169,-3.6991,0.2694,-13.6834,0.0044,0.0081,2940.81,-1.2526408
BTC-USDT,HVOL,"{'min_adx': 30, 'vol_thresh': 2.0, 'max_ext': 0.01, 'adx_exit': 25, 'allowed_hours': [], 'risk_pct': 0.01, 'max_hold_bars': 120, 'use_trail': False, 'tp_atr_mult': 2.5}",17,0.1765,-33.6942,0.094,-1.982,0.2591,-15.8938,0.0024,0.0025,2966.31,-1.2528768000000001
BTC-USDT,HVOL,"{'min_adx': 30, 'vol_thresh': 2.0, 'max_ext': 0.02, 'adx_exit': 25, 'allowed_hours': [], 'risk_pct': 0.01, 'max_hold_bars': 120, 'use_trail': False, 'tp_atr_mult': 2.5}",17,0.1765,-33.6942,0.094,-1.982,0.2591,-15.8938,0.0024,0.0025,2966.31,-1.2528768000000001
BTC-USDT,HVOL,"{'min_adx': 30, 'vol_thresh': 2.0, 'max_ext': 0.03, 'adx_exit': 25, 'allowed_hours': [], 'risk_pct': 0.01, 'max_hold_bars': 120, 'use_trail': False, 'tp_atr_mult': 2.5}",17,0.1765,-33.6942,0.094,-1.982,0.2591,-15.8938,0.0024,0.0025,2966.31,-1.2528768000000001
UNI-USDT,HVOL,"{'min_adx': 25, 'vol_thresh': 1.5, 'max_ext': 0.01, 'adx_exit': 20, 'allowed_hours': [], 'risk_pct': 0.01, 'max_hold_bars': 120, 'use_trail': False, 'tp_atr_mult': 2.5}",16,0.125,-59.6976,0.1677,-3.7311,0.2658,-13.7686,0.004,0.0059,2940.3,-1.2530404000000002
UNI-USDT,HVOL,"{'min_adx': 25, 'vol_thresh': 1.5, 'max_ext': 0.02, 'adx_exit': 20, 'allowed_hours': [], 'risk_pct': 0.01, 'max_hold_bars': 120, 'use_trail': False, 'tp_atr_mult': 2.5}",16,0.125,-59.6976,0.1677,-3.7311,0.2658,-13.7686,0.004,0.0059,2940.3,-1.2530404000000002
UNI-USDT,HVOL,"{'min_adx': 25, 'vol_thresh': 1.5, 'max_ext': 0.03, 'adx_exit': 20, 'allowed_hours': [], 'risk_pct': 0.01, 'max_hold_bars': 120, 'use_trail': False, 'tp_atr_mult': 2.5}",16,0.125,-59.6976,0.1677,-3.7311,0.2658,-13.7686,0.004,0.0059,2940.3,-1.2530404000000002
HYPE-USDT,HVOL,"{'min_adx': 30, 'vol_thresh': 1.5, 'max_ext': 0.02, 'adx_exit': 15, 'allowed_hours': [], 'risk_pct': 0.01, 'max_hold_bars': 120, 'use_trail': False, 'tp_atr_mult': 2.5}",19,0.1579,-49.6733,0.1391,-2.6144,0.2633,-13.759,0.0041,0.0046,2950.33,-1.2533432000000002
HYPE-USDT,HVOL,"{'min_adx': 30, 'vol_thresh': 1.5, 'max_ext': 0.01, 'adx_exit': 15, 'allowed_hours': [], 'risk_pct': 0.01, 'max_hold_bars': 120, 'use_trail': False, 'tp_atr_mult': 2.5}",19,0.1579,-49.6733,0.1391,-2.6144,0.2633,-13.759,0.0041,0.0046,2950.33,-1.2533432000000002
HYPE-USDT,HVOL,"{'min_adx': 30, 'vol_thresh': 1.5, 'max_ext': 0.01, 'adx_exit': 20, 'allowed_hours': [], 'risk_pct': 0.01, 'max_hold_bars': 120, 'use_trail': False, 'tp_atr_mult': 2.5}",19,0.1579,-49.6733,0.1391,-2.6144,0.2633,-13.759,0.0041,0.0046,2950.33,-1.2533432000000002
HYPE-USDT,HVOL,"{'min_adx': 30, 'vol_thresh': 1.5, 'max_ext': 0.02, 'adx_exit': 20, 'allowed_hours': [], 'risk_pct': 0.01, 'max_hold_bars': 120, 'use_trail': False, 'tp_atr_mult': 2.5}",19,0.1579,-49.6733,0.1391,-2.6144,0.2633,-13.759,0.0041,0.0046,2950.33,-1.2533432000000002
HYPE-USDT,HVOL,"{'min_adx': 30, 'vol_thresh': 1.5, 'max_ext': 0.03, 'adx_exit': 15, 'allowed_hours': [], 'risk_pct': 0.01, 'max_hold_bars': 120, 'use_trail': False, 'tp_atr_mult': 2.5}",19,0.1579,-49.6733,0.1391,-2.6144,0.2633,-13.759,0.0041,0.0046,2950.33,-1.2533432000000002
HYPE-USDT,HVOL,"{'min_adx': 30, 'vol_thresh': 1.5, 'max_ext': 0.03, 'adx_exit': 20, 'allowed_hours': [], 'risk_pct': 0.01, 'max_hold_bars': 120, 'use_trail': False, 'tp_atr_mult': 2.5}",19,0.1579,-49.6733,0.1391,-2.6144,0.2633,-13.759,0.0041,0.0046,2950.33,-1.2533432000000002
DOGE-USDT,HVOL,"{'min_adx': 20, 'vol_thresh': 1.3, 'max_ext': 0.02, 'adx_exit': 20, 'allowed_hours': [], 'risk_pct': 0.01, 'max_hold_bars': 120, 'use_trail': False, 'tp_atr_mult': 2.5}",27,0.1852,-61.4709,0.1718,-2.2767,0.2653,-13.3191,0.0038,0.0031,2938.53,-1.2534835999999998
DOGE-USDT,HVOL,"{'min_adx': 20, 'vol_thresh': 1.3, 'max_ext': 0.03, 'adx_exit': 20, 'allowed_hours': [], 'risk_pct': 0.01, 'max_hold_bars': 120, 'use_trail': False, 'tp_atr_mult': 2.5}",27,0.1852,-61.4709,0.1718,-2.2767,0.2653,-13.3191,0.0038,0.0031,2938.53,-1.2534835999999998
DOGE-USDT,HVOL,"{'min_adx': 20, 'vol_thresh': 1.3, 'max_ext': 0.01, 'adx_exit': 20, 'allowed_hours': [], 'risk_pct': 0.01, 'max_hold_bars': 120, 'use_trail': False, 'tp_atr_mult': 2.5}",27,0.1852,-61.4709,0.1718,-2.2767,0.2653,-13.3191,0.0038,0.0031,2938.53,-1.2534835999999998
SUI-USDT,HVOL,"{'min_adx': 25, 'vol_thresh': 1.3, 'max_ext': 0.01, 'adx_exit': 20, 'allowed_hours': [], 'risk_pct': 0.01, 'max_hold_bars': 120, 'use_trail': False, 'tp_atr_mult': 2.5}",19,0.2105,-81.6168,0.2295,-4.2956,0.2713,-10.1805,0.01,0.008,2918.38,-1.2535172
SUI-USDT,HVOL,"{'min_adx': 25, 'vol_thresh': 1.3, 'max_ext': 0.02, 'adx_exit': 20, 'allowed_hours': [], 'risk_pct': 0.01, 'max_hold_bars': 120, 'use_trail': False, 'tp_atr_mult': 2.5}",19,0.2105,-81.6168,0.2295,-4.2956,0.2713,-10.1805,0.01,0.008,2918.38,-1.2535172
SUI-USDT,HVOL,"{'min_adx': 25, 'vol_thresh': 1.3, 'max_ext': 0.03, 'adx_exit': 20, 'allowed_hours': [], 'risk_pct': 0.01, 'max_hold_bars': 120, 'use_trail': False, 'tp_atr_mult': 2.5}",19,0.2105,-81.6168,0.2295,-4.2956,0.2713,-10.1805,0.01,0.008,2918.38,-1.2535172
BTC-USDT,HVOL,"{'min_adx': 30, 'vol_thresh': 2.0, 'max_ext': 0.03, 'adx_exit': 15, 'allowed_hours': [], 'risk_pct': 0.01, 'max_hold_bars': 120, 'use_trail': False, 'tp_atr_mult': 2.5}",17,0.1765,-33.8975,0.0935,-1.994,0.2591,-15.9221,0.0024,0.0025,2966.1,-1.2544400000000002
BTC-USDT,HVOL,"{'min_adx': 30, 'vol_thresh': 2.0, 'max_ext': 0.02, 'adx_exit': 15, 'allowed_hours': [], 'risk_pct': 0.01, 'max_hold_bars': 120, 'use_trail': False, 'tp_atr_mult': 2.5}",17,0.1765,-33.8975,0.0935,-1.994,0.2591,-15.9221,0.0024,0.0025,2966.1,-1.2544400000000002
BTC-USDT,HVOL,"{'min_adx': 30, 'vol_thresh': 2.0, 'max_ext': 0.01, 'adx_exit': 15, 'allowed_hours': [], 'risk_pct': 0.01, 'max_hold_bars': 120, 'use_trail': False, 'tp_atr_mult': 2.5}",17,0.1765,-33.8975,0.0935,-1.994,0.2591,-15.9221,0.0024,0.0025,2966.1,-1.2544400000000002
BTC-USDT,HVOL,"{'min_adx': 30, 'vol_thresh': 2.0, 'max_ext': 0.01, 'adx_exit': 20, 'allowed_hours': [], 'risk_pct': 0.01, 'max_hold_bars': 120, 'use_trail': False, 'tp_atr_mult': 2.5}",17,0.1765,-33.8975,0.0935,-1.994,0.2591,-15.9221,0.0024,0.0025,2966.1,-1.2544400000000002
BTC-USDT,HVOL,"{'min_adx': 30, 'vol_thresh': 2.0, 'max_ext': 0.03, 'adx_exit': 20, 'allowed_hours': [], 'risk_pct': 0.01, 'max_hold_bars': 120, 'use_trail': False, 'tp_atr_mult': 2.5}",17,0.1765,-33.8975,0.0935,-1.994,0.2591,-15.9221,0.0024,0.0025,2966.1,-1.2544400000000002
BTC-USDT,HVOL,"{'min_adx': 30, 'vol_thresh': 2.0, 'max_ext': 0.02, 'adx_exit': 20, 'allowed_hours': [], 'risk_pct': 0.01, 'max_hold_bars': 120, 'use_trail': False, 'tp_atr_mult': 2.5}",17,0.1765,-33.8975,0.0935,-1.994,0.2591,-15.9221,0.0024,0.0025,2966.1,-1.2544400000000002
PEPE-USDT,HVOL,"{'min_adx': 20, 'vol_thresh': 2.0, 'max_ext': 0.03, 'adx_exit': 15, 'allowed_hours': [], 'risk_pct': 0.01, 'max_hold_bars': 120, 'use_trail': False, 'tp_atr_mult': 2.5}",15,0.2,-70.8436,0.1998,-4.7229,0.2711,-9.1928,0.0066,0.0057,2929.16,-1.2547744
PEPE-USDT,HVOL,"{'min_adx': 20, 'vol_thresh': 2.0, 'max_ext': 0.01, 'adx_exit': 15, 'allowed_hours': [], 'risk_pct': 0.01, 'max_hold_bars': 120, 'use_trail': False, 'tp_atr_mult': 2.5}",15,0.2,-70.8436,0.1998,-4.7229,0.2711,-9.1928,0.0066,0.0057,2929.16,-1.2547744
PEPE-USDT,HVOL,"{'min_adx': 20, 'vol_thresh': 2.0, 'max_ext': 0.02, 'adx_exit': 15, 'allowed_hours': [], 'risk_pct': 0.01, 'max_hold_bars': 120, 'use_trail': False, 'tp_atr_mult': 2.5}",15,0.2,-70.8436,0.1998,-4.7229,0.2711,-9.1928,0.0066,0.0057,2929.16,-1.2547744
LIT-USDT,HVOL,"{'min_adx': 30, 'vol_thresh': 1.3, 'max_ext': 0.01, 'adx_exit': 20, 'allowed_hours': [], 'risk_pct': 0.01, 'max_hold_bars': 120, 'use_trail': False, 'tp_atr_mult': 2.5}",14,0.2857,-173.1017,0.4834,-12.3644,0.3079,-4.9509,0.057,0.0449,2826.9,-1.2555668000000004
ONDO-USDT,HVOL,"{'min_adx': 20, 'vol_thresh': 1.5, 'max_ext': 0.03, 'adx_exit': 20, 'allowed_hours': [], 'risk_pct': 0.01, 'max_hold_bars': 120, 'use_trail': False, 'tp_atr_mult': 2.5}",30,0.1,-98.8549,0.2793,-3.2952,0.2792,-7.9943,0.0085,0.006,2901.15,-1.2556696
ONDO-USDT,HVOL,"{'min_adx': 20, 'vol_thresh': 1.5, 'max_ext': 0.02, 'adx_exit': 20, 'allowed_hours': [], 'risk_pct': 0.01, 'max_hold_bars': 120, 'use_trail': False, 'tp_atr_mult': 2.5}",30,0.1,-98.8549,0.2793,-3.2952,0.2792,-7.9943,0.0085,0.006,2901.15,-1.2556696
SUI-USDT,HVOL,"{'min_adx': 25, 'vol_thresh': 1.3, 'max_ext': 0.02, 'adx_exit': 25, 'allowed_hours': [], 'risk_pct': 0.01, 'max_hold_bars': 120, 'use_trail': False, 'tp_atr_mult': 2.5}",20,0.25,-82.9236,0.2317,-4.1462,0.2717,-10.0176,0.0094,0.0075,2917.08,-1.2558444
SUI-USDT,HVOL,"{'min_adx': 25, 'vol_thresh': 1.3, 'max_ext': 0.03, 'adx_exit': 25, 'allowed_hours': [], 'risk_pct': 0.01, 'max_hold_bars': 120, 'use_trail': False, 'tp_atr_mult': 2.5}",20,0.25,-82.9236,0.2317,-4.1462,0.2717,-10.0176,0.0094,0.0075,2917.08,-1.2558444
SUI-USDT,HVOL,"{'min_adx': 25, 'vol_thresh': 1.3, 'max_ext': 0.01, 'adx_exit': 25, 'allowed_hours': [], 'risk_pct': 0.01, 'max_hold_bars': 120, 'use_trail': False, 'tp_atr_mult': 2.5}",20,0.25,-82.9236,0.2317,-4.1462,0.2717,-10.0176,0.0094,0.0075,2917.08,-1.2558444
WLD-USDT,HVOL,"{'min_adx': 30, 'vol_thresh': 1.3, 'max_ext': 0.01, 'adx_exit': 15, 'allowed_hours': [], 'risk_pct': 0.01, 'max_hold_bars': 120, 'use_trail': False, 'tp_atr_mult': 2.5}",17,0.1765,-80.6091,0.2238,-4.7417,0.2701,-10.7166,0.0052,0.0079,2919.39,-1.2568364
HYPE-USDT,VSMO,"{'rsi_lo': 45, 'rsi_hi': 80, 'vol_thresh': 1.5, 'stop_atr_mult': 2.0, 'allowed_hours': [], 'tp_atr_mult': 3.0, 'risk_pct': 0.01, 'max_hold_bars': 144, 'use_trail': True, 'trail_ema': 21}",5,0.2,-8.4532,0.0192,-1.6906,0.252,-24.2548,0.0016,0.0027,2991.55,-1.2570127999999996
HYPE-USDT,VSMO,"{'rsi_lo': 45, 'rsi_hi': 80, 'vol_thresh': 1.5, 'stop_atr_mult': 1.5, 'allowed_hours': [], 'tp_atr_mult': 3.0, 'risk_pct': 0.01, 'max_hold_bars': 144, 'use_trail': True, 'trail_ema': 21}",5,0.2,-8.4532,0.0192,-1.6906,0.252,-24.2548,0.0016,0.0027,2991.55,-1.2570127999999996
HYPE-USDT,VSMO,"{'rsi_lo': 45, 'rsi_hi': 80, 'vol_thresh': 1.5, 'stop_atr_mult': 1.0, 'allowed_hours': [], 'tp_atr_mult': 3.0, 'risk_pct': 0.01, 'max_hold_bars': 144, 'use_trail': True, 'trail_ema': 21}",5,0.2,-8.4532,0.0192,-1.6906,0.252,-24.2548,0.0016,0.0027,2991.55,-1.2570127999999996
FIL-USDT,HVOL,"{'min_adx': 20, 'vol_thresh': 1.5, 'max_ext': 0.03, 'adx_exit': 15, 'allowed_hours': [], 'risk_pct': 0.01, 'max_hold_bars': 120, 'use_trail': False, 'tp_atr_mult': 2.5}",24,0.2917,-101.6201,0.2832,-4.2342,0.2755,-6.2563,0.0113,0.0067,2898.38,-1.2571804000000002
FIL-USDT,HVOL,"{'min_adx': 20, 'vol_thresh': 1.5, 'max_ext': 0.02, 'adx_exit': 15, 'allowed_hours': [], 'risk_pct': 0.01, 'max_hold_bars': 120, 'use_trail': False, 'tp_atr_mult': 2.5}",24,0.2917,-101.6201,0.2832,-4.2342,0.2755,-6.2563,0.0113,0.0067,2898.38,-1.2571804000000002
FIL-USDT,HVOL,"{'min_adx': 20, 'vol_thresh': 1.5, 'max_ext': 0.01, 'adx_exit': 15, 'allowed_hours': [], 'risk_pct': 0.01, 'max_hold_bars': 120, 'use_trail': False, 'tp_atr_mult': 2.5}",24,0.2917,-101.6201,0.2832,-4.2342,0.2755,-6.2563,0.0113,0.0067,2898.38,-1.2571804000000002
APT-USDT,HVOL,"{'min_adx': 20, 'vol_thresh': 1.3, 'max_ext': 0.01, 'adx_exit': 15, 'allowed_hours': [], 'risk_pct': 0.01, 'max_hold_bars': 120, 'use_trail': False, 'tp_atr_mult': 2.5}",18,0.3889,-160.2763,0.4594,-8.9042,0.3053,-5.309,0.0461,0.0319,2839.72,-1.2573052
ETH-USDT,EMASTACK,"{'max_pb': 0.01, 'vol_thresh': 1.5, 'rsi_lo': 50, 'rsi_hi': 78, 'rsi_exit': 85, 'min_adx': 25, 'allowed_hours': [], 'risk_pct': 0.01, 'max_hold_bars': 144, 'use_trail': True, 'trail_ema': 21, 'tp_atr_mult': 2.5, 'stop_extra': 0.002}",7,0.1429,-15.9802,0.0392,-2.2829,0.2539,-25.5683,0.0016,0.002,2984.02,-1.2590207999999996
ETH-USDT,EMASTACK,"{'max_pb': 0.005, 'vol_thresh': 1.5, 'rsi_lo': 50, 'rsi_hi': 78, 'rsi_exit': 85, 'min_adx': 25, 'allowed_hours': [], 'risk_pct': 0.01, 'max_hold_bars': 144, 'use_trail': True, 'trail_ema': 21, 'tp_atr_mult': 2.5, 'stop_extra': 0.002}",7,0.1429,-15.9802,0.0392,-2.2829,0.2539,-25.5683,0.0016,0.002,2984.02,-1.2590207999999996
ETH-USDT,EMASTACK,"{'max_pb': 0.015, 'vol_thresh': 1.5, 'rsi_lo': 50, 'rsi_hi': 78, 'rsi_exit': 85, 'min_adx': 25, 'allowed_hours': [], 'risk_pct': 0.01, 'max_hold_bars': 144, 'use_trail': True, 'trail_ema': 21, 'tp_atr_mult': 2.5, 'stop_extra': 0.002}",7,0.1429,-15.9802,0.0392,-2.2829,0.2539,-25.5683,0.0016,0.002,2984.02,-1.2590207999999996
WLD-USDT,VSMO,"{'rsi_lo': 45, 'rsi_hi': 80, 'vol_thresh': 1.5, 'stop_atr_mult': 1.5, 'allowed_hours': [8, 9, 10, 11, 14, 15, 16, 17, 18, 19, 20, 21], 'tp_atr_mult': 3.0, 'risk_pct': 0.01, 'max_hold_bars': 144, 'use_trail': True, 'trail_ema': 21}",5,0.2,-8.7438,0.0187,-1.7488,0.2526,-13.7541,0.0029,0.0022,2991.26,-1.2595252
WLD-USDT,VSMO,"{'rsi_lo': 45, 'rsi_hi': 80, 'vol_thresh': 1.5, 'stop_atr_mult': 2.0, 'allowed_hours': [8, 9, 10, 11, 14, 15, 16, 17, 18, 19, 20, 21], 'tp_atr_mult': 3.0, 'risk_pct': 0.01, 'max_hold_bars': 144, 'use_trail': True, 'trail_ema': 21}",5,0.2,-8.7438,0.0187,-1.7488,0.2526,-13.7541,0.0029,0.0022,2991.26,-1.2595252
WLD-USDT,VSMO,"{'rsi_lo': 45, 'rsi_hi': 80, 'vol_thresh': 1.5, 'stop_atr_mult': 1.0, 'allowed_hours': [8, 9, 10, 11, 14, 15, 16, 17, 18, 19, 20, 21], 'tp_atr_mult': 3.0, 'risk_pct': 0.01, 'max_hold_bars': 144, 'use_trail': True, 'trail_ema': 21}",5,0.2,-8.7438,0.0187,-1.7488,0.2526,-13.7541,0.0029,0.0022,2991.26,-1.2595252
UNI-USDT,HVOL,"{'min_adx': 20, 'vol_thresh': 1.5, 'max_ext': 0.01, 'adx_exit': 20, 'allowed_hours': [], 'risk_pct': 0.01, 'max_hold_bars': 120, 'use_trail': False, 'tp_atr_mult': 2.5}",17,0.1176,-60.6467,0.1655,-3.5675,0.2661,-13.4659,0.0041,0.0057,2939.35,-1.2604368
UNI-USDT,HVOL,"{'min_adx': 20, 'vol_thresh': 1.5, 'max_ext': 0.03, 'adx_exit': 20, 'allowed_hours': [], 'risk_pct': 0.01, 'max_hold_bars': 120, 'use_trail': False, 'tp_atr_mult': 2.5}",17,0.1176,-60.6467,0.1655,-3.5675,0.2661,-13.4659,0.0041,0.0057,2939.35,-1.2604368
UNI-USDT,HVOL,"{'min_adx': 20, 'vol_thresh': 1.5, 'max_ext': 0.02, 'adx_exit': 20, 'allowed_hours': [], 'risk_pct': 0.01, 'max_hold_bars': 120, 'use_trail': False, 'tp_atr_mult': 2.5}",17,0.1176,-60.6467,0.1655,-3.5675,0.2661,-13.4659,0.0041,0.0057,2939.35,-1.2604368
BTC-USDT,HVOL,"{'min_adx': 25, 'vol_thresh': 1.3, 'max_ext': 0.03, 'adx_exit': 15, 'allowed_hours': [], 'risk_pct': 0.01, 'max_hold_bars': 120, 'use_trail': False, 'tp_atr_mult': 2.5}",24,0.125,-48.5519,0.1308,-2.023,0.2628,-14.8509,0.0025,0.0023,2951.45,-1.2608076
BTC-USDT,HVOL,"{'min_adx': 25, 'vol_thresh': 1.3, 'max_ext': 0.02, 'adx_exit': 15, 'allowed_hours': [], 'risk_pct': 0.01, 'max_hold_bars': 120, 'use_trail': False, 'tp_atr_mult': 2.5}",24,0.125,-48.5519,0.1308,-2.023,0.2628,-14.8509,0.0025,0.0023,2951.45,-1.2608076
BTC-USDT,HVOL,"{'min_adx': 25, 'vol_thresh': 1.3, 'max_ext': 0.03, 'adx_exit': 20, 'allowed_hours': [], 'risk_pct': 0.01, 'max_hold_bars': 120, 'use_trail': False, 'tp_atr_mult': 2.5}",24,0.125,-48.5519,0.1308,-2.023,0.2628,-14.8509,0.0025,0.0023,2951.45,-1.2608076
BTC-USDT,HVOL,"{'min_adx': 25, 'vol_thresh': 1.3, 'max_ext': 0.01, 'adx_exit': 15, 'allowed_hours': [], 'risk_pct': 0.01, 'max_hold_bars': 120, 'use_trail': False, 'tp_atr_mult': 2.5}",24,0.125,-48.5519,0.1308,-2.023,0.2628,-14.8509,0.0025,0.0023,2951.45,-1.2608076
BTC-USDT,HVOL,"{'min_adx': 25, 'vol_thresh': 1.3, 'max_ext': 0.02, 'adx_exit': 20, 'allowed_hours': [], 'risk_pct': 0.01, 'max_hold_bars': 120, 'use_trail': False, 'tp_atr_mult': 2.5}",24,0.125,-48.5519,0.1308,-2.023,0.2628,-14.8509,0.0025,0.0023,2951.45,-1.2608076
BTC-USDT,HVOL,"{'min_adx': 25, 'vol_thresh': 1.3, 'max_ext': 0.01, 'adx_exit': 20, 'allowed_hours': [], 'risk_pct': 0.01, 'max_hold_bars': 120, 'use_trail': False, 'tp_atr_mult': 2.5}",24,0.125,-48.5519,0.1308,-2.023,0.2628,-14.8509,0.0025,0.0023,2951.45,-1.2608076
DOT-USDT,MTALIGN,"{'pb_thresh': 0.008, 'vol_thresh': 1.1, 'allowed_hours': [8, 9, 10, 11, 14, 15, 16, 17, 18, 19, 20, 21], 'tp_atr_mult': 2.5, 'risk_pct': 0.01, 'max_hold_bars': 96, 'use_trail': True, 'trail_ema': 21, 'stop_extra': 0.002}",11,0.1818,-30.3937,0.0793,-2.7631,0.2585,-19.155,0.0022,0.0035,2969.61,-1.2611247999999997
HYPE-USDT,HVOL,"{'min_adx': 30, 'vol_thresh': 2.0, 'max_ext': 0.02, 'adx_exit': 25, 'allowed_hours': [], 'risk_pct': 0.01, 'max_hold_bars': 120, 'use_trail': False, 'tp_atr_mult': 2.5}",16,0.1875,-52.7036,0.1412,-3.294,0.2632,-13.6631,0.0027,0.0052,2947.3,-1.2622144
HYPE-USDT,HVOL,"{'min_adx': 30, 'vol_thresh': 2.0, 'max_ext': 0.03, 'adx_exit': 25, 'allowed_hours': [], 'risk_pct': 0.01, 'max_hold_bars': 120, 'use_trail': False, 'tp_atr_mult': 2.5}",16,0.1875,-52.7036,0.1412,-3.294,0.2632,-13.6631,0.0027,0.0052,2947.3,-1.2622144
HYPE-USDT,HVOL,"{'min_adx': 30, 'vol_thresh': 2.0, 'max_ext': 0.01, 'adx_exit': 25, 'allowed_hours': [], 'risk_pct': 0.01, 'max_hold_bars': 120, 'use_trail': False, 'tp_atr_mult': 2.5}",16,0.1875,-52.7036,0.1412,-3.294,0.2632,-13.6631,0.0027,0.0052,2947.3,-1.2622144
DOT-USDT,HVOL,"{'min_adx': 20, 'vol_thresh': 2.0, 'max_ext': 0.02, 'adx_exit': 25, 'allowed_hours': [], 'risk_pct': 0.01, 'max_hold_bars': 120, 'use_trail': False, 'tp_atr_mult': 2.5}",16,0.125,-69.2217,0.1863,-4.3264,0.2654,-11.4197,0.0095,0.0061,2930.78,-1.2628368
NEAR-USDT,HVOL,"{'min_adx': 20, 'vol_thresh': 1.3, 'max_ext': 0.01, 'adx_exit': 25, 'allowed_hours': [], 'risk_pct': 0.01, 'max_hold_bars': 120, 'use_trail': False, 'tp_atr_mult': 2.5}",30,0.2667,-128.85,0.3613,-4.295,0.291,-7.2169,0.0111,0.0098,2871.15,-1.26445
FIL-USDT,MTALIGN,"{'pb_thresh': 0.005, 'vol_thresh': 1.3, 'allowed_hours': [], 'tp_atr_mult': 2.5, 'risk_pct': 0.01, 'max_hold_bars': 96, 'use_trail': True, 'trail_ema': 21, 'stop_extra': 0.002}",13,0.0769,-32.6525,0.0828,-2.5117,0.2581,-23.1083,0.0022,0.0025,2967.35,-1.2645099999999996
AVAX-USDT,HVOL,"{'min_adx': 25, 'vol_thresh': 1.3, 'max_ext': 0.03, 'adx_exit': 25, 'allowed_hours': [], 'risk_pct': 0.01, 'max_hold_bars': 120, 'use_trail': False, 'tp_atr_mult': 2.5}",20,0.15,-65.4747,0.1766,-3.2737,0.2677,-11.4439,0.0049,0.0053,2934.53,-1.2646988000000001
AVAX-USDT,HVOL,"{'min_adx': 25, 'vol_thresh': 1.3, 'max_ext': 0.01, 'adx_exit': 25, 'allowed_hours': [], 'risk_pct': 0.01, 'max_hold_bars': 120, 'use_trail': False, 'tp_atr_mult': 2.5}",20,0.15,-65.4747,0.1766,-3.2737,0.2677,-11.4439,0.0049,0.0053,2934.53,-1.2646988000000001
AVAX-USDT,HVOL,"{'min_adx': 25, 'vol_thresh': 1.3, 'max_ext': 0.02, 'adx_exit': 25, 'allowed_hours': [], 'risk_pct': 0.01, 'max_hold_bars': 120, 'use_trail': False, 'tp_atr_mult': 2.5}",20,0.15,-65.4747,0.1766,-3.2737,0.2677,-11.4439,0.0049,0.0053,2934.53,-1.2646988000000001
XLM-USDT,HVOL,"{'min_adx': 30, 'vol_thresh': 2.0, 'max_ext': 0.03, 'adx_exit': 15, 'allowed_hours': [], 'risk_pct': 0.01, 'max_hold_bars': 120, 'use_trail': False, 'tp_atr_mult': 2.5}",20,0.15,-57.0793,0.1518,-2.854,0.2645,-14.5878,0.004,0.0037,2942.92,-1.2651172000000002
XLM-USDT,HVOL,"{'min_adx': 30, 'vol_thresh': 2.0, 'max_ext': 0.03, 'adx_exit': 20, 'allowed_hours': [], 'risk_pct': 0.01, 'max_hold_bars': 120, 'use_trail': False, 'tp_atr_mult': 2.5}",20,0.15,-57.0793,0.1518,-2.854,0.2645,-14.5878,0.004,0.0037,2942.92,-1.2651172000000002
XLM-USDT,HVOL,"{'min_adx': 30, 'vol_thresh': 2.0, 'max_ext': 0.02, 'adx_exit': 20, 'allowed_hours': [], 'risk_pct': 0.01, 'max_hold_bars': 120, 'use_trail': False, 'tp_atr_mult': 2.5}",20,0.15,-57.0793,0.1518,-2.854,0.2645,-14.5878,0.004,0.0037,2942.92,-1.2651172000000002
XLM-USDT,HVOL,"{'min_adx': 30, 'vol_thresh': 2.0, 'max_ext': 0.02, 'adx_exit': 15, 'allowed_hours': [], 'risk_pct': 0.01, 'max_hold_bars': 120, 'use_trail': False, 'tp_atr_mult': 2.5}",20,0.15,-57.0793,0.1518,-2.854,0.2645,-14.5878,0.004,0.0037,2942.92,-1.2651172000000002
XLM-USDT,HVOL,"{'min_adx': 30, 'vol_thresh': 2.0, 'max_ext': 0.01, 'adx_exit': 20, 'allowed_hours': [], 'risk_pct': 0.01, 'max_hold_bars': 120, 'use_trail': False, 'tp_atr_mult': 2.5}",20,0.15,-57.0793,0.1518,-2.854,0.2645,-14.5878,0.004,0.0037,2942.92,-1.2651172000000002
XLM-USDT,HVOL,"{'min_adx': 30, 'vol_thresh': 2.0, 'max_ext': 0.01, 'adx_exit': 15, 'allowed_hours': [], 'risk_pct': 0.01, 'max_hold_bars': 120, 'use_trail': False, 'tp_atr_mult': 2.5}",20,0.15,-57.0793,0.1518,-2.854,0.2645,-14.5878,0.004,0.0037,2942.92,-1.2651172000000002
LIT-USDT,MTALIGN,"{'pb_thresh': 0.008, 'vol_thresh': 1.1, 'allowed_hours': [], 'tp_atr_mult': 2.5, 'risk_pct': 0.01, 'max_hold_bars': 96, 'use_trail': True, 'trail_ema': 21, 'stop_extra': 0.002}",8,0.25,-30.2133,0.0755,-3.7767,0.2629,-18.6778,0.0062,0.0161,2969.79,-1.2705032000000003
XLM-USDT,HVOL,"{'min_adx': 25, 'vol_thresh': 2.0, 'max_ext': 0.02, 'adx_exit': 25, 'allowed_hours': [], 'risk_pct': 0.01, 'max_hold_bars': 120, 'use_trail': False, 'tp_atr_mult': 2.5}",21,0.1429,-57.8616,0.1501,-2.7553,0.2647,-14.9907,0.004,0.0036,2942.14,-1.2709964
XLM-USDT,HVOL,"{'min_adx': 25, 'vol_thresh': 2.0, 'max_ext': 0.01, 'adx_exit': 25, 'allowed_hours': [], 'risk_pct': 0.01, 'max_hold_bars': 120, 'use_trail': False, 'tp_atr_mult': 2.5}",21,0.1429,-57.8616,0.1501,-2.7553,0.2647,-14.9907,0.004,0.0036,2942.14,-1.2709964
XLM-USDT,HVOL,"{'min_adx': 25, 'vol_thresh': 2.0, 'max_ext': 0.03, 'adx_exit': 25, 'allowed_hours': [], 'risk_pct': 0.01, 'max_hold_bars': 120, 'use_trail': False, 'tp_atr_mult': 2.5}",21,0.1429,-57.8616,0.1501,-2.7553,0.2647,-14.9907,0.004,0.0036,2942.14,-1.2709964
LIT-USDT,MTALIGN,"{'pb_thresh': 0.008, 'vol_thresh': 1.1, 'allowed_hours': [8, 9, 10, 11, 14, 15, 16, 17, 18, 19, 20, 21], 'tp_atr_mult': 2.5, 'risk_pct': 0.01, 'max_hold_bars': 96, 'use_trail': True, 'trail_ema': 21, 'stop_extra': 0.002}",5,0.2,-24.1392,0.0574,-4.8278,0.2614,-23.8155,0.0026,0.0191,2975.86,-1.2718568000000001
ONDO-USDT,VSMO,"{'rsi_lo': 40, 'rsi_hi': 75, 'vol_thresh': 1.5, 'stop_atr_mult': 1.5, 'allowed_hours': [], 'tp_atr_mult': 3.0, 'risk_pct': 0.01, 'max_hold_bars': 144, 'use_trail': True, 'trail_ema': 21}",6,0.1667,-12.2927,0.0203,-2.0488,0.2546,-18.2249,0.0012,0.0034,2987.71,-1.2733208
ONDO-USDT,VSMO,"{'rsi_lo': 40, 'rsi_hi': 75, 'vol_thresh': 1.5, 'stop_atr_mult': 1.0, 'allowed_hours': [], 'tp_atr_mult': 3.0, 'risk_pct': 0.01, 'max_hold_bars': 144, 'use_trail': True, 'trail_ema': 21}",6,0.1667,-12.2927,0.0203,-2.0488,0.2546,-18.2249,0.0012,0.0034,2987.71,-1.2733208
ONDO-USDT,VSMO,"{'rsi_lo': 40, 'rsi_hi': 75, 'vol_thresh': 1.5, 'stop_atr_mult': 2.0, 'allowed_hours': [], 'tp_atr_mult': 3.0, 'risk_pct': 0.01, 'max_hold_bars': 144, 'use_trail': True, 'trail_ema': 21}",6,0.1667,-12.2927,0.0203,-2.0488,0.2546,-18.2249,0.0012,0.0034,2987.71,-1.2733208
NEAR-USDT,HVOL,"{'min_adx': 20, 'vol_thresh': 1.5, 'max_ext': 0.03, 'adx_exit': 20, 'allowed_hours': [], 'risk_pct': 0.01, 'max_hold_bars': 120, 'use_trail': False, 'tp_atr_mult': 2.5}",27,0.2593,-131.5886,0.3624,-4.8737,0.2907,-7.1492,0.0129,0.0102,2868.41,-1.2734544
NEAR-USDT,HVOL,"{'min_adx': 20, 'vol_thresh': 1.5, 'max_ext': 0.02, 'adx_exit': 20, 'allowed_hours': [], 'risk_pct': 0.01, 'max_hold_bars': 120, 'use_trail': False, 'tp_atr_mult': 2.5}",27,0.2593,-131.5886,0.3624,-4.8737,0.2907,-7.1492,0.0129,0.0102,2868.41,-1.2734544
ETH-USDT,EMASTACK,"{'max_pb': 0.015, 'vol_thresh': 1.2, 'rsi_lo': 45, 'rsi_hi': 73, 'rsi_exit': 80, 'min_adx': 20, 'allowed_hours': [], 'risk_pct': 0.01, 'max_hold_bars': 144, 'use_trail': True, 'trail_ema': 21, 'tp_atr_mult': 2.5, 'stop_extra': 0.002}",13,0.0769,-29.2098,0.0667,-2.2469,0.2574,-24.5406,0.001,0.0018,2970.79,-1.2741892
ETH-USDT,EMASTACK,"{'max_pb': 0.005, 'vol_thresh': 1.2, 'rsi_lo': 45, 'rsi_hi': 73, 'rsi_exit': 80, 'min_adx': 20, 'allowed_hours': [], 'risk_pct': 0.01, 'max_hold_bars': 144, 'use_trail': True, 'trail_ema': 21, 'tp_atr_mult': 2.5, 'stop_extra': 0.002}",13,0.0769,-29.2098,0.0667,-2.2469,0.2574,-24.5406,0.001,0.0018,2970.79,-1.2741892
ETH-USDT,EMASTACK,"{'max_pb': 0.01, 'vol_thresh': 1.2, 'rsi_lo': 45, 'rsi_hi': 73, 'rsi_exit': 80, 'min_adx': 20, 'allowed_hours': [], 'risk_pct': 0.01, 'max_hold_bars': 144, 'use_trail': True, 'trail_ema': 21, 'tp_atr_mult': 2.5, 'stop_extra': 0.002}",13,0.0769,-29.2098,0.0667,-2.2469,0.2574,-24.5406,0.001,0.0018,2970.79,-1.2741892
UNI-USDT,HVOL,"{'min_adx': 30, 'vol_thresh': 1.3, 'max_ext': 0.01, 'adx_exit': 15, 'allowed_hours': [], 'risk_pct': 0.01, 'max_hold_bars': 120, 'use_trail': False, 'tp_atr_mult': 2.5}",13,0.1538,-62.2626,0.1621,-4.7894,0.2684,-14.1726,0.004,0.0094,2937.74,-1.2743003999999996
UNI-USDT,HVOL,"{'min_adx': 30, 'vol_thresh': 1.3, 'max_ext': 0.02, 'adx_exit': 15, 'allowed_hours': [], 'risk_pct': 0.01, 'max_hold_bars': 120, 'use_trail': False, 'tp_atr_mult': 2.5}",13,0.1538,-62.2626,0.1621,-4.7894,0.2684,-14.1726,0.004,0.0094,2937.74,-1.2743003999999996
UNI-USDT,HVOL,"{'min_adx': 30, 'vol_thresh': 1.3, 'max_ext': 0.03, 'adx_exit': 15, 'allowed_hours': [], 'risk_pct': 0.01, 'max_hold_bars': 120, 'use_trail': False, 'tp_atr_mult': 2.5}",13,0.1538,-62.2626,0.1621,-4.7894,0.2684,-14.1726,0.004,0.0094,2937.74,-1.2743003999999996
APT-USDT,HVOL,"{'min_adx': 30, 'vol_thresh': 1.3, 'max_ext': 0.01, 'adx_exit': 25, 'allowed_hours': [], 'risk_pct': 0.01, 'max_hold_bars': 120, 'use_trail': False, 'tp_atr_mult': 2.5}",15,0.4,-128.8345,0.3595,-8.589,0.2986,-6.1179,0.0419,0.0284,2871.17,-1.274688
XLM-USDT,VSMO,"{'rsi_lo': 40, 'rsi_hi': 75, 'vol_thresh': 1.5, 'stop_atr_mult': 1.5, 'allowed_hours': [], 'tp_atr_mult': 3.0, 'risk_pct': 0.01, 'max_hold_bars': 144, 'use_trail': True, 'trail_ema': 21}",5,0.0,-5.9157,0.0,-1.1831,0.2512,-49.4795,0.0005,0.0012,2994.08,-1.2748627999999997
XLM-USDT,VSMO,"{'rsi_lo': 40, 'rsi_hi': 75, 'vol_thresh': 1.5, 'stop_atr_mult': 1.0, 'allowed_hours': [], 'tp_atr_mult': 3.0, 'risk_pct': 0.01, 'max_hold_bars': 144, 'use_trail': True, 'trail_ema': 21}",5,0.0,-5.9157,0.0,-1.1831,0.2512,-49.4795,0.0005,0.0012,2994.08,-1.2748627999999997
XLM-USDT,VSMO,"{'rsi_lo': 40, 'rsi_hi': 75, 'vol_thresh': 1.5, 'stop_atr_mult': 2.0, 'allowed_hours': [], 'tp_atr_mult': 3.0, 'risk_pct': 0.01, 'max_hold_bars': 144, 'use_trail': True, 'trail_ema': 21}",5,0.0,-5.9157,0.0,-1.1831,0.2512,-49.4795,0.0005,0.0012,2994.08,-1.2748627999999997
UNI-USDT,HVOL,"{'min_adx': 20, 'vol_thresh': 2.0, 'max_ext': 0.03, 'adx_exit': 15, 'allowed_hours': [], 'risk_pct': 0.01, 'max_hold_bars': 120, 'use_trail': False, 'tp_atr_mult': 2.5}",12,0.1667,-46.8629,0.119,-3.9052,0.2663,-15.5988,0.0052,0.0088,2953.14,-1.2752516
UNI-USDT,HVOL,"{'min_adx': 20, 'vol_thresh': 2.0, 'max_ext': 0.02, 'adx_exit': 15, 'allowed_hours': [], 'risk_pct': 0.01, 'max_hold_bars': 120, 'use_trail': False, 'tp_atr_mult': 2.5}",12,0.1667,-46.8629,0.119,-3.9052,0.2663,-15.5988,0.0052,0.0088,2953.14,-1.2752516
UNI-USDT,HVOL,"{'min_adx': 20, 'vol_thresh': 2.0, 'max_ext': 0.01, 'adx_exit': 15, 'allowed_hours': [], 'risk_pct': 0.01, 'max_hold_bars': 120, 'use_trail': False, 'tp_atr_mult': 2.5}",12,0.1667,-46.8629,0.119,-3.9052,0.2663,-15.5988,0.0052,0.0088,2953.14,-1.2752516
LINK-USDT,VSMO,"{'rsi_lo': 40, 'rsi_hi': 75, 'vol_thresh': 1.5, 'stop_atr_mult': 1.0, 'allowed_hours': [], 'tp_atr_mult': 3.0, 'risk_pct': 0.01, 'max_hold_bars': 144, 'use_trail': True, 'trail_ema': 21}",7,0.0,-5.9789,0.0,-0.8541,0.2514,-27.5806,0.0006,0.001,2994.02,-1.2753156
LINK-USDT,VSMO,"{'rsi_lo': 40, 'rsi_hi': 75, 'vol_thresh': 1.5, 'stop_atr_mult': 1.5, 'allowed_hours': [], 'tp_atr_mult': 3.0, 'risk_pct': 0.01, 'max_hold_bars': 144, 'use_trail': True, 'trail_ema': 21}",7,0.0,-5.9789,0.0,-0.8541,0.2514,-27.5806,0.0006,0.001,2994.02,-1.2753156
LINK-USDT,VSMO,"{'rsi_lo': 40, 'rsi_hi': 75, 'vol_thresh': 1.5, 'stop_atr_mult': 2.0, 'allowed_hours': [], 'tp_atr_mult': 3.0, 'risk_pct': 0.01, 'max_hold_bars': 144, 'use_trail': True, 'trail_ema': 21}",7,0.0,-5.9789,0.0,-0.8541,0.2514,-27.5806,0.0006,0.001,2994.02,-1.2753156
UNI-USDT,HVOL,"{'min_adx': 25, 'vol_thresh': 2.0, 'max_ext': 0.01, 'adx_exit': 20, 'allowed_hours': [], 'risk_pct': 0.01, 'max_hold_bars': 120, 'use_trail': False, 'tp_atr_mult': 2.5}",12,0.1667,-47.3776,0.1178,-3.9481,0.2627,-15.7135,0.0046,0.0058,2952.62,-1.2755104
UNI-USDT,HVOL,"{'min_adx': 25, 'vol_thresh': 2.0, 'max_ext': 0.03, 'adx_exit': 20, 'allowed_hours': [], 'risk_pct': 0.01, 'max_hold_bars': 120, 'use_trail': False, 'tp_atr_mult': 2.5}",12,0.1667,-47.3776,0.1178,-3.9481,0.2627,-15.7135,0.0046,0.0058,2952.62,-1.2755104
UNI-USDT,HVOL,"{'min_adx': 25, 'vol_thresh': 2.0, 'max_ext': 0.03, 'adx_exit': 25, 'allowed_hours': [], 'risk_pct': 0.01, 'max_hold_bars': 120, 'use_trail': False, 'tp_atr_mult': 2.5}",12,0.1667,-47.3776,0.1178,-3.9481,0.2627,-15.7135,0.0046,0.0058,2952.62,-1.2755104
UNI-USDT,HVOL,"{'min_adx': 25, 'vol_thresh': 2.0, 'max_ext': 0.02, 'adx_exit': 20, 'allowed_hours': [], 'risk_pct': 0.01, 'max_hold_bars': 120, 'use_trail': False, 'tp_atr_mult': 2.5}",12,0.1667,-47.3776,0.1178,-3.9481,0.2627,-15.7135,0.0046,0.0058,2952.62,-1.2755104
UNI-USDT,HVOL,"{'min_adx': 25, 'vol_thresh': 2.0, 'max_ext': 0.02, 'adx_exit': 25, 'allowed_hours': [], 'risk_pct': 0.01, 'max_hold_bars': 120, 'use_trail': False, 'tp_atr_mult': 2.5}",12,0.1667,-47.3776,0.1178,-3.9481,0.2627,-15.7135,0.0046,0.0058,2952.62,-1.2755104
UNI-USDT,HVOL,"{'min_adx': 25, 'vol_thresh': 2.0, 'max_ext': 0.01, 'adx_exit': 25, 'allowed_hours': [], 'risk_pct': 0.01, 'max_hold_bars': 120, 'use_trail': False, 'tp_atr_mult': 2.5}",12,0.1667,-47.3776,0.1178,-3.9481,0.2627,-15.7135,0.0046,0.0058,2952.62,-1.2755104
HYPE-USDT,HVOL,"{'min_adx': 25, 'vol_thresh': 2.0, 'max_ext': 0.02, 'adx_exit': 25, 'allowed_hours': [], 'risk_pct': 0.01, 'max_hold_bars': 120, 'use_trail': False, 'tp_atr_mult': 2.5}",18,0.2222,-58.2874,0.1481,-3.2382,0.2646,-13.39,0.0027,0.0052,2941.71,-1.2755995999999996
HYPE-USDT,HVOL,"{'min_adx': 25, 'vol_thresh': 2.0, 'max_ext': 0.03, 'adx_exit': 25, 'allowed_hours': [], 'risk_pct': 0.01, 'max_hold_bars': 120, 'use_trail': False, 'tp_atr_mult': 2.5}",18,0.2222,-58.2874,0.1481,-3.2382,0.2646,-13.39,0.0027,0.0052,2941.71,-1.2755995999999996
HYPE-USDT,HVOL,"{'min_adx': 25, 'vol_thresh': 2.0, 'max_ext': 0.01, 'adx_exit': 25, 'allowed_hours': [], 'risk_pct': 0.01, 'max_hold_bars': 120, 'use_trail': False, 'tp_atr_mult': 2.5}",18,0.2222,-58.2874,0.1481,-3.2382,0.2646,-13.39,0.0027,0.0052,2941.71,-1.2755995999999996
SUI-USDT,HVOL,"{'min_adx': 25, 'vol_thresh': 1.3, 'max_ext': 0.02, 'adx_exit': 15, 'allowed_hours': [], 'risk_pct': 0.01, 'max_hold_bars': 120, 'use_trail': False, 'tp_atr_mult': 2.5}",19,0.2105,-84.6606,0.223,-4.4558,0.2721,-10.4969,0.01,0.008,2915.34,-1.2762424
SUI-USDT,HVOL,"{'min_adx': 25, 'vol_thresh': 1.3, 'max_ext': 0.01, 'adx_exit': 15, 'allowed_hours': [], 'risk_pct': 0.01, 'max_hold_bars': 120, 'use_trail': False, 'tp_atr_mult': 2.5}",19,0.2105,-84.6606,0.223,-4.4558,0.2721,-10.4969,0.01,0.008,2915.34,-1.2762424
SUI-USDT,HVOL,"{'min_adx': 25, 'vol_thresh': 1.3, 'max_ext': 0.03, 'adx_exit': 15, 'allowed_hours': [], 'risk_pct': 0.01, 'max_hold_bars': 120, 'use_trail': False, 'tp_atr_mult': 2.5}",19,0.2105,-84.6606,0.223,-4.4558,0.2721,-10.4969,0.01,0.008,2915.34,-1.2762424
UNI-USDT,HVOL,"{'min_adx': 20, 'vol_thresh': 1.5, 'max_ext': 0.01, 'adx_exit': 25, 'allowed_hours': [], 'risk_pct': 0.01, 'max_hold_bars': 120, 'use_trail': False, 'tp_atr_mult': 2.5}",18,0.1111,-62.7986,0.1606,-3.4888,0.2666,-14.1883,0.0038,0.0056,2937.2,-1.2768944000000002
UNI-USDT,HVOL,"{'min_adx': 20, 'vol_thresh': 1.5, 'max_ext': 0.03, 'adx_exit': 25, 'allowed_hours': [], 'risk_pct': 0.01, 'max_hold_bars': 120, 'use_trail': False, 'tp_atr_mult': 2.5}",18,0.1111,-62.7986,0.1606,-3.4888,0.2666,-14.1883,0.0038,0.0056,2937.2,-1.2768944000000002
UNI-USDT,HVOL,"{'min_adx': 20, 'vol_thresh': 1.5, 'max_ext': 0.02, 'adx_exit': 25, 'allowed_hours': [], 'risk_pct': 0.01, 'max_hold_bars': 120, 'use_trail': False, 'tp_atr_mult': 2.5}",18,0.1111,-62.7986,0.1606,-3.4888,0.2666,-14.1883,0.0038,0.0056,2937.2,-1.2768944000000002
DOGE-USDT,HVOL,"{'min_adx': 25, 'vol_thresh': 1.5, 'max_ext': 0.02, 'adx_exit': 15, 'allowed_hours': [], 'risk_pct': 0.01, 'max_hold_bars': 120, 'use_trail': False, 'tp_atr_mult': 2.5}",24,0.2083,-63.3157,0.16,-2.6382,0.2658,-13.0008,0.0034,0.0036,2936.68,-1.2790628000000002
DOGE-USDT,HVOL,"{'min_adx': 25, 'vol_thresh': 1.5, 'max_ext': 0.01, 'adx_exit': 15, 'allowed_hours': [], 'risk_pct': 0.01, 'max_hold_bars': 120, 'use_trail': False, 'tp_atr_mult': 2.5}",24,0.2083,-63.3157,0.16,-2.6382,0.2658,-13.0008,0.0034,0.0036,2936.68,-1.2790628000000002
DOGE-USDT,HVOL,"{'min_adx': 25, 'vol_thresh': 1.5, 'max_ext': 0.03, 'adx_exit': 15, 'allowed_hours': [], 'risk_pct': 0.01, 'max_hold_bars': 120, 'use_trail': False, 'tp_atr_mult': 2.5}",24,0.2083,-63.3157,0.16,-2.6382,0.2658,-13.0008,0.0034,0.0036,2936.68,-1.2790628000000002
ETH-USDT,EMASTACK,"{'max_pb': 0.005, 'vol_thresh': 1.2, 'rsi_lo': 50, 'rsi_hi': 78, 'rsi_exit': 85, 'min_adx': 25, 'allowed_hours': [], 'risk_pct': 0.01, 'max_hold_bars': 144, 'use_trail': True, 'trail_ema': 21, 'tp_atr_mult': 2.5, 'stop_extra': 0.002}",8,0.125,-18.7552,0.0336,-2.3444,0.2548,-27.861,0.0014,0.002,2981.24,-1.2794208
ETH-USDT,EMASTACK,"{'max_pb': 0.01, 'vol_thresh': 1.2, 'rsi_lo': 50, 'rsi_hi': 78, 'rsi_exit': 85, 'min_adx': 25, 'allowed_hours': [], 'risk_pct': 0.01, 'max_hold_bars': 144, 'use_trail': True, 'trail_ema': 21, 'tp_atr_mult': 2.5, 'stop_extra': 0.002}",8,0.125,-18.7552,0.0336,-2.3444,0.2548,-27.861,0.0014,0.002,2981.24,-1.2794208
ETH-USDT,EMASTACK,"{'max_pb': 0.015, 'vol_thresh': 1.2, 'rsi_lo': 50, 'rsi_hi': 78, 'rsi_exit': 85, 'min_adx': 25, 'allowed_hours': [], 'risk_pct': 0.01, 'max_hold_bars': 144, 'use_trail': True, 'trail_ema': 21, 'tp_atr_mult': 2.5, 'stop_extra': 0.002}",8,0.125,-18.7552,0.0336,-2.3444,0.2548,-27.861,0.0014,0.002,2981.24,-1.2794208
FIL-USDT,HVOL,"{'min_adx': 20, 'vol_thresh': 1.5, 'max_ext': 0.03, 'adx_exit': 25, 'allowed_hours': [], 'risk_pct': 0.01, 'max_hold_bars': 120, 'use_trail': False, 'tp_atr_mult': 2.5}",25,0.24,-104.4618,0.2761,-4.1785,0.2762,-6.3567,0.0105,0.0063,2895.54,-1.2798972
FIL-USDT,HVOL,"{'min_adx': 20, 'vol_thresh': 1.5, 'max_ext': 0.02, 'adx_exit': 25, 'allowed_hours': [], 'risk_pct': 0.01, 'max_hold_bars': 120, 'use_trail': False, 'tp_atr_mult': 2.5}",25,0.24,-104.4618,0.2761,-4.1785,0.2762,-6.3567,0.0105,0.0063,2895.54,-1.2798972
FIL-USDT,HVOL,"{'min_adx': 20, 'vol_thresh': 1.5, 'max_ext': 0.01, 'adx_exit': 25, 'allowed_hours': [], 'risk_pct': 0.01, 'max_hold_bars': 120, 'use_trail': False, 'tp_atr_mult': 2.5}",25,0.24,-104.4618,0.2761,-4.1785,0.2762,-6.3567,0.0105,0.0063,2895.54,-1.2798972
AVAX-USDT,VSMO,"{'rsi_lo': 40, 'rsi_hi': 75, 'vol_thresh': 1.5, 'stop_atr_mult': 1.5, 'allowed_hours': [], 'tp_atr_mult': 3.0, 'risk_pct': 0.01, 'max_hold_bars': 144, 'use_trail': True, 'trail_ema': 21}",5,0.0,-7.2415,0.0,-1.4483,0.2516,-19.9829,0.0009,0.0018,2992.76,-1.2805659999999999
AVAX-USDT,VSMO,"{'rsi_lo': 40, 'rsi_hi': 75, 'vol_thresh': 2.0, 'stop_atr_mult': 1.0, 'allowed_hours': [], 'tp_atr_mult': 3.0, 'risk_pct': 0.01, 'max_hold_bars': 144, 'use_trail': True, 'trail_ema': 21}",5,0.0,-7.2415,0.0,-1.4483,0.2516,-19.9829,0.0009,0.0018,2992.76,-1.2805659999999999
AVAX-USDT,VSMO,"{'rsi_lo': 40, 'rsi_hi': 75, 'vol_thresh': 2.0, 'stop_atr_mult': 1.5, 'allowed_hours': [], 'tp_atr_mult': 3.0, 'risk_pct': 0.01, 'max_hold_bars': 144, 'use_trail': True, 'trail_ema': 21}",5,0.0,-7.2415,0.0,-1.4483,0.2516,-19.9829,0.0009,0.0018,2992.76,-1.2805659999999999
AVAX-USDT,VSMO,"{'rsi_lo': 40, 'rsi_hi': 75, 'vol_thresh': 1.5, 'stop_atr_mult': 1.0, 'allowed_hours': [], 'tp_atr_mult': 3.0, 'risk_pct': 0.01, 'max_hold_bars': 144, 'use_trail': True, 'trail_ema': 21}",5,0.0,-7.2415,0.0,-1.4483,0.2516,-19.9829,0.0009,0.0018,2992.76,-1.2805659999999999
AVAX-USDT,VSMO,"{'rsi_lo': 40, 'rsi_hi': 75, 'vol_thresh': 1.5, 'stop_atr_mult': 2.0, 'allowed_hours': [], 'tp_atr_mult': 3.0, 'risk_pct': 0.01, 'max_hold_bars': 144, 'use_trail': True, 'trail_ema': 21}",5,0.0,-7.2415,0.0,-1.4483,0.2516,-19.9829,0.0009,0.0018,2992.76,-1.2805659999999999
AVAX-USDT,VSMO,"{'rsi_lo': 40, 'rsi_hi': 75, 'vol_thresh': 2.0, 'stop_atr_mult': 2.0, 'allowed_hours': [], 'tp_atr_mult': 3.0, 'risk_pct': 0.01, 'max_hold_bars': 144, 'use_trail': True, 'trail_ema': 21}",5,0.0,-7.2415,0.0,-1.4483,0.2516,-19.9829,0.0009,0.0018,2992.76,-1.2805659999999999
XLM-USDT,VSMO,"{'rsi_lo': 45, 'rsi_hi': 80, 'vol_thresh': 2.0, 'stop_atr_mult': 1.5, 'allowed_hours': [], 'tp_atr_mult': 3.0, 'risk_pct': 0.01, 'max_hold_bars': 144, 'use_trail': True, 'trail_ema': 21}",5,0.0,-7.2248,0.0,-1.445,0.2518,-50.0069,0.0011,0.0013,2992.78,-1.2806992000000001
XLM-USDT,VSMO,"{'rsi_lo': 45, 'rsi_hi': 80, 'vol_thresh': 2.0, 'stop_atr_mult': 1.0, 'allowed_hours': [], 'tp_atr_mult': 3.0, 'risk_pct': 0.01, 'max_hold_bars': 144, 'use_trail': True, 'trail_ema': 21}",5,0.0,-7.2248,0.0,-1.445,0.2518,-50.0069,0.0011,0.0013,2992.78,-1.2806992000000001
XLM-USDT,VSMO,"{'rsi_lo': 45, 'rsi_hi': 80, 'vol_thresh': 2.0, 'stop_atr_mult': 2.0, 'allowed_hours': [], 'tp_atr_mult': 3.0, 'risk_pct': 0.01, 'max_hold_bars': 144, 'use_trail': True, 'trail_ema': 21}",5,0.0,-7.2248,0.0,-1.445,0.2518,-50.0069,0.0011,0.0013,2992.78,-1.2806992000000001
DOGE-USDT,HVOL,"{'min_adx': 25, 'vol_thresh': 1.5, 'max_ext': 0.01, 'adx_exit': 25, 'allowed_hours': [], 'risk_pct': 0.01, 'max_hold_bars': 120, 'use_trail': False, 'tp_atr_mult': 2.5}",24,0.2083,-63.7324,0.1592,-2.6555,0.2659,-13.0432,0.0034,0.0036,2936.27,-1.2820296000000002
DOGE-USDT,HVOL,"{'min_adx': 25, 'vol_thresh': 1.5, 'max_ext': 0.01, 'adx_exit': 20, 'allowed_hours': [], 'risk_pct': 0.01, 'max_hold_bars': 120, 'use_trail': False, 'tp_atr_mult': 2.5}",24,0.2083,-63.7324,0.1592,-2.6555,0.2659,-13.0432,0.0034,0.0036,2936.27,-1.2820296000000002
DOGE-USDT,HVOL,"{'min_adx': 25, 'vol_thresh': 1.5, 'max_ext': 0.02, 'adx_exit': 25, 'allowed_hours': [], 'risk_pct': 0.01, 'max_hold_bars': 120, 'use_trail': False, 'tp_atr_mult': 2.5}",24,0.2083,-63.7324,0.1592,-2.6555,0.2659,-13.0432,0.0034,0.0036,2936.27,-1.2820296000000002
DOGE-USDT,HVOL,"{'min_adx': 25, 'vol_thresh': 1.5, 'max_ext': 0.03, 'adx_exit': 20, 'allowed_hours': [], 'risk_pct': 0.01, 'max_hold_bars': 120, 'use_trail': False, 'tp_atr_mult': 2.5}",24,0.2083,-63.7324,0.1592,-2.6555,0.2659,-13.0432,0.0034,0.0036,2936.27,-1.2820296000000002
DOGE-USDT,HVOL,"{'min_adx': 25, 'vol_thresh': 1.5, 'max_ext': 0.03, 'adx_exit': 25, 'allowed_hours': [], 'risk_pct': 0.01, 'max_hold_bars': 120, 'use_trail': False, 'tp_atr_mult': 2.5}",24,0.2083,-63.7324,0.1592,-2.6555,0.2659,-13.0432,0.0034,0.0036,2936.27,-1.2820296000000002
DOGE-USDT,HVOL,"{'min_adx': 25, 'vol_thresh': 1.5, 'max_ext': 0.02, 'adx_exit': 20, 'allowed_hours': [], 'risk_pct': 0.01, 'max_hold_bars': 120, 'use_trail': False, 'tp_atr_mult': 2.5}",24,0.2083,-63.7324,0.1592,-2.6555,0.2659,-13.0432,0.0034,0.0036,2936.27,-1.2820296000000002
UNI-USDT,HVOL,"{'min_adx': 20, 'vol_thresh': 2.0, 'max_ext': 0.01, 'adx_exit': 20, 'allowed_hours': [], 'risk_pct': 0.01, 'max_hold_bars': 120, 'use_trail': False, 'tp_atr_mult': 2.5}",13,0.1538,-48.3306,0.1157,-3.7177,0.263,-15.177,0.0048,0.0056,2951.67,-1.2827723999999998
UNI-USDT,HVOL,"{'min_adx': 20, 'vol_thresh': 2.0, 'max_ext': 0.03, 'adx_exit': 20, 'allowed_hours': [], 'risk_pct': 0.01, 'max_hold_bars': 120, 'use_trail': False, 'tp_atr_mult': 2.5}",13,0.1538,-48.3306,0.1157,-3.7177,0.263,-15.177,0.0048,0.0056,2951.67,-1.2827723999999998
UNI-USDT,HVOL,"{'min_adx': 20, 'vol_thresh': 2.0, 'max_ext': 0.02, 'adx_exit': 20, 'allowed_hours': [], 'risk_pct': 0.01, 'max_hold_bars': 120, 'use_trail': False, 'tp_atr_mult': 2.5}",13,0.1538,-48.3306,0.1157,-3.7177,0.263,-15.177,0.0048,0.0056,2951.67,-1.2827723999999998
APT-USDT,HVOL,"{'min_adx': 30, 'vol_thresh': 1.3, 'max_ext': 0.01, 'adx_exit': 20, 'allowed_hours': [], 'risk_pct': 0.01, 'max_hold_bars': 120, 'use_trail': False, 'tp_atr_mult': 2.5}",14,0.5,-131.2409,0.3595,-9.3743,0.2988,-6.1089,0.0484,0.0315,2868.76,-1.2845136000000001
ETH-USDT,EMASTACK,"{'max_pb': 0.01, 'vol_thresh': 2.0, 'rsi_lo': 38, 'rsi_hi': 66, 'rsi_exit': 73, 'min_adx': 15, 'allowed_hours': [], 'risk_pct': 0.01, 'max_hold_bars': 144, 'use_trail': True, 'trail_ema': 21, 'tp_atr_mult': 2.5, 'stop_extra': 0.002}",9,0.1111,-21.0611,0.0362,-2.3401,0.2551,-28.6761,0.0009,0.0017,2978.94,-1.2850444000000003
ETH-USDT,EMASTACK,"{'max_pb': 0.005, 'vol_thresh': 2.0, 'rsi_lo': 38, 'rsi_hi': 66, 'rsi_exit': 73, 'min_adx': 20, 'allowed_hours': [], 'risk_pct': 0.01, 'max_hold_bars': 144, 'use_trail': True, 'trail_ema': 21, 'tp_atr_mult': 2.5, 'stop_extra': 0.002}",9,0.1111,-21.0611,0.0362,-2.3401,0.2551,-28.6761,0.0009,0.0017,2978.94,-1.2850444000000003
ETH-USDT,EMASTACK,"{'max_pb': 0.015, 'vol_thresh': 2.0, 'rsi_lo': 38, 'rsi_hi': 66, 'rsi_exit': 73, 'min_adx': 15, 'allowed_hours': [], 'risk_pct': 0.01, 'max_hold_bars': 144, 'use_trail': True, 'trail_ema': 21, 'tp_atr_mult': 2.5, 'stop_extra': 0.002}",9,0.1111,-21.0611,0.0362,-2.3401,0.2551,-28.6761,0.0009,0.0017,2978.94,-1.2850444000000003
ETH-USDT,EMASTACK,"{'max_pb': 0.01, 'vol_thresh': 2.0, 'rsi_lo': 38, 'rsi_hi': 66, 'rsi_exit': 73, 'min_adx': 20, 'allowed_hours': [], 'risk_pct': 0.01, 'max_hold_bars': 144, 'use_trail': True, 'trail_ema': 21, 'tp_atr_mult': 2.5, 'stop_extra': 0.002}",9,0.1111,-21.0611,0.0362,-2.3401,0.2551,-28.6761,0.0009,0.0017,2978.94,-1.2850444000000003
ETH-USDT,EMASTACK,"{'max_pb': 0.005, 'vol_thresh': 2.0, 'rsi_lo': 38, 'rsi_hi': 66, 'rsi_exit': 73, 'min_adx': 15, 'allowed_hours': [], 'risk_pct': 0.01, 'max_hold_bars': 144, 'use_trail': True, 'trail_ema': 21, 'tp_atr_mult': 2.5, 'stop_extra': 0.002}",9,0.1111,-21.0611,0.0362,-2.3401,0.2551,-28.6761,0.0009,0.0017,2978.94,-1.2850444000000003
ETH-USDT,EMASTACK,"{'max_pb': 0.015, 'vol_thresh': 2.0, 'rsi_lo': 38, 'rsi_hi': 66, 'rsi_exit': 73, 'min_adx': 20, 'allowed_hours': [], 'risk_pct': 0.01, 'max_hold_bars': 144, 'use_trail': True, 'trail_ema': 21, 'tp_atr_mult': 2.5, 'stop_extra': 0.002}",9,0.1111,-21.0611,0.0362,-2.3401,0.2551,-28.6761,0.0009,0.0017,2978.94,-1.2850444000000003
XLM-USDT,VSMO,"{'rsi_lo': 45, 'rsi_hi': 80, 'vol_thresh': 1.5, 'stop_atr_mult': 1.5, 'allowed_hours': [8, 9, 10, 11, 14, 15, 16, 17, 18, 19, 20, 21], 'tp_atr_mult': 3.0, 'risk_pct': 0.01, 'max_hold_bars': 144, 'use_trail': True, 'trail_ema': 21}",5,0.0,-8.4955,0.0,-1.6991,0.2518,-68.8403,0.0006,0.0017,2991.5,-1.285782
XLM-USDT,VSMO,"{'rsi_lo': 45, 'rsi_hi': 80, 'vol_thresh': 1.5, 'stop_atr_mult': 1.0, 'allowed_hours': [8, 9, 10, 11, 14, 15, 16, 17, 18, 19, 20, 21], 'tp_atr_mult': 3.0, 'risk_pct': 0.01, 'max_hold_bars': 144, 'use_trail': True, 'trail_ema': 21}",5,0.0,-8.4955,0.0,-1.6991,0.2518,-68.8403,0.0006,0.0017,2991.5,-1.285782
XLM-USDT,VSMO,"{'rsi_lo': 45, 'rsi_hi': 80, 'vol_thresh': 1.5, 'stop_atr_mult': 2.0, 'allowed_hours': [8, 9, 10, 11, 14, 15, 16, 17, 18, 19, 20, 21], 'tp_atr_mult': 3.0, 'risk_pct': 0.01, 'max_hold_bars': 144, 'use_trail': True, 'trail_ema': 21}",5,0.0,-8.4955,0.0,-1.6991,0.2518,-68.8403,0.0006,0.0017,2991.5,-1.285782
DOGE-USDT,VSMO,"{'rsi_lo': 45, 'rsi_hi': 80, 'vol_thresh': 1.5, 'stop_atr_mult': 2.0, 'allowed_hours': [], 'tp_atr_mult': 3.0, 'risk_pct': 0.01, 'max_hold_bars': 144, 'use_trail': True, 'trail_ema': 21}",5,0.0,-8.7563,0.0,-1.7513,0.2525,-61.615,0.0006,0.0013,2991.24,-1.2875252000000001
DOGE-USDT,VSMO,"{'rsi_lo': 45, 'rsi_hi': 80, 'vol_thresh': 1.5, 'stop_atr_mult': 1.5, 'allowed_hours': [], 'tp_atr_mult': 3.0, 'risk_pct': 0.01, 'max_hold_bars': 144, 'use_trail': True, 'trail_ema': 21}",5,0.0,-8.7563,0.0,-1.7513,0.2525,-61.615,0.0006,0.0013,2991.24,-1.2875252000000001
DOGE-USDT,VSMO,"{'rsi_lo': 45, 'rsi_hi': 80, 'vol_thresh': 1.5, 'stop_atr_mult': 1.0, 'allowed_hours': [], 'tp_atr_mult': 3.0, 'risk_pct': 0.01, 'max_hold_bars': 144, 'use_trail': True, 'trail_ema': 21}",5,0.0,-8.7563,0.0,-1.7513,0.2525,-61.615,0.0006,0.0013,2991.24,-1.2875252000000001
ONDO-USDT,MTALIGN,"{'pb_thresh': 0.008, 'vol_thresh': 1.1, 'allowed_hours': [], 'tp_atr_mult': 2.5, 'risk_pct': 0.01, 'max_hold_bars': 96, 'use_trail': True, 'trail_ema': 21, 'stop_extra': 0.002}",11,0.1818,-28.7516,0.0563,-2.6138,0.2572,-23.9362,0.0037,0.0034,2971.25,-1.2877564000000001
SOL-USDT,VSMO,"{'rsi_lo': 40, 'rsi_hi': 75, 'vol_thresh': 1.5, 'stop_atr_mult': 2.0, 'allowed_hours': [], 'tp_atr_mult': 3.0, 'risk_pct': 0.01, 'max_hold_bars': 144, 'use_trail': True, 'trail_ema': 21}",7,0.1429,-9.9551,0.0031,-1.4222,0.2526,-23.6282,0.0003,0.002,2990.04,-1.2877704
SOL-USDT,VSMO,"{'rsi_lo': 40, 'rsi_hi': 75, 'vol_thresh': 1.5, 'stop_atr_mult': 1.0, 'allowed_hours': [], 'tp_atr_mult': 3.0, 'risk_pct': 0.01, 'max_hold_bars': 144, 'use_trail': True, 'trail_ema': 21}",7,0.1429,-9.9551,0.0031,-1.4222,0.2526,-23.6282,0.0003,0.002,2990.04,-1.2877704
SOL-USDT,VSMO,"{'rsi_lo': 40, 'rsi_hi': 75, 'vol_thresh': 1.5, 'stop_atr_mult': 1.5, 'allowed_hours': [], 'tp_atr_mult': 3.0, 'risk_pct': 0.01, 'max_hold_bars': 144, 'use_trail': True, 'trail_ema': 21}",7,0.1429,-9.9551,0.0031,-1.4222,0.2526,-23.6282,0.0003,0.002,2990.04,-1.2877704
LINK-USDT,VSMO,"{'rsi_lo': 45, 'rsi_hi': 80, 'vol_thresh': 2.0, 'stop_atr_mult': 1.0, 'allowed_hours': [8, 9, 10, 11, 14, 15, 16, 17, 18, 19, 20, 21], 'tp_atr_mult': 3.0, 'risk_pct': 0.01, 'max_hold_bars': 144, 'use_trail': True, 'trail_ema': 21}",5,0.0,-8.9263,0.0,-1.7853,0.2522,-55.3113,0.0004,0.0017,2991.07,-1.2879052000000002
LINK-USDT,VSMO,"{'rsi_lo': 45, 'rsi_hi': 80, 'vol_thresh': 2.0, 'stop_atr_mult': 2.0, 'allowed_hours': [8, 9, 10, 11, 14, 15, 16, 17, 18, 19, 20, 21], 'tp_atr_mult': 3.0, 'risk_pct': 0.01, 'max_hold_bars': 144, 'use_trail': True, 'trail_ema': 21}",5,0.0,-8.9263,0.0,-1.7853,0.2522,-55.3113,0.0004,0.0017,2991.07,-1.2879052000000002
LINK-USDT,VSMO,"{'rsi_lo': 45, 'rsi_hi': 80, 'vol_thresh': 2.0, 'stop_atr_mult': 1.5, 'allowed_hours': [8, 9, 10, 11, 14, 15, 16, 17, 18, 19, 20, 21], 'tp_atr_mult': 3.0, 'risk_pct': 0.01, 'max_hold_bars': 144, 'use_trail': True, 'trail_ema': 21}",5,0.0,-8.9263,0.0,-1.7853,0.2522,-55.3113,0.0004,0.0017,2991.07,-1.2879052000000002
ETH-USDT,EMASTACK,"{'max_pb': 0.015, 'vol_thresh': 1.2, 'rsi_lo': 45, 'rsi_hi': 73, 'rsi_exit': 80, 'min_adx': 15, 'allowed_hours': [], 'risk_pct': 0.01, 'max_hold_bars': 144, 'use_trail': True, 'trail_ema': 21, 'tp_atr_mult': 2.5, 'stop_extra': 0.002}",14,0.0714,-31.2412,0.0627,-2.2315,0.2577,-25.2726,0.0009,0.0017,2968.76,-1.2886148
ETH-USDT,EMASTACK,"{'max_pb': 0.005, 'vol_thresh': 1.2, 'rsi_lo': 45, 'rsi_hi': 73, 'rsi_exit': 80, 'min_adx': 15, 'allowed_hours': [], 'risk_pct': 0.01, 'max_hold_bars': 144, 'use_trail': True, 'trail_ema': 21, 'tp_atr_mult': 2.5, 'stop_extra': 0.002}",14,0.0714,-31.2412,0.0627,-2.2315,0.2577,-25.2726,0.0009,0.0017,2968.76,-1.2886148
ETH-USDT,EMASTACK,"{'max_pb': 0.01, 'vol_thresh': 1.2, 'rsi_lo': 45, 'rsi_hi': 73, 'rsi_exit': 80, 'min_adx': 15, 'allowed_hours': [], 'risk_pct': 0.01, 'max_hold_bars': 144, 'use_trail': True, 'trail_ema': 21, 'tp_atr_mult': 2.5, 'stop_extra': 0.002}",14,0.0714,-31.2412,0.0627,-2.2315,0.2577,-25.2726,0.0009,0.0017,2968.76,-1.2886148
BTC-USDT,HVOL,"{'min_adx': 30, 'vol_thresh': 1.5, 'max_ext': 0.02, 'adx_exit': 25, 'allowed_hours': [], 'risk_pct': 0.01, 'max_hold_bars': 120, 'use_trail': False, 'tp_atr_mult': 2.5}",20,0.2,-39.9097,0.0877,-1.9955,0.2606,-16.3712,0.0023,0.0024,2960.09,-1.2886887999999999
BTC-USDT,HVOL,"{'min_adx': 30, 'vol_thresh': 1.5, 'max_ext': 0.01, 'adx_exit': 25, 'allowed_hours': [], 'risk_pct': 0.01, 'max_hold_bars': 120, 'use_trail': False, 'tp_atr_mult': 2.5}",20,0.2,-39.9097,0.0877,-1.9955,0.2606,-16.3712,0.0023,0.0024,2960.09,-1.2886887999999999
BTC-USDT,HVOL,"{'min_adx': 30, 'vol_thresh': 1.5, 'max_ext': 0.03, 'adx_exit': 25, 'allowed_hours': [], 'risk_pct': 0.01, 'max_hold_bars': 120, 'use_trail': False, 'tp_atr_mult': 2.5}",20,0.2,-39.9097,0.0877,-1.9955,0.2606,-16.3712,0.0023,0.0024,2960.09,-1.2886887999999999
HYPE-USDT,MTALIGN,"{'pb_thresh': 0.008, 'vol_thresh': 1.3, 'allowed_hours': [8, 9, 10, 11, 14, 15, 16, 17, 18, 19, 20, 21], 'tp_atr_mult': 2.5, 'risk_pct': 0.01, 'max_hold_bars': 96, 'use_trail': True, 'trail_ema': 21, 'stop_extra': 0.002}",14,0.0714,-43.6931,0.098,-3.1209,0.2611,-19.4676,0.0019,0.0036,2956.31,-1.2888723999999998
NEAR-USDT,HVOL,"{'min_adx': 20, 'vol_thresh': 1.3, 'max_ext': 0.02, 'adx_exit': 25, 'allowed_hours': [], 'risk_pct': 0.01, 'max_hold_bars': 120, 'use_trail': False, 'tp_atr_mult': 2.5}",32,0.3125,-133.6821,0.3592,-4.1776,0.293,-6.9836,0.0114,0.0099,2866.32,-1.2889283999999999
NEAR-USDT,HVOL,"{'min_adx': 20, 'vol_thresh': 1.3, 'max_ext': 0.03, 'adx_exit': 25, 'allowed_hours': [], 'risk_pct': 0.01, 'max_hold_bars': 120, 'use_trail': False, 'tp_atr_mult': 2.5}",32,0.3125,-133.6821,0.3592,-4.1776,0.293,-6.9836,0.0114,0.0099,2866.32,-1.2889283999999999
BTC-USDT,HVOL,"{'min_adx': 30, 'vol_thresh': 1.5, 'max_ext': 0.03, 'adx_exit': 15, 'allowed_hours': [], 'risk_pct': 0.01, 'max_hold_bars': 120, 'use_trail': False, 'tp_atr_mult': 2.5}",20,0.2,-40.1125,0.0873,-2.0056,0.2607,-16.3932,0.0023,0.0025,2959.89,-1.2902
BTC-USDT,HVOL,"{'min_adx': 30, 'vol_thresh': 1.5, 'max_ext': 0.02, 'adx_exit': 15, 'allowed_hours': [], 'risk_pct': 0.01, 'max_hold_bars': 120, 'use_trail': False, 'tp_atr_mult': 2.5}",20,0.2,-40.1125,0.0873,-2.0056,0.2607,-16.3932,0.0023,0.0025,2959.89,-1.2902
BTC-USDT,HVOL,"{'min_adx': 30, 'vol_thresh': 1.5, 'max_ext': 0.02, 'adx_exit': 20, 'allowed_hours': [], 'risk_pct': 0.01, 'max_hold_bars': 120, 'use_trail': False, 'tp_atr_mult': 2.5}",20,0.2,-40.1125,0.0873,-2.0056,0.2607,-16.3932,0.0023,0.0025,2959.89,-1.2902
BTC-USDT,HVOL,"{'min_adx': 30, 'vol_thresh': 1.5, 'max_ext': 0.03, 'adx_exit': 20, 'allowed_hours': [], 'risk_pct': 0.01, 'max_hold_bars': 120, 'use_trail': False, 'tp_atr_mult': 2.5}",20,0.2,-40.1125,0.0873,-2.0056,0.2607,-16.3932,0.0023,0.0025,2959.89,-1.2902
BTC-USDT,HVOL,"{'min_adx': 30, 'vol_thresh': 1.5, 'max_ext': 0.01, 'adx_exit': 20, 'allowed_hours': [], 'risk_pct': 0.01, 'max_hold_bars': 120, 'use_trail': False, 'tp_atr_mult': 2.5}",20,0.2,-40.1125,0.0873,-2.0056,0.2607,-16.3932,0.0023,0.0025,2959.89,-1.2902
BTC-USDT,HVOL,"{'min_adx': 30, 'vol_thresh': 1.5, 'max_ext': 0.01, 'adx_exit': 15, 'allowed_hours': [], 'risk_pct': 0.01, 'max_hold_bars': 120, 'use_trail': False, 'tp_atr_mult': 2.5}",20,0.2,-40.1125,0.0873,-2.0056,0.2607,-16.3932,0.0023,0.0025,2959.89,-1.2902
BTC-USDT,HVOL,"{'min_adx': 25, 'vol_thresh': 2.0, 'max_ext': 0.02, 'adx_exit': 25, 'allowed_hours': [], 'risk_pct': 0.01, 'max_hold_bars': 120, 'use_trail': False, 'tp_atr_mult': 2.5}",19,0.1579,-38.6854,0.0829,-2.0361,0.2603,-17.6213,0.0023,0.0024,2961.31,-1.2906916000000002
BTC-USDT,HVOL,"{'min_adx': 25, 'vol_thresh': 2.0, 'max_ext': 0.03, 'adx_exit': 25, 'allowed_hours': [], 'risk_pct': 0.01, 'max_hold_bars': 120, 'use_trail': False, 'tp_atr_mult': 2.5}",19,0.1579,-38.6854,0.0829,-2.0361,0.2603,-17.6213,0.0023,0.0024,2961.31,-1.2906916000000002
BTC-USDT,HVOL,"{'min_adx': 25, 'vol_thresh': 2.0, 'max_ext': 0.01, 'adx_exit': 25, 'allowed_hours': [], 'risk_pct': 0.01, 'max_hold_bars': 120, 'use_trail': False, 'tp_atr_mult': 2.5}",19,0.1579,-38.6854,0.0829,-2.0361,0.2603,-17.6213,0.0023,0.0024,2961.31,-1.2906916000000002
FIL-USDT,VSMO,"{'rsi_lo': 40, 'rsi_hi': 75, 'vol_thresh': 1.5, 'stop_atr_mult': 1.0, 'allowed_hours': [], 'tp_atr_mult': 3.0, 'risk_pct': 0.01, 'max_hold_bars': 144, 'use_trail': True, 'trail_ema': 21}",6,0.0,-9.6717,0.0,-1.612,0.2531,-13.317,0.0007,0.0026,2990.33,-1.2917867999999997
FIL-USDT,VSMO,"{'rsi_lo': 40, 'rsi_hi': 75, 'vol_thresh': 1.5, 'stop_atr_mult': 1.5, 'allowed_hours': [], 'tp_atr_mult': 3.0, 'risk_pct': 0.01, 'max_hold_bars': 144, 'use_trail': True, 'trail_ema': 21}",6,0.0,-9.6717,0.0,-1.612,0.2531,-13.317,0.0007,0.0026,2990.33,-1.2917867999999997
FIL-USDT,VSMO,"{'rsi_lo': 40, 'rsi_hi': 75, 'vol_thresh': 1.5, 'stop_atr_mult': 2.0, 'allowed_hours': [], 'tp_atr_mult': 3.0, 'risk_pct': 0.01, 'max_hold_bars': 144, 'use_trail': True, 'trail_ema': 21}",6,0.0,-9.6717,0.0,-1.612,0.2531,-13.317,0.0007,0.0026,2990.33,-1.2917867999999997
DOT-USDT,HVOL,"{'min_adx': 25, 'vol_thresh': 1.5, 'max_ext': 0.01, 'adx_exit': 25, 'allowed_hours': [], 'risk_pct': 0.01, 'max_hold_bars': 120, 'use_trail': False, 'tp_atr_mult': 2.5}",17,0.1176,-66.532,0.1592,-3.9136,0.2646,-12.4758,0.0108,0.0056,2933.47,-1.2919279999999995
DOT-USDT,HVOL,"{'min_adx': 25, 'vol_thresh': 1.5, 'max_ext': 0.02, 'adx_exit': 25, 'allowed_hours': [], 'risk_pct': 0.01, 'max_hold_bars': 120, 'use_trail': False, 'tp_atr_mult': 2.5}",17,0.1176,-66.532,0.1592,-3.9136,0.2646,-12.4758,0.0108,0.0056,2933.47,-1.2919279999999995
BTC-USDT,HVOL,"{'min_adx': 25, 'vol_thresh': 2.0, 'max_ext': 0.02, 'adx_exit': 20, 'allowed_hours': [], 'risk_pct': 0.01, 'max_hold_bars': 120, 'use_trail': False, 'tp_atr_mult': 2.5}",19,0.1579,-38.8883,0.0825,-2.0468,0.2604,-17.6387,0.0023,0.0024,2961.11,-1.2922031999999999
BTC-USDT,HVOL,"{'min_adx': 25, 'vol_thresh': 2.0, 'max_ext': 0.03, 'adx_exit': 15, 'allowed_hours': [], 'risk_pct': 0.01, 'max_hold_bars': 120, 'use_trail': False, 'tp_atr_mult': 2.5}",19,0.1579,-38.8883,0.0825,-2.0468,0.2604,-17.6387,0.0023,0.0024,2961.11,-1.2922031999999999
BTC-USDT,HVOL,"{'min_adx': 25, 'vol_thresh': 2.0, 'max_ext': 0.03, 'adx_exit': 20, 'allowed_hours': [], 'risk_pct': 0.01, 'max_hold_bars': 120, 'use_trail': False, 'tp_atr_mult': 2.5}",19,0.1579,-38.8883,0.0825,-2.0468,0.2604,-17.6387,0.0023,0.0024,2961.11,-1.2922031999999999
BTC-USDT,HVOL,"{'min_adx': 25, 'vol_thresh': 2.0, 'max_ext': 0.01, 'adx_exit': 20, 'allowed_hours': [], 'risk_pct': 0.01, 'max_hold_bars': 120, 'use_trail': False, 'tp_atr_mult': 2.5}",19,0.1579,-38.8883,0.0825,-2.0468,0.2604,-17.6387,0.0023,0.0024,2961.11,-1.2922031999999999
BTC-USDT,HVOL,"{'min_adx': 25, 'vol_thresh': 2.0, 'max_ext': 0.01, 'adx_exit': 15, 'allowed_hours': [], 'risk_pct': 0.01, 'max_hold_bars': 120, 'use_trail': False, 'tp_atr_mult': 2.5}",19,0.1579,-38.8883,0.0825,-2.0468,0.2604,-17.6387,0.0023,0.0024,2961.11,-1.2922031999999999
BTC-USDT,HVOL,"{'min_adx': 25, 'vol_thresh': 2.0, 'max_ext': 0.02, 'adx_exit': 15, 'allowed_hours': [], 'risk_pct': 0.01, 'max_hold_bars': 120, 'use_trail': False, 'tp_atr_mult': 2.5}",19,0.1579,-38.8883,0.0825,-2.0468,0.2604,-17.6387,0.0023,0.0024,2961.11,-1.2922031999999999
ONDO-USDT,HVOL,"{'min_adx': 20, 'vol_thresh': 1.3, 'max_ext': 0.02, 'adx_exit': 15, 'allowed_hours': [], 'risk_pct': 0.01, 'max_hold_bars': 120, 'use_trail': False, 'tp_atr_mult': 2.5}",32,0.1562,-115.2236,0.3012,-3.6007,0.2833,-7.8415,0.0082,0.0064,2884.78,-1.2923944
ONDO-USDT,HVOL,"{'min_adx': 20, 'vol_thresh': 1.3, 'max_ext': 0.03, 'adx_exit': 15, 'allowed_hours': [], 'risk_pct': 0.01, 'max_hold_bars': 120, 'use_trail': False, 'tp_atr_mult': 2.5}",32,0.1562,-115.2236,0.3012,-3.6007,0.2833,-7.8415,0.0082,0.0064,2884.78,-1.2923944
ONDO-USDT,HVOL,"{'min_adx': 20, 'vol_thresh': 2.0, 'max_ext': 0.03, 'adx_exit': 25, 'allowed_hours': [], 'risk_pct': 0.01, 'max_hold_bars': 120, 'use_trail': False, 'tp_atr_mult': 2.5}",22,0.0455,-88.9195,0.2267,-4.0418,0.2773,-9.1997,0.0085,0.0065,2911.08,-1.2929279999999999
ONDO-USDT,HVOL,"{'min_adx': 20, 'vol_thresh': 2.0, 'max_ext': 0.02, 'adx_exit': 25, 'allowed_hours': [], 'risk_pct': 0.01, 'max_hold_bars': 120, 'use_trail': False, 'tp_atr_mult': 2.5}",22,0.0455,-88.9195,0.2267,-4.0418,0.2773,-9.1997,0.0085,0.0065,2911.08,-1.2929279999999999
LINK-USDT,VSMO,"{'rsi_lo': 45, 'rsi_hi': 80, 'vol_thresh': 1.5, 'stop_atr_mult': 2.0, 'allowed_hours': [8, 9, 10, 11, 14, 15, 16, 17, 18, 19, 20, 21], 'tp_atr_mult': 3.0, 'risk_pct': 0.01, 'max_hold_bars': 144, 'use_trail': True, 'trail_ema': 21}",6,0.0,-10.3092,0.0,-1.7182,0.2525,-55.6058,0.0005,0.0016,2989.69,-1.2937368
LINK-USDT,VSMO,"{'rsi_lo': 45, 'rsi_hi': 80, 'vol_thresh': 1.5, 'stop_atr_mult': 1.5, 'allowed_hours': [8, 9, 10, 11, 14, 15, 16, 17, 18, 19, 20, 21], 'tp_atr_mult': 3.0, 'risk_pct': 0.01, 'max_hold_bars': 144, 'use_trail': True, 'trail_ema': 21}",6,0.0,-10.3092,0.0,-1.7182,0.2525,-55.6058,0.0005,0.0016,2989.69,-1.2937368
LINK-USDT,VSMO,"{'rsi_lo': 45, 'rsi_hi': 80, 'vol_thresh': 1.5, 'stop_atr_mult': 1.0, 'allowed_hours': [8, 9, 10, 11, 14, 15, 16, 17, 18, 19, 20, 21], 'tp_atr_mult': 3.0, 'risk_pct': 0.01, 'max_hold_bars': 144, 'use_trail': True, 'trail_ema': 21}",6,0.0,-10.3092,0.0,-1.7182,0.2525,-55.6058,0.0005,0.0016,2989.69,-1.2937368
FIL-USDT,MTALIGN,"{'pb_thresh': 0.003, 'vol_thresh': 1.1, 'allowed_hours': [], 'tp_atr_mult': 2.5, 'risk_pct': 0.01, 'max_hold_bars': 96, 'use_trail': True, 'trail_ema': 21, 'stop_extra': 0.002}",15,0.0667,-36.6559,0.0745,-2.4437,0.2591,-24.699,0.0019,0.0027,2963.34,-1.2939736000000002
SUI-USDT,HVOL,"{'min_adx': 25, 'vol_thresh': 1.5, 'max_ext': 0.03, 'adx_exit': 20, 'allowed_hours': [], 'risk_pct': 0.01, 'max_hold_bars': 120, 'use_trail': False, 'tp_atr_mult': 2.5}",18,0.1667,-82.6705,0.2055,-4.5928,0.2716,-10.5278,0.0087,0.0084,2917.33,-1.2940320000000003
SUI-USDT,HVOL,"{'min_adx': 25, 'vol_thresh': 1.5, 'max_ext': 0.01, 'adx_exit': 20, 'allowed_hours': [], 'risk_pct': 0.01, 'max_hold_bars': 120, 'use_trail': False, 'tp_atr_mult': 2.5}",18,0.1667,-82.6705,0.2055,-4.5928,0.2716,-10.5278,0.0087,0.0084,2917.33,-1.2940320000000003
SUI-USDT,HVOL,"{'min_adx': 25, 'vol_thresh': 1.5, 'max_ext': 0.02, 'adx_exit': 20, 'allowed_hours': [], 'risk_pct': 0.01, 'max_hold_bars': 120, 'use_trail': False, 'tp_atr_mult': 2.5}",18,0.1667,-82.6705,0.2055,-4.5928,0.2716,-10.5278,0.0087,0.0084,2917.33,-1.2940320000000003
UNI-USDT,VSMO,"{'rsi_lo': 40, 'rsi_hi': 75, 'vol_thresh': 1.5, 'stop_atr_mult': 1.5, 'allowed_hours': [], 'tp_atr_mult': 3.0, 'risk_pct': 0.01, 'max_hold_bars': 144, 'use_trail': True, 'trail_ema': 21}",8,0.125,-15.4409,0.0146,-1.9301,0.2546,-17.9731,0.0009,0.0029,2984.56,-1.2944635999999998
UNI-USDT,VSMO,"{'rsi_lo': 40, 'rsi_hi': 75, 'vol_thresh': 1.5, 'stop_atr_mult': 1.0, 'allowed_hours': [], 'tp_atr_mult': 3.0, 'risk_pct': 0.01, 'max_hold_bars': 144, 'use_trail': True, 'trail_ema': 21}",8,0.125,-15.4409,0.0146,-1.9301,0.2546,-17.9731,0.0009,0.0029,2984.56,-1.2944635999999998
UNI-USDT,VSMO,"{'rsi_lo': 40, 'rsi_hi': 75, 'vol_thresh': 1.5, 'stop_atr_mult': 2.0, 'allowed_hours': [], 'tp_atr_mult': 3.0, 'risk_pct': 0.01, 'max_hold_bars': 144, 'use_trail': True, 'trail_ema': 21}",8,0.125,-15.4409,0.0146,-1.9301,0.2546,-17.9731,0.0009,0.0029,2984.56,-1.2944635999999998
DOT-USDT,VSMO,"{'rsi_lo': 45, 'rsi_hi': 80, 'vol_thresh': 2.5, 'stop_atr_mult': 1.5, 'allowed_hours': [8, 9, 10, 11, 14, 15, 16, 17, 18, 19, 20, 21], 'tp_atr_mult': 3.0, 'risk_pct': 0.01, 'max_hold_bars': 144, 'use_trail': True, 'trail_ema': 21}",5,0.0,-10.3394,0.0,-2.0679,0.2535,-18.1455,0.0003,0.0034,2989.66,-1.2948575999999998
DOT-USDT,VSMO,"{'rsi_lo': 45, 'rsi_hi': 80, 'vol_thresh': 2.5, 'stop_atr_mult': 2.0, 'allowed_hours': [8, 9, 10, 11, 14, 15, 16, 17, 18, 19, 20, 21], 'tp_atr_mult': 3.0, 'risk_pct': 0.01, 'max_hold_bars': 144, 'use_trail': True, 'trail_ema': 21}",5,0.0,-10.3394,0.0,-2.0679,0.2535,-18.1455,0.0003,0.0034,2989.66,-1.2948575999999998
DOT-USDT,VSMO,"{'rsi_lo': 45, 'rsi_hi': 80, 'vol_thresh': 3.0, 'stop_atr_mult': 2.0, 'allowed_hours': [8, 9, 10, 11, 14, 15, 16, 17, 18, 19, 20, 21], 'tp_atr_mult': 3.0, 'risk_pct': 0.01, 'max_hold_bars': 144, 'use_trail': True, 'trail_ema': 21}",5,0.0,-10.3394,0.0,-2.0679,0.2535,-18.1455,0.0003,0.0034,2989.66,-1.2948575999999998
DOT-USDT,VSMO,"{'rsi_lo': 45, 'rsi_hi': 80, 'vol_thresh': 3.0, 'stop_atr_mult': 1.0, 'allowed_hours': [8, 9, 10, 11, 14, 15, 16, 17, 18, 19, 20, 21], 'tp_atr_mult': 3.0, 'risk_pct': 0.01, 'max_hold_bars': 144, 'use_trail': True, 'trail_ema': 21}",5,0.0,-10.3394,0.0,-2.0679,0.2535,-18.1455,0.0003,0.0034,2989.66,-1.2948575999999998
DOT-USDT,VSMO,"{'rsi_lo': 45, 'rsi_hi': 80, 'vol_thresh': 3.0, 'stop_atr_mult': 1.5, 'allowed_hours': [8, 9, 10, 11, 14, 15, 16, 17, 18, 19, 20, 21], 'tp_atr_mult': 3.0, 'risk_pct': 0.01, 'max_hold_bars': 144, 'use_trail': True, 'trail_ema': 21}",5,0.0,-10.3394,0.0,-2.0679,0.2535,-18.1455,0.0003,0.0034,2989.66,-1.2948575999999998
DOT-USDT,VSMO,"{'rsi_lo': 45, 'rsi_hi': 80, 'vol_thresh': 2.5, 'stop_atr_mult': 1.0, 'allowed_hours': [8, 9, 10, 11, 14, 15, 16, 17, 18, 19, 20, 21], 'tp_atr_mult': 3.0, 'risk_pct': 0.01, 'max_hold_bars': 144, 'use_trail': True, 'trail_ema': 21}",5,0.0,-10.3394,0.0,-2.0679,0.2535,-18.1455,0.0003,0.0034,2989.66,-1.2948575999999998
XLM-USDT,HVOL,"{'min_adx': 25, 'vol_thresh': 2.0, 'max_ext': 0.02, 'adx_exit': 15, 'allowed_hours': [], 'risk_pct': 0.01, 'max_hold_bars': 120, 'use_trail': False, 'tp_atr_mult': 2.5}",21,0.1429,-61.0799,0.1433,-2.9086,0.2655,-15.4104,0.004,0.0037,2938.92,-1.2948696
XLM-USDT,HVOL,"{'min_adx': 25, 'vol_thresh': 2.0, 'max_ext': 0.01, 'adx_exit': 15, 'allowed_hours': [], 'risk_pct': 0.01, 'max_hold_bars': 120, 'use_trail': False, 'tp_atr_mult': 2.5}",21,0.1429,-61.0799,0.1433,-2.9086,0.2655,-15.4104,0.004,0.0037,2938.92,-1.2948696
XLM-USDT,HVOL,"{'min_adx': 25, 'vol_thresh': 2.0, 'max_ext': 0.03, 'adx_exit': 20, 'allowed_hours': [], 'risk_pct': 0.01, 'max_hold_bars': 120, 'use_trail': False, 'tp_atr_mult': 2.5}",21,0.1429,-61.0799,0.1433,-2.9086,0.2655,-15.4104,0.004,0.0037,2938.92,-1.2948696
XLM-USDT,HVOL,"{'min_adx': 25, 'vol_thresh': 2.0, 'max_ext': 0.03, 'adx_exit': 15, 'allowed_hours': [], 'risk_pct': 0.01, 'max_hold_bars': 120, 'use_trail': False, 'tp_atr_mult': 2.5}",21,0.1429,-61.0799,0.1433,-2.9086,0.2655,-15.4104,0.004,0.0037,2938.92,-1.2948696
XLM-USDT,HVOL,"{'min_adx': 25, 'vol_thresh': 2.0, 'max_ext': 0.02, 'adx_exit': 20, 'allowed_hours': [], 'risk_pct': 0.01, 'max_hold_bars': 120, 'use_trail': False, 'tp_atr_mult': 2.5}",21,0.1429,-61.0799,0.1433,-2.9086,0.2655,-15.4104,0.004,0.0037,2938.92,-1.2948696
XLM-USDT,HVOL,"{'min_adx': 25, 'vol_thresh': 2.0, 'max_ext': 0.01, 'adx_exit': 20, 'allowed_hours': [], 'risk_pct': 0.01, 'max_hold_bars': 120, 'use_trail': False, 'tp_atr_mult': 2.5}",21,0.1429,-61.0799,0.1433,-2.9086,0.2655,-15.4104,0.004,0.0037,2938.92,-1.2948696
HYPE-USDT,MTALIGN,"{'pb_thresh': 0.008, 'vol_thresh': 1.5, 'allowed_hours': [8, 9, 10, 11, 14, 15, 16, 17, 18, 19, 20, 21], 'tp_atr_mult': 2.5, 'risk_pct': 0.01, 'max_hold_bars': 96, 'use_trail': True, 'trail_ema': 21, 'stop_extra': 0.002}",14,0.0714,-44.5552,0.0963,-3.1825,0.2613,-19.9123,0.0018,0.0037,2955.44,-1.2950708
SUI-USDT,HVOL,"{'min_adx': 25, 'vol_thresh': 1.5, 'max_ext': 0.03, 'adx_exit': 25, 'allowed_hours': [], 'risk_pct': 0.01, 'max_hold_bars': 120, 'use_trail': False, 'tp_atr_mult': 2.5}",19,0.2105,-83.9768,0.2082,-4.4198,0.2719,-10.3333,0.0081,0.0078,2916.02,-1.2955071999999999
SUI-USDT,HVOL,"{'min_adx': 25, 'vol_thresh': 1.5, 'max_ext': 0.01, 'adx_exit': 25, 'allowed_hours': [], 'risk_pct': 0.01, 'max_hold_bars': 120, 'use_trail': False, 'tp_atr_mult': 2.5}",19,0.2105,-83.9768,0.2082,-4.4198,0.2719,-10.3333,0.0081,0.0078,2916.02,-1.2955071999999999
SUI-USDT,HVOL,"{'min_adx': 25, 'vol_thresh': 1.5, 'max_ext': 0.02, 'adx_exit': 25, 'allowed_hours': [], 'risk_pct': 0.01, 'max_hold_bars': 120, 'use_trail': False, 'tp_atr_mult': 2.5}",19,0.2105,-83.9768,0.2082,-4.4198,0.2719,-10.3333,0.0081,0.0078,2916.02,-1.2955071999999999
BTC-USDT,MTALIGN,"{'pb_thresh': 0.008, 'vol_thresh': 1.1, 'allowed_hours': [14, 15, 16, 17, 18, 19], 'tp_atr_mult': 2.5, 'risk_pct': 0.01, 'max_hold_bars': 96, 'use_trail': True, 'trail_ema': 21, 'stop_extra': 0.002}",5,0.0,-10.9201,0.0,-2.184,0.2527,-169.0142,0.0012,0.0012,2989.08,-1.2963803999999999
BTC-USDT,MTALIGN,"{'pb_thresh': 0.005, 'vol_thresh': 1.1, 'allowed_hours': [14, 15, 16, 17, 18, 19], 'tp_atr_mult': 2.5, 'risk_pct': 0.01, 'max_hold_bars': 96, 'use_trail': True, 'trail_ema': 21, 'stop_extra': 0.002}",5,0.0,-10.9201,0.0,-2.184,0.2527,-169.0142,0.0012,0.0012,2989.08,-1.2963803999999999
BTC-USDT,MTALIGN,"{'pb_thresh': 0.003, 'vol_thresh': 1.1, 'allowed_hours': [14, 15, 16, 17, 18, 19], 'tp_atr_mult': 2.5, 'risk_pct': 0.01, 'max_hold_bars': 96, 'use_trail': True, 'trail_ema': 21, 'stop_extra': 0.002}",5,0.0,-10.9201,0.0,-2.184,0.2527,-169.0142,0.0012,0.0012,2989.08,-1.2963803999999999
SUI-USDT,VSMO,"{'rsi_lo': 45, 'rsi_hi': 80, 'vol_thresh': 1.5, 'stop_atr_mult': 2.0, 'allowed_hours': [8, 9, 10, 11, 14, 15, 16, 17, 18, 19, 20, 21], 'tp_atr_mult': 3.0, 'risk_pct': 0.01, 'max_hold_bars': 144, 'use_trail': True, 'trail_ema': 21}",7,0.0,-11.0075,0.0,-1.5725,0.2528,-33.956,0.0002,0.0021,2988.99,-1.29683
SUI-USDT,VSMO,"{'rsi_lo': 45, 'rsi_hi': 80, 'vol_thresh': 1.5, 'stop_atr_mult': 1.0, 'allowed_hours': [8, 9, 10, 11, 14, 15, 16, 17, 18, 19, 20, 21], 'tp_atr_mult': 3.0, 'risk_pct': 0.01, 'max_hold_bars': 144, 'use_trail': True, 'trail_ema': 21}",7,0.0,-11.0075,0.0,-1.5725,0.2528,-33.956,0.0002,0.0021,2988.99,-1.29683
SUI-USDT,VSMO,"{'rsi_lo': 45, 'rsi_hi': 80, 'vol_thresh': 1.5, 'stop_atr_mult': 1.5, 'allowed_hours': [8, 9, 10, 11, 14, 15, 16, 17, 18, 19, 20, 21], 'tp_atr_mult': 3.0, 'risk_pct': 0.01, 'max_hold_bars': 144, 'use_trail': True, 'trail_ema': 21}",7,0.0,-11.0075,0.0,-1.5725,0.2528,-33.956,0.0002,0.0021,2988.99,-1.29683
UNI-USDT,MTALIGN,"{'pb_thresh': 0.008, 'vol_thresh': 1.1, 'allowed_hours': [], 'tp_atr_mult': 2.5, 'risk_pct': 0.01, 'max_hold_bars': 96, 'use_trail': True, 'trail_ema': 21, 'stop_extra': 0.002}",5,0.0,-11.0059,0.0,-2.2012,0.2533,-25.8712,0.0049,0.0039,2988.99,-1.2973236000000001
UNI-USDT,MTALIGN,"{'pb_thresh': 0.005, 'vol_thresh': 1.1, 'allowed_hours': [], 'tp_atr_mult': 2.5, 'risk_pct': 0.01, 'max_hold_bars': 96, 'use_trail': True, 'trail_ema': 21, 'stop_extra': 0.002}",5,0.0,-11.0059,0.0,-2.2012,0.2533,-25.8712,0.0049,0.0039,2988.99,-1.2973236000000001
APT-USDT,HVOL,"{'min_adx': 20, 'vol_thresh': 1.3, 'max_ext': 0.03, 'adx_exit': 20, 'allowed_hours': [], 'risk_pct': 0.01, 'max_hold_bars': 120, 'use_trail': False, 'tp_atr_mult': 2.5}",32,0.375,-255.8747,0.5227,-7.9961,0.3444,-4.2873,0.0404,0.0356,2744.13,-1.2987688000000002
LINK-USDT,HVOL,"{'min_adx': 20, 'vol_thresh': 1.3, 'max_ext': 0.02, 'adx_exit': 20, 'allowed_hours': [], 'risk_pct': 0.01, 'max_hold_bars': 120, 'use_trail': False, 'tp_atr_mult': 2.5}",26,0.1538,-78.9901,0.1927,-3.0381,0.2719,-13.0582,0.0027,0.0045,2921.01,-1.2988104000000003
LINK-USDT,HVOL,"{'min_adx': 20, 'vol_thresh': 1.3, 'max_ext': 0.01, 'adx_exit': 20, 'allowed_hours': [], 'risk_pct': 0.01, 'max_hold_bars': 120, 'use_trail': False, 'tp_atr_mult': 2.5}",26,0.1538,-78.9901,0.1927,-3.0381,0.2719,-13.0582,0.0027,0.0045,2921.01,-1.2988104000000003
LINK-USDT,HVOL,"{'min_adx': 20, 'vol_thresh': 1.3, 'max_ext': 0.03, 'adx_exit': 20, 'allowed_hours': [], 'risk_pct': 0.01, 'max_hold_bars': 120, 'use_trail': False, 'tp_atr_mult': 2.5}",26,0.1538,-78.9901,0.1927,-3.0381,0.2719,-13.0582,0.0027,0.0045,2921.01,-1.2988104000000003
UNI-USDT,VSMO,"{'rsi_lo': 45, 'rsi_hi': 80, 'vol_thresh': 1.5, 'stop_atr_mult': 1.5, 'allowed_hours': [8, 9, 10, 11, 14, 15, 16, 17, 18, 19, 20, 21], 'tp_atr_mult': 3.0, 'risk_pct': 0.01, 'max_hold_bars': 144, 'use_trail': True, 'trail_ema': 21}",5,0.0,-11.3836,0.0,-2.2767,0.2535,-88.1772,0.0012,0.0037,2988.62,-1.2990344
UNI-USDT,VSMO,"{'rsi_lo': 45, 'rsi_hi': 80, 'vol_thresh': 1.5, 'stop_atr_mult': 1.0, 'allowed_hours': [8, 9, 10, 11, 14, 15, 16, 17, 18, 19, 20, 21], 'tp_atr_mult': 3.0, 'risk_pct': 0.01, 'max_hold_bars': 144, 'use_trail': True, 'trail_ema': 21}",5,0.0,-11.3836,0.0,-2.2767,0.2535,-88.1772,0.0012,0.0037,2988.62,-1.2990344
UNI-USDT,VSMO,"{'rsi_lo': 45, 'rsi_hi': 80, 'vol_thresh': 1.5, 'stop_atr_mult': 2.0, 'allowed_hours': [8, 9, 10, 11, 14, 15, 16, 17, 18, 19, 20, 21], 'tp_atr_mult': 3.0, 'risk_pct': 0.01, 'max_hold_bars': 144, 'use_trail': True, 'trail_ema': 21}",5,0.0,-11.3836,0.0,-2.2767,0.2535,-88.1772,0.0012,0.0037,2988.62,-1.2990344
DOGE-USDT,MTALIGN,"{'pb_thresh': 0.003, 'vol_thresh': 1.1, 'allowed_hours': [8, 9, 10, 11, 14, 15, 16, 17, 18, 19, 20, 21], 'tp_atr_mult': 2.5, 'risk_pct': 0.01, 'max_hold_bars': 96, 'use_trail': True, 'trail_ema': 21, 'stop_extra': 0.002}",5,0.0,-11.6668,0.0,-2.3334,0.2527,-88.868,0.0014,0.0015,2988.33,-1.2993671999999998
DOGE-USDT,MTALIGN,"{'pb_thresh': 0.008, 'vol_thresh': 1.3, 'allowed_hours': [8, 9, 10, 11, 14, 15, 16, 17, 18, 19, 20, 21], 'tp_atr_mult': 2.5, 'risk_pct': 0.01, 'max_hold_bars': 96, 'use_trail': True, 'trail_ema': 21, 'stop_extra': 0.002}",5,0.0,-11.6668,0.0,-2.3334,0.2527,-88.868,0.0014,0.0015,2988.33,-1.2993671999999998
DOGE-USDT,MTALIGN,"{'pb_thresh': 0.003, 'vol_thresh': 1.3, 'allowed_hours': [8, 9, 10, 11, 14, 15, 16, 17, 18, 19, 20, 21], 'tp_atr_mult': 2.5, 'risk_pct': 0.01, 'max_hold_bars': 96, 'use_trail': True, 'trail_ema': 21, 'stop_extra': 0.002}",5,0.0,-11.6668,0.0,-2.3334,0.2527,-88.868,0.0014,0.0015,2988.33,-1.2993671999999998
DOGE-USDT,MTALIGN,"{'pb_thresh': 0.005, 'vol_thresh': 1.3, 'allowed_hours': [8, 9, 10, 11, 14, 15, 16, 17, 18, 19, 20, 21], 'tp_atr_mult': 2.5, 'risk_pct': 0.01, 'max_hold_bars': 96, 'use_trail': True, 'trail_ema': 21, 'stop_extra': 0.002}",5,0.0,-11.6668,0.0,-2.3334,0.2527,-88.868,0.0014,0.0015,2988.33,-1.2993671999999998
DOT-USDT,HVOL,"{'min_adx': 20, 'vol_thresh': 1.3, 'max_ext': 0.01, 'adx_exit': 20, 'allowed_hours': [], 'risk_pct': 0.01, 'max_hold_bars': 120, 'use_trail': False, 'tp_atr_mult': 2.5}",26,0.1923,-88.2914,0.2181,-3.3958,0.274,-9.746,0.0087,0.0066,2911.71,-1.3000156
DOT-USDT,HVOL,"{'min_adx': 20, 'vol_thresh': 1.3, 'max_ext': 0.02, 'adx_exit': 20, 'allowed_hours': [], 'risk_pct': 0.01, 'max_hold_bars': 120, 'use_trail': False, 'tp_atr_mult': 2.5}",26,0.1923,-88.2914,0.2181,-3.3958,0.274,-9.746,0.0087,0.0066,2911.71,-1.3000156
DOT-USDT,HVOL,"{'min_adx': 30, 'vol_thresh': 1.5, 'max_ext': 0.01, 'adx_exit': 25, 'allowed_hours': [], 'risk_pct': 0.01, 'max_hold_bars': 120, 'use_trail': False, 'tp_atr_mult': 2.5}",15,0.1333,-67.6797,0.1569,-4.512,0.2649,-12.5429,0.0102,0.0062,2932.32,-1.3002688
DOT-USDT,HVOL,"{'min_adx': 30, 'vol_thresh': 1.5, 'max_ext': 0.02, 'adx_exit': 25, 'allowed_hours': [], 'risk_pct': 0.01, 'max_hold_bars': 120, 'use_trail': False, 'tp_atr_mult': 2.5}",15,0.1333,-67.6797,0.1569,-4.512,0.2649,-12.5429,0.0102,0.0062,2932.32,-1.3002688
UNI-USDT,MTALIGN,"{'pb_thresh': 0.005, 'vol_thresh': 1.3, 'allowed_hours': [], 'tp_atr_mult': 2.5, 'risk_pct': 0.01, 'max_hold_bars': 96, 'use_trail': True, 'trail_ema': 21, 'stop_extra': 0.002}",5,0.0,-11.7399,0.0,-2.348,0.2535,-27.4127,0.0047,0.0041,2988.26,-1.3004596
UNI-USDT,MTALIGN,"{'pb_thresh': 0.005, 'vol_thresh': 1.5, 'allowed_hours': [], 'tp_atr_mult': 2.5, 'risk_pct': 0.01, 'max_hold_bars': 96, 'use_trail': True, 'trail_ema': 21, 'stop_extra': 0.002}",5,0.0,-11.7399,0.0,-2.348,0.2535,-27.4127,0.0047,0.0041,2988.26,-1.3004596
UNI-USDT,MTALIGN,"{'pb_thresh': 0.008, 'vol_thresh': 1.5, 'allowed_hours': [], 'tp_atr_mult': 2.5, 'risk_pct': 0.01, 'max_hold_bars': 96, 'use_trail': True, 'trail_ema': 21, 'stop_extra': 0.002}",5,0.0,-11.7399,0.0,-2.348,0.2535,-27.4127,0.0047,0.0041,2988.26,-1.3004596
UNI-USDT,MTALIGN,"{'pb_thresh': 0.008, 'vol_thresh': 1.3, 'allowed_hours': [], 'tp_atr_mult': 2.5, 'risk_pct': 0.01, 'max_hold_bars': 96, 'use_trail': True, 'trail_ema': 21, 'stop_extra': 0.002}",5,0.0,-11.7399,0.0,-2.348,0.2535,-27.4127,0.0047,0.0041,2988.26,-1.3004596
NEAR-USDT,MTALIGN,"{'pb_thresh': 0.003, 'vol_thresh': 1.1, 'allowed_hours': [], 'tp_atr_mult': 2.5, 'risk_pct': 0.01, 'max_hold_bars': 96, 'use_trail': True, 'trail_ema': 21, 'stop_extra': 0.002}",7,0.1429,-17.8679,0.0172,-2.5526,0.2548,-31.5912,0.0019,0.0041,2982.13,-1.3004715999999998
FIL-USDT,VSMO,"{'rsi_lo': 45, 'rsi_hi': 80, 'vol_thresh': 1.5, 'stop_atr_mult': 1.0, 'allowed_hours': [], 'tp_atr_mult': 3.0, 'risk_pct': 0.01, 'max_hold_bars': 144, 'use_trail': True, 'trail_ema': 21}",6,0.0,-12.0565,0.0,-2.0094,0.2533,-17.8307,0.0003,0.0032,2987.94,-1.3015260000000002
FIL-USDT,VSMO,"{'rsi_lo': 45, 'rsi_hi': 80, 'vol_thresh': 1.5, 'stop_atr_mult': 2.0, 'allowed_hours': [], 'tp_atr_mult': 3.0, 'risk_pct': 0.01, 'max_hold_bars': 144, 'use_trail': True, 'trail_ema': 21}",6,0.0,-12.0565,0.0,-2.0094,0.2533,-17.8307,0.0003,0.0032,2987.94,-1.3015260000000002
FIL-USDT,VSMO,"{'rsi_lo': 45, 'rsi_hi': 80, 'vol_thresh': 1.5, 'stop_atr_mult': 1.5, 'allowed_hours': [], 'tp_atr_mult': 3.0, 'risk_pct': 0.01, 'max_hold_bars': 144, 'use_trail': True, 'trail_ema': 21}",6,0.0,-12.0565,0.0,-2.0094,0.2533,-17.8307,0.0003,0.0032,2987.94,-1.3015260000000002
SUI-USDT,VSMO,"{'rsi_lo': 40, 'rsi_hi': 75, 'vol_thresh': 1.5, 'stop_atr_mult': 1.5, 'allowed_hours': [], 'tp_atr_mult': 3.0, 'risk_pct': 0.01, 'max_hold_bars': 144, 'use_trail': True, 'trail_ema': 21}",7,0.0,-11.9105,0.0,-1.7015,0.2539,-18.9932,0.0005,0.0024,2988.09,-1.301542
SUI-USDT,VSMO,"{'rsi_lo': 40, 'rsi_hi': 75, 'vol_thresh': 1.5, 'stop_atr_mult': 2.0, 'allowed_hours': [], 'tp_atr_mult': 3.0, 'risk_pct': 0.01, 'max_hold_bars': 144, 'use_trail': True, 'trail_ema': 21}",7,0.0,-11.9105,0.0,-1.7015,0.2539,-18.9932,0.0005,0.0024,2988.09,-1.301542
SUI-USDT,VSMO,"{'rsi_lo': 40, 'rsi_hi': 75, 'vol_thresh': 1.5, 'stop_atr_mult': 1.0, 'allowed_hours': [], 'tp_atr_mult': 3.0, 'risk_pct': 0.01, 'max_hold_bars': 144, 'use_trail': True, 'trail_ema': 21}",7,0.0,-11.9105,0.0,-1.7015,0.2539,-18.9932,0.0005,0.0024,2988.09,-1.301542
SOL-USDT,MTALIGN,"{'pb_thresh': 0.003, 'vol_thresh': 1.1, 'allowed_hours': [14, 15, 16, 17, 18, 19], 'tp_atr_mult': 2.5, 'risk_pct': 0.01, 'max_hold_bars': 96, 'use_trail': True, 'trail_ema': 21, 'stop_extra': 0.002}",5,0.0,-12.1956,0.0,-2.4391,0.2529,-123.1037,0.0012,0.0015,2987.8,-1.3016823999999998
SOL-USDT,MTALIGN,"{'pb_thresh': 0.008, 'vol_thresh': 1.1, 'allowed_hours': [14, 15, 16, 17, 18, 19], 'tp_atr_mult': 2.5, 'risk_pct': 0.01, 'max_hold_bars': 96, 'use_trail': True, 'trail_ema': 21, 'stop_extra': 0.002}",5,0.0,-12.1956,0.0,-2.4391,0.2529,-123.1037,0.0012,0.0015,2987.8,-1.3016823999999998
SOL-USDT,MTALIGN,"{'pb_thresh': 0.005, 'vol_thresh': 1.1, 'allowed_hours': [14, 15, 16, 17, 18, 19], 'tp_atr_mult': 2.5, 'risk_pct': 0.01, 'max_hold_bars': 96, 'use_trail': True, 'trail_ema': 21, 'stop_extra': 0.002}",5,0.0,-12.1956,0.0,-2.4391,0.2529,-123.1037,0.0012,0.0015,2987.8,-1.3016823999999998
NEAR-USDT,MTALIGN,"{'pb_thresh': 0.005, 'vol_thresh': 1.1, 'allowed_hours': [8, 9, 10, 11, 14, 15, 16, 17, 18, 19, 20, 21], 'tp_atr_mult': 2.5, 'risk_pct': 0.01, 'max_hold_bars': 96, 'use_trail': True, 'trail_ema': 21, 'stop_extra': 0.002}",6,0.1667,-18.3023,0.0168,-3.0504,0.2544,-28.4318,0.0013,0.0038,2981.7,-1.3024092
PEPE-USDT,MTALIGN,"{'pb_thresh': 0.003, 'vol_thresh': 1.1, 'allowed_hours': [], 'tp_atr_mult': 2.5, 'risk_pct': 0.01, 'max_hold_bars': 96, 'use_trail': True, 'trail_ema': 21, 'stop_extra': 0.002}",5,0.0,-12.3446,0.0,-2.4689,0.2531,-68.8457,0.0005,0.0021,2987.66,-1.3024784
ETH-USDT,EMASTACK,"{'max_pb': 0.01, 'vol_thresh': 2.0, 'rsi_lo': 50, 'rsi_hi': 78, 'rsi_exit': 85, 'min_adx': 15, 'allowed_hours': [], 'risk_pct': 0.01, 'max_hold_bars': 144, 'use_trail': True, 'trail_ema': 21, 'tp_atr_mult': 2.5, 'stop_extra': 0.002}",10,0.1,-22.3849,0.0283,-2.2385,0.2555,-28.593,0.0016,0.0017,2977.62,-1.3025896000000001
ETH-USDT,EMASTACK,"{'max_pb': 0.005, 'vol_thresh': 2.0, 'rsi_lo': 50, 'rsi_hi': 78, 'rsi_exit': 85, 'min_adx': 15, 'allowed_hours': [], 'risk_pct': 0.01, 'max_hold_bars': 144, 'use_trail': True, 'trail_ema': 21, 'tp_atr_mult': 2.5, 'stop_extra': 0.002}",10,0.1,-22.3849,0.0283,-2.2385,0.2555,-28.593,0.0016,0.0017,2977.62,-1.3025896000000001
ETH-USDT,EMASTACK,"{'max_pb': 0.01, 'vol_thresh': 2.0, 'rsi_lo': 50, 'rsi_hi': 78, 'rsi_exit': 85, 'min_adx': 20, 'allowed_hours': [], 'risk_pct': 0.01, 'max_hold_bars': 144, 'use_trail': True, 'trail_ema': 21, 'tp_atr_mult': 2.5, 'stop_extra': 0.002}",10,0.1,-22.3849,0.0283,-2.2385,0.2555,-28.593,0.0016,0.0017,2977.62,-1.3025896000000001
ETH-USDT,EMASTACK,"{'max_pb': 0.005, 'vol_thresh': 2.0, 'rsi_lo': 50, 'rsi_hi': 78, 'rsi_exit': 85, 'min_adx': 20, 'allowed_hours': [], 'risk_pct': 0.01, 'max_hold_bars': 144, 'use_trail': True, 'trail_ema': 21, 'tp_atr_mult': 2.5, 'stop_extra': 0.002}",10,0.1,-22.3849,0.0283,-2.2385,0.2555,-28.593,0.0016,0.0017,2977.62,-1.3025896000000001
ETH-USDT,EMASTACK,"{'max_pb': 0.015, 'vol_thresh': 2.0, 'rsi_lo': 50, 'rsi_hi': 78, 'rsi_exit': 85, 'min_adx': 20, 'allowed_hours': [], 'risk_pct': 0.01, 'max_hold_bars': 144, 'use_trail': True, 'trail_ema': 21, 'tp_atr_mult': 2.5, 'stop_extra': 0.002}",10,0.1,-22.3849,0.0283,-2.2385,0.2555,-28.593,0.0016,0.0017,2977.62,-1.3025896000000001
ETH-USDT,EMASTACK,"{'max_pb': 0.015, 'vol_thresh': 2.0, 'rsi_lo': 50, 'rsi_hi': 78, 'rsi_exit': 85, 'min_adx': 15, 'allowed_hours': [], 'risk_pct': 0.01, 'max_hold_bars': 144, 'use_trail': True, 'trail_ema': 21, 'tp_atr_mult': 2.5, 'stop_extra': 0.002}",10,0.1,-22.3849,0.0283,-2.2385,0.2555,-28.593,0.0016,0.0017,2977.62,-1.3025896000000001
SOL-USDT,VSMO,"{'rsi_lo': 45, 'rsi_hi': 80, 'vol_thresh': 1.5, 'stop_atr_mult': 1.0, 'allowed_hours': [], 'tp_atr_mult': 3.0, 'risk_pct': 0.01, 'max_hold_bars': 144, 'use_trail': True, 'trail_ema': 21}",6,0.0,-12.4686,0.0,-2.0781,0.2529,-60.9274,0.0009,0.0014,2987.53,-1.3027744
SOL-USDT,VSMO,"{'rsi_lo': 45, 'rsi_hi': 80, 'vol_thresh': 1.5, 'stop_atr_mult': 1.5, 'allowed_hours': [], 'tp_atr_mult': 3.0, 'risk_pct': 0.01, 'max_hold_bars': 144, 'use_trail': True, 'trail_ema': 21}",6,0.0,-12.4686,0.0,-2.0781,0.2529,-60.9274,0.0009,0.0014,2987.53,-1.3027744
SOL-USDT,VSMO,"{'rsi_lo': 45, 'rsi_hi': 80, 'vol_thresh': 1.5, 'stop_atr_mult': 2.0, 'allowed_hours': [], 'tp_atr_mult': 3.0, 'risk_pct': 0.01, 'max_hold_bars': 144, 'use_trail': True, 'trail_ema': 21}",6,0.0,-12.4686,0.0,-2.0781,0.2529,-60.9274,0.0009,0.0014,2987.53,-1.3027744
SOL-USDT,HVOL,"{'min_adx': 25, 'vol_thresh': 2.0, 'max_ext': 0.01, 'adx_exit': 25, 'allowed_hours': [], 'risk_pct': 0.01, 'max_hold_bars': 120, 'use_trail': False, 'tp_atr_mult': 2.5}",13,0.1538,-38.5621,0.0747,-2.9663,0.2606,-19.5904,0.0025,0.0036,2961.44,-1.3027984000000001
SOL-USDT,HVOL,"{'min_adx': 25, 'vol_thresh': 2.0, 'max_ext': 0.02, 'adx_exit': 25, 'allowed_hours': [], 'risk_pct': 0.01, 'max_hold_bars': 120, 'use_trail': False, 'tp_atr_mult': 2.5}",13,0.1538,-38.5621,0.0747,-2.9663,0.2606,-19.5904,0.0025,0.0036,2961.44,-1.3027984000000001
SOL-USDT,HVOL,"{'min_adx': 25, 'vol_thresh': 2.0, 'max_ext': 0.03, 'adx_exit': 25, 'allowed_hours': [], 'risk_pct': 0.01, 'max_hold_bars': 120, 'use_trail': False, 'tp_atr_mult': 2.5}",13,0.1538,-38.5621,0.0747,-2.9663,0.2606,-19.5904,0.0025,0.0036,2961.44,-1.3027984000000001
BTC-USDT,EMASTACK,"{'max_pb': 0.015, 'vol_thresh': 1.2, 'rsi_lo': 45, 'rsi_hi': 73, 'rsi_exit': 80, 'min_adx': 20, 'allowed_hours': [], 'risk_pct': 0.01, 'max_hold_bars': 144, 'use_trail': True, 'trail_ema': 21, 'tp_atr_mult': 2.5, 'stop_extra': 0.002}",5,0.0,-11.9776,0.0,-2.3955,0.2549,-60.6872,0.0014,0.0031,2988.02,-1.3028104000000003
BTC-USDT,EMASTACK,"{'max_pb': 0.015, 'vol_thresh': 1.2, 'rsi_lo': 38, 'rsi_hi': 66, 'rsi_exit': 73, 'min_adx': 20, 'allowed_hours': [], 'risk_pct': 0.01, 'max_hold_bars': 144, 'use_trail': True, 'trail_ema': 21, 'tp_atr_mult': 2.5, 'stop_extra': 0.002}",5,0.0,-11.9776,0.0,-2.3955,0.2549,-60.6872,0.0014,0.0031,2988.02,-1.3028104000000003
BTC-USDT,EMASTACK,"{'max_pb': 0.01, 'vol_thresh': 1.2, 'rsi_lo': 45, 'rsi_hi': 73, 'rsi_exit': 80, 'min_adx': 20, 'allowed_hours': [], 'risk_pct': 0.01, 'max_hold_bars': 144, 'use_trail': True, 'trail_ema': 21, 'tp_atr_mult': 2.5, 'stop_extra': 0.002}",5,0.0,-11.9776,0.0,-2.3955,0.2549,-60.6872,0.0014,0.0031,2988.02,-1.3028104000000003
BTC-USDT,EMASTACK,"{'max_pb': 0.005, 'vol_thresh': 1.2, 'rsi_lo': 50, 'rsi_hi': 78, 'rsi_exit': 85, 'min_adx': 20, 'allowed_hours': [], 'risk_pct': 0.01, 'max_hold_bars': 144, 'use_trail': True, 'trail_ema': 21, 'tp_atr_mult': 2.5, 'stop_extra': 0.002}",5,0.0,-11.9776,0.0,-2.3955,0.2549,-60.6872,0.0014,0.0031,2988.02,-1.3028104000000003
BTC-USDT,EMASTACK,"{'max_pb': 0.005, 'vol_thresh': 1.2, 'rsi_lo': 45, 'rsi_hi': 73, 'rsi_exit': 80, 'min_adx': 20, 'allowed_hours': [], 'risk_pct': 0.01, 'max_hold_bars': 144, 'use_trail': True, 'trail_ema': 21, 'tp_atr_mult': 2.5, 'stop_extra': 0.002}",5,0.0,-11.9776,0.0,-2.3955,0.2549,-60.6872,0.0014,0.0031,2988.02,-1.3028104000000003
BTC-USDT,EMASTACK,"{'max_pb': 0.015, 'vol_thresh': 1.2, 'rsi_lo': 50, 'rsi_hi': 78, 'rsi_exit': 85, 'min_adx': 20, 'allowed_hours': [], 'risk_pct': 0.01, 'max_hold_bars': 144, 'use_trail': True, 'trail_ema': 21, 'tp_atr_mult': 2.5, 'stop_extra': 0.002}",5,0.0,-11.9776,0.0,-2.3955,0.2549,-60.6872,0.0014,0.0031,2988.02,-1.3028104000000003
BTC-USDT,EMASTACK,"{'max_pb': 0.01, 'vol_thresh': 1.2, 'rsi_lo': 38, 'rsi_hi': 66, 'rsi_exit': 73, 'min_adx': 20, 'allowed_hours': [], 'risk_pct': 0.01, 'max_hold_bars': 144, 'use_trail': True, 'trail_ema': 21, 'tp_atr_mult': 2.5, 'stop_extra': 0.002}",5,0.0,-11.9776,0.0,-2.3955,0.2549,-60.6872,0.0014,0.0031,2988.02,-1.3028104000000003
BTC-USDT,EMASTACK,"{'max_pb': 0.005, 'vol_thresh': 1.2, 'rsi_lo': 38, 'rsi_hi': 66, 'rsi_exit': 73, 'min_adx': 20, 'allowed_hours': [], 'risk_pct': 0.01, 'max_hold_bars': 144, 'use_trail': True, 'trail_ema': 21, 'tp_atr_mult': 2.5, 'stop_extra': 0.002}",5,0.0,-11.9776,0.0,-2.3955,0.2549,-60.6872,0.0014,0.0031,2988.02,-1.3028104000000003
BTC-USDT,EMASTACK,"{'max_pb': 0.01, 'vol_thresh': 1.2, 'rsi_lo': 50, 'rsi_hi': 78, 'rsi_exit': 85, 'min_adx': 20, 'allowed_hours': [], 'risk_pct': 0.01, 'max_hold_bars': 144, 'use_trail': True, 'trail_ema': 21, 'tp_atr_mult': 2.5, 'stop_extra': 0.002}",5,0.0,-11.9776,0.0,-2.3955,0.2549,-60.6872,0.0014,0.0031,2988.02,-1.3028104000000003
APT-USDT,EMASTACK,"{'max_pb': 0.01, 'vol_thresh': 1.5, 'rsi_lo': 50, 'rsi_hi': 78, 'rsi_exit': 85, 'min_adx': 15, 'allowed_hours': [], 'risk_pct': 0.01, 'max_hold_bars': 144, 'use_trail': True, 'trail_ema': 21, 'tp_atr_mult': 2.5, 'stop_extra': 0.002}",11,0.0909,-91.8218,0.2315,-8.3474,0.283,-10.4708,0.0204,0.0239,2908.18,-1.3030372
APT-USDT,EMASTACK,"{'max_pb': 0.01, 'vol_thresh': 1.5, 'rsi_lo': 45, 'rsi_hi': 73, 'rsi_exit': 80, 'min_adx': 15, 'allowed_hours': [], 'risk_pct': 0.01, 'max_hold_bars': 144, 'use_trail': True, 'trail_ema': 21, 'tp_atr_mult': 2.5, 'stop_extra': 0.002}",11,0.0909,-91.8218,0.2315,-8.3474,0.283,-10.4708,0.0204,0.0239,2908.18,-1.3030372
ONDO-USDT,VSMO,"{'rsi_lo': 45, 'rsi_hi': 80, 'vol_thresh': 1.5, 'stop_atr_mult': 1.0, 'allowed_hours': [], 'tp_atr_mult': 3.0, 'risk_pct': 0.01, 'max_hold_bars': 144, 'use_trail': True, 'trail_ema': 21}",5,0.0,-12.1254,0.0,-2.4251,0.2546,-22.6835,0.0029,0.0036,2987.87,-1.3031015999999997
ONDO-USDT,VSMO,"{'rsi_lo': 45, 'rsi_hi': 80, 'vol_thresh': 1.5, 'stop_atr_mult': 2.0, 'allowed_hours': [], 'tp_atr_mult': 3.0, 'risk_pct': 0.01, 'max_hold_bars': 144, 'use_trail': True, 'trail_ema': 21}",5,0.0,-12.1254,0.0,-2.4251,0.2546,-22.6835,0.0029,0.0036,2987.87,-1.3031015999999997
ONDO-USDT,VSMO,"{'rsi_lo': 45, 'rsi_hi': 80, 'vol_thresh': 1.5, 'stop_atr_mult': 1.5, 'allowed_hours': [], 'tp_atr_mult': 3.0, 'risk_pct': 0.01, 'max_hold_bars': 144, 'use_trail': True, 'trail_ema': 21}",5,0.0,-12.1254,0.0,-2.4251,0.2546,-22.6835,0.0029,0.0036,2987.87,-1.3031015999999997
APT-USDT,HVOL,"{'min_adx': 20, 'vol_thresh': 2.0, 'max_ext': 0.01, 'adx_exit': 20, 'allowed_hours': [], 'risk_pct': 0.01, 'max_hold_bars': 120, 'use_trail': False, 'tp_atr_mult': 2.5}",14,0.4286,-123.5892,0.3227,-8.8278,0.2931,-7.5184,0.0412,0.0281,2876.41,-1.3034067999999999
UNI-USDT,VSMO,"{'rsi_lo': 40, 'rsi_hi': 75, 'vol_thresh': 2.5, 'stop_atr_mult': 1.5, 'allowed_hours': [], 'tp_atr_mult': 3.0, 'risk_pct': 0.01, 'max_hold_bars': 144, 'use_trail': True, 'trail_ema': 21}",5,0.0,-12.8564,0.0,-2.5713,0.2532,-22.9976,0.0013,0.0027,2987.14,-1.3046256
UNI-USDT,VSMO,"{'rsi_lo': 40, 'rsi_hi': 75, 'vol_thresh': 2.5, 'stop_atr_mult': 2.0, 'allowed_hours': [], 'tp_atr_mult': 3.0, 'risk_pct': 0.01, 'max_hold_bars': 144, 'use_trail': True, 'trail_ema': 21}",5,0.0,-12.8564,0.0,-2.5713,0.2532,-22.9976,0.0013,0.0027,2987.14,-1.3046256
UNI-USDT,VSMO,"{'rsi_lo': 40, 'rsi_hi': 75, 'vol_thresh': 2.5, 'stop_atr_mult': 1.0, 'allowed_hours': [], 'tp_atr_mult': 3.0, 'risk_pct': 0.01, 'max_hold_bars': 144, 'use_trail': True, 'trail_ema': 21}",5,0.0,-12.8564,0.0,-2.5713,0.2532,-22.9976,0.0013,0.0027,2987.14,-1.3046256
LINK-USDT,VSMO,"{'rsi_lo': 45, 'rsi_hi': 80, 'vol_thresh': 2.5, 'stop_atr_mult': 2.0, 'allowed_hours': [], 'tp_atr_mult': 3.0, 'risk_pct': 0.01, 'max_hold_bars': 144, 'use_trail': True, 'trail_ema': 21}",7,0.0,-12.9109,0.0,-1.8444,0.2531,-63.2558,0.0002,0.0019,2987.09,-1.3047435999999997
LINK-USDT,VSMO,"{'rsi_lo': 45, 'rsi_hi': 80, 'vol_thresh': 2.5, 'stop_atr_mult': 1.0, 'allowed_hours': [], 'tp_atr_mult': 3.0, 'risk_pct': 0.01, 'max_hold_bars': 144, 'use_trail': True, 'trail_ema': 21}",7,0.0,-12.9109,0.0,-1.8444,0.2531,-63.2558,0.0002,0.0019,2987.09,-1.3047435999999997
LINK-USDT,VSMO,"{'rsi_lo': 45, 'rsi_hi': 80, 'vol_thresh': 2.5, 'stop_atr_mult': 1.5, 'allowed_hours': [], 'tp_atr_mult': 3.0, 'risk_pct': 0.01, 'max_hold_bars': 144, 'use_trail': True, 'trail_ema': 21}",7,0.0,-12.9109,0.0,-1.8444,0.2531,-63.2558,0.0002,0.0019,2987.09,-1.3047435999999997
APT-USDT,HVOL,"{'min_adx': 30, 'vol_thresh': 1.3, 'max_ext': 0.01, 'adx_exit': 15, 'allowed_hours': [], 'risk_pct': 0.01, 'max_hold_bars': 120, 'use_trail': False, 'tp_atr_mult': 2.5}",13,0.3846,-150.388,0.4006,-11.5683,0.3055,-6.394,0.0504,0.034,2849.61,-1.306152
SUI-USDT,MTALIGN,"{'pb_thresh': 0.005, 'vol_thresh': 1.1, 'allowed_hours': [8, 9, 10, 11, 14, 15, 16, 17, 18, 19, 20, 21], 'tp_atr_mult': 2.5, 'risk_pct': 0.01, 'max_hold_bars': 96, 'use_trail': True, 'trail_ema': 21, 'stop_extra': 0.002}",5,0.0,-13.3036,0.0,-2.6607,0.2536,-47.9712,0.0051,0.004,2986.7,-1.3068144
DOT-USDT,HVOL,"{'min_adx': 20, 'vol_thresh': 1.3, 'max_ext': 0.02, 'adx_exit': 15, 'allowed_hours': [], 'risk_pct': 0.01, 'max_hold_bars': 120, 'use_trail': False, 'tp_atr_mult': 2.5}",25,0.16,-86.8293,0.2094,-3.4732,0.2736,-9.965,0.0089,0.0069,2913.17,-1.3068172000000002
DOT-USDT,HVOL,"{'min_adx': 20, 'vol_thresh': 1.3, 'max_ext': 0.01, 'adx_exit': 15, 'allowed_hours': [], 'risk_pct': 0.01, 'max_hold_bars': 120, 'use_trail': False, 'tp_atr_mult': 2.5}",25,0.16,-86.8293,0.2094,-3.4732,0.2736,-9.965,0.0089,0.0069,2913.17,-1.3068172000000002
DOT-USDT,VSMO,"{'rsi_lo': 45, 'rsi_hi': 80, 'vol_thresh': 2.0, 'stop_atr_mult': 1.0, 'allowed_hours': [8, 9, 10, 11, 14, 15, 16, 17, 18, 19, 20, 21], 'tp_atr_mult': 3.0, 'risk_pct': 0.01, 'max_hold_bars': 144, 'use_trail': True, 'trail_ema': 21}",7,0.0,-13.2057,0.0,-1.8865,0.2542,-18.2726,0.0003,0.0035,2986.79,-1.3070228
DOT-USDT,VSMO,"{'rsi_lo': 45, 'rsi_hi': 80, 'vol_thresh': 2.0, 'stop_atr_mult': 2.0, 'allowed_hours': [8, 9, 10, 11, 14, 15, 16, 17, 18, 19, 20, 21], 'tp_atr_mult': 3.0, 'risk_pct': 0.01, 'max_hold_bars': 144, 'use_trail': True, 'trail_ema': 21}",7,0.0,-13.2057,0.0,-1.8865,0.2542,-18.2726,0.0003,0.0035,2986.79,-1.3070228
DOT-USDT,VSMO,"{'rsi_lo': 45, 'rsi_hi': 80, 'vol_thresh': 2.0, 'stop_atr_mult': 1.5, 'allowed_hours': [8, 9, 10, 11, 14, 15, 16, 17, 18, 19, 20, 21], 'tp_atr_mult': 3.0, 'risk_pct': 0.01, 'max_hold_bars': 144, 'use_trail': True, 'trail_ema': 21}",7,0.0,-13.2057,0.0,-1.8865,0.2542,-18.2726,0.0003,0.0035,2986.79,-1.3070228
HYPE-USDT,MTALIGN,"{'pb_thresh': 0.008, 'vol_thresh': 1.1, 'allowed_hours': [14, 15, 16, 17, 18, 19], 'tp_atr_mult': 2.5, 'risk_pct': 0.01, 'max_hold_bars': 96, 'use_trail': True, 'trail_ema': 21, 'stop_extra': 0.002}",9,0.1111,-29.9102,0.0469,-3.3234,0.258,-25.7626,0.002,0.0044,2970.09,-1.3072908
ETH-USDT,EMASTACK,"{'max_pb': 0.015, 'vol_thresh': 1.5, 'rsi_lo': 50, 'rsi_hi': 78, 'rsi_exit': 85, 'min_adx': 15, 'allowed_hours': [8, 9, 10, 14, 15, 16, 17, 18, 19, 20, 21], 'risk_pct': 0.01, 'max_hold_bars': 144, 'use_trail': True, 'trail_ema': 21, 'tp_atr_mult': 2.5, 'stop_extra': 0.002}",5,0.0,-13.511,0.0,-2.7022,0.2533,-48.3912,0.0004,0.0017,2986.49,-1.3073440000000003
ETH-USDT,EMASTACK,"{'max_pb': 0.005, 'vol_thresh': 1.5, 'rsi_lo': 45, 'rsi_hi': 73, 'rsi_exit': 80, 'min_adx': 20, 'allowed_hours': [8, 9, 10, 14, 15, 16, 17, 18, 19, 20, 21], 'risk_pct': 0.01, 'max_hold_bars': 144, 'use_trail': True, 'trail_ema': 21, 'tp_atr_mult': 2.5, 'stop_extra': 0.002}",5,0.0,-13.511,0.0,-2.7022,0.2533,-48.3912,0.0004,0.0017,2986.49,-1.3073440000000003
ETH-USDT,EMASTACK,"{'max_pb': 0.01, 'vol_thresh': 1.5, 'rsi_lo': 45, 'rsi_hi': 73, 'rsi_exit': 80, 'min_adx': 15, 'allowed_hours': [8, 9, 10, 14, 15, 16, 17, 18, 19, 20, 21], 'risk_pct': 0.01, 'max_hold_bars': 144, 'use_trail': True, 'trail_ema': 21, 'tp_atr_mult': 2.5, 'stop_extra': 0.002}",5,0.0,-13.511,0.0,-2.7022,0.2533,-48.3912,0.0004,0.0017,2986.49,-1.3073440000000003
ETH-USDT,EMASTACK,"{'max_pb': 0.015, 'vol_thresh': 1.5, 'rsi_lo': 38, 'rsi_hi': 66, 'rsi_exit': 73, 'min_adx': 20, 'allowed_hours': [8, 9, 10, 14, 15, 16, 17, 18, 19, 20, 21], 'risk_pct': 0.01, 'max_hold_bars': 144, 'use_trail': True, 'trail_ema': 21, 'tp_atr_mult': 2.5, 'stop_extra': 0.002}",5,0.0,-13.511,0.0,-2.7022,0.2533,-48.3912,0.0004,0.0017,2986.49,-1.3073440000000003
ETH-USDT,EMASTACK,"{'max_pb': 0.005, 'vol_thresh': 1.5, 'rsi_lo': 50, 'rsi_hi': 78, 'rsi_exit': 85, 'min_adx': 15, 'allowed_hours': [8, 9, 10, 14, 15, 16, 17, 18, 19, 20, 21], 'risk_pct': 0.01, 'max_hold_bars': 144, 'use_trail': True, 'trail_ema': 21, 'tp_atr_mult': 2.5, 'stop_extra': 0.002}",5,0.0,-13.511,0.0,-2.7022,0.2533,-48.3912,0.0004,0.0017,2986.49,-1.3073440000000003
ETH-USDT,EMASTACK,"{'max_pb': 0.005, 'vol_thresh': 1.5, 'rsi_lo': 45, 'rsi_hi': 73, 'rsi_exit': 80, 'min_adx': 15, 'allowed_hours': [8, 9, 10, 14, 15, 16, 17, 18, 19, 20, 21], 'risk_pct': 0.01, 'max_hold_bars': 144, 'use_trail': True, 'trail_ema': 21, 'tp_atr_mult': 2.5, 'stop_extra': 0.002}",5,0.0,-13.511,0.0,-2.7022,0.2533,-48.3912,0.0004,0.0017,2986.49,-1.3073440000000003
ETH-USDT,EMASTACK,"{'max_pb': 0.015, 'vol_thresh': 1.5, 'rsi_lo': 45, 'rsi_hi': 73, 'rsi_exit': 80, 'min_adx': 15, 'allowed_hours': [8, 9, 10, 14, 15, 16, 17, 18, 19, 20, 21], 'risk_pct': 0.01, 'max_hold_bars': 144, 'use_trail': True, 'trail_ema': 21, 'tp_atr_mult': 2.5, 'stop_extra': 0.002}",5,0.0,-13.511,0.0,-2.7022,0.2533,-48.3912,0.0004,0.0017,2986.49,-1.3073440000000003
ETH-USDT,EMASTACK,"{'max_pb': 0.005, 'vol_thresh': 1.5, 'rsi_lo': 38, 'rsi_hi': 66, 'rsi_exit': 73, 'min_adx': 20, 'allowed_hours': [8, 9, 10, 14, 15, 16, 17, 18, 19, 20, 21], 'risk_pct': 0.01, 'max_hold_bars': 144, 'use_trail': True, 'trail_ema': 21, 'tp_atr_mult': 2.5, 'stop_extra': 0.002}",5,0.0,-13.511,0.0,-2.7022,0.2533,-48.3912,0.0004,0.0017,2986.49,-1.3073440000000003
ETH-USDT,EMASTACK,"{'max_pb': 0.005, 'vol_thresh': 1.5, 'rsi_lo': 38, 'rsi_hi': 66, 'rsi_exit': 73, 'min_adx': 15, 'allowed_hours': [8, 9, 10, 14, 15, 16, 17, 18, 19, 20, 21], 'risk_pct': 0.01, 'max_hold_bars': 144, 'use_trail': True, 'trail_ema': 21, 'tp_atr_mult': 2.5, 'stop_extra': 0.002}",5,0.0,-13.511,0.0,-2.7022,0.2533,-48.3912,0.0004,0.0017,2986.49,-1.3073440000000003
ETH-USDT,EMASTACK,"{'max_pb': 0.015, 'vol_thresh': 1.5, 'rsi_lo': 50, 'rsi_hi': 78, 'rsi_exit': 85, 'min_adx': 20, 'allowed_hours': [8, 9, 10, 14, 15, 16, 17, 18, 19, 20, 21], 'risk_pct': 0.01, 'max_hold_bars': 144, 'use_trail': True, 'trail_ema': 21, 'tp_atr_mult': 2.5, 'stop_extra': 0.002}",5,0.0,-13.511,0.0,-2.7022,0.2533,-48.3912,0.0004,0.0017,2986.49,-1.3073440000000003
ETH-USDT,EMASTACK,"{'max_pb': 0.01, 'vol_thresh': 1.5, 'rsi_lo': 38, 'rsi_hi': 66, 'rsi_exit': 73, 'min_adx': 15, 'allowed_hours': [8, 9, 10, 14, 15, 16, 17, 18, 19, 20, 21], 'risk_pct': 0.01, 'max_hold_bars': 144, 'use_trail': True, 'trail_ema': 21, 'tp_atr_mult': 2.5, 'stop_extra': 0.002}",5,0.0,-13.511,0.0,-2.7022,0.2533,-48.3912,0.0004,0.0017,2986.49,-1.3073440000000003
ETH-USDT,EMASTACK,"{'max_pb': 0.005, 'vol_thresh': 1.5, 'rsi_lo': 50, 'rsi_hi': 78, 'rsi_exit': 85, 'min_adx': 20, 'allowed_hours': [8, 9, 10, 14, 15, 16, 17, 18, 19, 20, 21], 'risk_pct': 0.01, 'max_hold_bars': 144, 'use_trail': True, 'trail_ema': 21, 'tp_atr_mult': 2.5, 'stop_extra': 0.002}",5,0.0,-13.511,0.0,-2.7022,0.2533,-48.3912,0.0004,0.0017,2986.49,-1.3073440000000003
ETH-USDT,EMASTACK,"{'max_pb': 0.015, 'vol_thresh': 1.5, 'rsi_lo': 45, 'rsi_hi': 73, 'rsi_exit': 80, 'min_adx': 20, 'allowed_hours': [8, 9, 10, 14, 15, 16, 17, 18, 19, 20, 21], 'risk_pct': 0.01, 'max_hold_bars': 144, 'use_trail': True, 'trail_ema': 21, 'tp_atr_mult': 2.5, 'stop_extra': 0.002}",5,0.0,-13.511,0.0,-2.7022,0.2533,-48.3912,0.0004,0.0017,2986.49,-1.3073440000000003
ETH-USDT,EMASTACK,"{'max_pb': 0.01, 'vol_thresh': 1.5, 'rsi_lo': 50, 'rsi_hi': 78, 'rsi_exit': 85, 'min_adx': 15, 'allowed_hours': [8, 9, 10, 14, 15, 16, 17, 18, 19, 20, 21], 'risk_pct': 0.01, 'max_hold_bars': 144, 'use_trail': True, 'trail_ema': 21, 'tp_atr_mult': 2.5, 'stop_extra': 0.002}",5,0.0,-13.511,0.0,-2.7022,0.2533,-48.3912,0.0004,0.0017,2986.49,-1.3073440000000003
ETH-USDT,EMASTACK,"{'max_pb': 0.01, 'vol_thresh': 1.5, 'rsi_lo': 50, 'rsi_hi': 78, 'rsi_exit': 85, 'min_adx': 20, 'allowed_hours': [8, 9, 10, 14, 15, 16, 17, 18, 19, 20, 21], 'risk_pct': 0.01, 'max_hold_bars': 144, 'use_trail': True, 'trail_ema': 21, 'tp_atr_mult': 2.5, 'stop_extra': 0.002}",5,0.0,-13.511,0.0,-2.7022,0.2533,-48.3912,0.0004,0.0017,2986.49,-1.3073440000000003
ETH-USDT,EMASTACK,"{'max_pb': 0.01, 'vol_thresh': 1.5, 'rsi_lo': 38, 'rsi_hi': 66, 'rsi_exit': 73, 'min_adx': 20, 'allowed_hours': [8, 9, 10, 14, 15, 16, 17, 18, 19, 20, 21], 'risk_pct': 0.01, 'max_hold_bars': 144, 'use_trail': True, 'trail_ema': 21, 'tp_atr_mult': 2.5, 'stop_extra': 0.002}",5,0.0,-13.511,0.0,-2.7022,0.2533,-48.3912,0.0004,0.0017,2986.49,-1.3073440000000003
ETH-USDT,EMASTACK,"{'max_pb': 0.01, 'vol_thresh': 1.5, 'rsi_lo': 45, 'rsi_hi': 73, 'rsi_exit': 80, 'min_adx': 20, 'allowed_hours': [8, 9, 10, 14, 15, 16, 17, 18, 19, 20, 21], 'risk_pct': 0.01, 'max_hold_bars': 144, 'use_trail': True, 'trail_ema': 21, 'tp_atr_mult': 2.5, 'stop_extra': 0.002}",5,0.0,-13.511,0.0,-2.7022,0.2533,-48.3912,0.0004,0.0017,2986.49,-1.3073440000000003
ETH-USDT,EMASTACK,"{'max_pb': 0.015, 'vol_thresh': 1.5, 'rsi_lo': 38, 'rsi_hi': 66, 'rsi_exit': 73, 'min_adx': 15, 'allowed_hours': [8, 9, 10, 14, 15, 16, 17, 18, 19, 20, 21], 'risk_pct': 0.01, 'max_hold_bars': 144, 'use_trail': True, 'trail_ema': 21, 'tp_atr_mult': 2.5, 'stop_extra': 0.002}",5,0.0,-13.511,0.0,-2.7022,0.2533,-48.3912,0.0004,0.0017,2986.49,-1.3073440000000003
LINK-USDT,MTALIGN,"{'pb_thresh': 0.003, 'vol_thresh': 1.3, 'allowed_hours': [], 'tp_atr_mult': 2.5, 'risk_pct': 0.01, 'max_hold_bars': 96, 'use_trail': True, 'trail_ema': 21, 'stop_extra': 0.002}",5,0.0,-13.8885,0.0,-2.7777,0.2536,-67.2938,0.0006,0.0028,2986.11,-1.309154
ETH-USDT,EMASTACK,"{'max_pb': 0.015, 'vol_thresh': 1.2, 'rsi_lo': 45, 'rsi_hi': 73, 'rsi_exit': 80, 'min_adx': 25, 'allowed_hours': [8, 9, 10, 14, 15, 16, 17, 18, 19, 20, 21], 'risk_pct': 0.01, 'max_hold_bars': 144, 'use_trail': True, 'trail_ema': 21, 'tp_atr_mult': 2.5, 'stop_extra': 0.002}",5,0.0,-13.9834,0.0,-2.7967,0.2536,-51.28,0.0003,0.002,2986.02,-1.3095336
ETH-USDT,EMASTACK,"{'max_pb': 0.005, 'vol_thresh': 1.2, 'rsi_lo': 38, 'rsi_hi': 66, 'rsi_exit': 73, 'min_adx': 25, 'allowed_hours': [8, 9, 10, 14, 15, 16, 17, 18, 19, 20, 21], 'risk_pct': 0.01, 'max_hold_bars': 144, 'use_trail': True, 'trail_ema': 21, 'tp_atr_mult': 2.5, 'stop_extra': 0.002}",5,0.0,-13.9834,0.0,-2.7967,0.2536,-51.28,0.0003,0.002,2986.02,-1.3095336
ETH-USDT,EMASTACK,"{'max_pb': 0.015, 'vol_thresh': 1.2, 'rsi_lo': 50, 'rsi_hi': 78, 'rsi_exit': 85, 'min_adx': 25, 'allowed_hours': [8, 9, 10, 14, 15, 16, 17, 18, 19, 20, 21], 'risk_pct': 0.01, 'max_hold_bars': 144, 'use_trail': True, 'trail_ema': 21, 'tp_atr_mult': 2.5, 'stop_extra': 0.002}",5,0.0,-13.9834,0.0,-2.7967,0.2536,-51.28,0.0003,0.002,2986.02,-1.3095336
ETH-USDT,EMASTACK,"{'max_pb': 0.01, 'vol_thresh': 1.2, 'rsi_lo': 50, 'rsi_hi': 78, 'rsi_exit': 85, 'min_adx': 25, 'allowed_hours': [8, 9, 10, 14, 15, 16, 17, 18, 19, 20, 21], 'risk_pct': 0.01, 'max_hold_bars': 144, 'use_trail': True, 'trail_ema': 21, 'tp_atr_mult': 2.5, 'stop_extra': 0.002}",5,0.0,-13.9834,0.0,-2.7967,0.2536,-51.28,0.0003,0.002,2986.02,-1.3095336
ETH-USDT,EMASTACK,"{'max_pb': 0.015, 'vol_thresh': 1.2, 'rsi_lo': 38, 'rsi_hi': 66, 'rsi_exit': 73, 'min_adx': 25, 'allowed_hours': [8, 9, 10, 14, 15, 16, 17, 18, 19, 20, 21], 'risk_pct': 0.01, 'max_hold_bars': 144, 'use_trail': True, 'trail_ema': 21, 'tp_atr_mult': 2.5, 'stop_extra': 0.002}",5,0.0,-13.9834,0.0,-2.7967,0.2536,-51.28,0.0003,0.002,2986.02,-1.3095336
ETH-USDT,EMASTACK,"{'max_pb': 0.005, 'vol_thresh': 1.2, 'rsi_lo': 45, 'rsi_hi': 73, 'rsi_exit': 80, 'min_adx': 25, 'allowed_hours': [8, 9, 10, 14, 15, 16, 17, 18, 19, 20, 21], 'risk_pct': 0.01, 'max_hold_bars': 144, 'use_trail': True, 'trail_ema': 21, 'tp_atr_mult': 2.5, 'stop_extra': 0.002}",5,0.0,-13.9834,0.0,-2.7967,0.2536,-51.28,0.0003,0.002,2986.02,-1.3095336
ETH-USDT,EMASTACK,"{'max_pb': 0.01, 'vol_thresh': 1.2, 'rsi_lo': 38, 'rsi_hi': 66, 'rsi_exit': 73, 'min_adx': 25, 'allowed_hours': [8, 9, 10, 14, 15, 16, 17, 18, 19, 20, 21], 'risk_pct': 0.01, 'max_hold_bars': 144, 'use_trail': True, 'trail_ema': 21, 'tp_atr_mult': 2.5, 'stop_extra': 0.002}",5,0.0,-13.9834,0.0,-2.7967,0.2536,-51.28,0.0003,0.002,2986.02,-1.3095336
ETH-USDT,EMASTACK,"{'max_pb': 0.01, 'vol_thresh': 1.2, 'rsi_lo': 45, 'rsi_hi': 73, 'rsi_exit': 80, 'min_adx': 25, 'allowed_hours': [8, 9, 10, 14, 15, 16, 17, 18, 19, 20, 21], 'risk_pct': 0.01, 'max_hold_bars': 144, 'use_trail': True, 'trail_ema': 21, 'tp_atr_mult': 2.5, 'stop_extra': 0.002}",5,0.0,-13.9834,0.0,-2.7967,0.2536,-51.28,0.0003,0.002,2986.02,-1.3095336
ETH-USDT,EMASTACK,"{'max_pb': 0.005, 'vol_thresh': 1.2, 'rsi_lo': 50, 'rsi_hi': 78, 'rsi_exit': 85, 'min_adx': 25, 'allowed_hours': [8, 9, 10, 14, 15, 16, 17, 18, 19, 20, 21], 'risk_pct': 0.01, 'max_hold_bars': 144, 'use_trail': True, 'trail_ema': 21, 'tp_atr_mult': 2.5, 'stop_extra': 0.002}",5,0.0,-13.9834,0.0,-2.7967,0.2536,-51.28,0.0003,0.002,2986.02,-1.3095336
UNI-USDT,VSMO,"{'rsi_lo': 40, 'rsi_hi': 75, 'vol_thresh': 2.0, 'stop_atr_mult': 2.0, 'allowed_hours': [], 'tp_atr_mult': 3.0, 'risk_pct': 0.01, 'max_hold_bars': 144, 'use_trail': True, 'trail_ema': 21}",6,0.0,-13.9219,0.0,-2.3203,0.2542,-21.4817,0.0011,0.0028,2986.08,-1.3098876000000002
UNI-USDT,VSMO,"{'rsi_lo': 40, 'rsi_hi': 75, 'vol_thresh': 2.0, 'stop_atr_mult': 1.5, 'allowed_hours': [], 'tp_atr_mult': 3.0, 'risk_pct': 0.01, 'max_hold_bars': 144, 'use_trail': True, 'trail_ema': 21}",6,0.0,-13.9219,0.0,-2.3203,0.2542,-21.4817,0.0011,0.0028,2986.08,-1.3098876000000002
UNI-USDT,VSMO,"{'rsi_lo': 40, 'rsi_hi': 75, 'vol_thresh': 2.0, 'stop_atr_mult': 1.0, 'allowed_hours': [], 'tp_atr_mult': 3.0, 'risk_pct': 0.01, 'max_hold_bars': 144, 'use_trail': True, 'trail_ema': 21}",6,0.0,-13.9219,0.0,-2.3203,0.2542,-21.4817,0.0011,0.0028,2986.08,-1.3098876000000002
PEPE-USDT,MTALIGN,"{'pb_thresh': 0.005, 'vol_thresh': 1.1, 'allowed_hours': [8, 9, 10, 11, 14, 15, 16, 17, 18, 19, 20, 21], 'tp_atr_mult': 2.5, 'risk_pct': 0.01, 'max_hold_bars': 96, 'use_trail': True, 'trail_ema': 21, 'stop_extra': 0.002}",5,0.0,-14.2756,0.0,-2.8551,0.2536,-61.4573,0.0012,0.0031,2985.72,-1.3107023999999998
PEPE-USDT,MTALIGN,"{'pb_thresh': 0.008, 'vol_thresh': 1.1, 'allowed_hours': [8, 9, 10, 11, 14, 15, 16, 17, 18, 19, 20, 21], 'tp_atr_mult': 2.5, 'risk_pct': 0.01, 'max_hold_bars': 96, 'use_trail': True, 'trail_ema': 21, 'stop_extra': 0.002}",5,0.0,-14.2756,0.0,-2.8551,0.2536,-61.4573,0.0012,0.0031,2985.72,-1.3107023999999998
ETH-USDT,MTALIGN,"{'pb_thresh': 0.003, 'vol_thresh': 1.3, 'allowed_hours': [14, 15, 16, 17, 18, 19], 'tp_atr_mult': 2.5, 'risk_pct': 0.01, 'max_hold_bars': 96, 'use_trail': True, 'trail_ema': 21, 'stop_extra': 0.002}",6,0.0,-14.3279,0.0,-2.388,0.2535,-178.3273,0.0006,0.0015,2985.67,-1.3108115999999996
ETH-USDT,MTALIGN,"{'pb_thresh': 0.003, 'vol_thresh': 1.1, 'allowed_hours': [14, 15, 16, 17, 18, 19], 'tp_atr_mult': 2.5, 'risk_pct': 0.01, 'max_hold_bars': 96, 'use_trail': True, 'trail_ema': 21, 'stop_extra': 0.002}",6,0.0,-14.3279,0.0,-2.388,0.2535,-178.3273,0.0006,0.0015,2985.67,-1.3108115999999996
ETH-USDT,EMASTACK,"{'max_pb': 0.005, 'vol_thresh': 2.0, 'rsi_lo': 38, 'rsi_hi': 66, 'rsi_exit': 73, 'min_adx': 25, 'allowed_hours': [], 'risk_pct': 0.01, 'max_hold_bars': 144, 'use_trail': True, 'trail_ema': 21, 'tp_atr_mult': 2.5, 'stop_extra': 0.002}",5,0.0,-14.5135,0.0,-2.9027,0.2535,-54.9279,0.0006,0.0021,2985.49,-1.3115539999999997
ETH-USDT,EMASTACK,"{'max_pb': 0.015, 'vol_thresh': 2.0, 'rsi_lo': 38, 'rsi_hi': 66, 'rsi_exit': 73, 'min_adx': 25, 'allowed_hours': [], 'risk_pct': 0.01, 'max_hold_bars': 144, 'use_trail': True, 'trail_ema': 21, 'tp_atr_mult': 2.5, 'stop_extra': 0.002}",5,0.0,-14.5135,0.0,-2.9027,0.2535,-54.9279,0.0006,0.0021,2985.49,-1.3115539999999997
ETH-USDT,EMASTACK,"{'max_pb': 0.01, 'vol_thresh': 2.0, 'rsi_lo': 38, 'rsi_hi': 66, 'rsi_exit': 73, 'min_adx': 25, 'allowed_hours': [], 'risk_pct': 0.01, 'max_hold_bars': 144, 'use_trail': True, 'trail_ema': 21, 'tp_atr_mult': 2.5, 'stop_extra': 0.002}",5,0.0,-14.5135,0.0,-2.9027,0.2535,-54.9279,0.0006,0.0021,2985.49,-1.3115539999999997
AVAX-USDT,HVOL,"{'min_adx': 25, 'vol_thresh': 1.3, 'max_ext': 0.02, 'adx_exit': 20, 'allowed_hours': [], 'risk_pct': 0.01, 'max_hold_bars': 120, 'use_trail': False, 'tp_atr_mult': 2.5}",20,0.15,-71.8796,0.1633,-3.594,0.2693,-11.6704,0.0049,0.0055,2928.12,-1.3118683999999998
AVAX-USDT,HVOL,"{'min_adx': 25, 'vol_thresh': 1.3, 'max_ext': 0.01, 'adx_exit': 20, 'allowed_hours': [], 'risk_pct': 0.01, 'max_hold_bars': 120, 'use_trail': False, 'tp_atr_mult': 2.5}",20,0.15,-71.8796,0.1633,-3.594,0.2693,-11.6704,0.0049,0.0055,2928.12,-1.3118683999999998
AVAX-USDT,HVOL,"{'min_adx': 25, 'vol_thresh': 1.3, 'max_ext': 0.01, 'adx_exit': 15, 'allowed_hours': [], 'risk_pct': 0.01, 'max_hold_bars': 120, 'use_trail': False, 'tp_atr_mult': 2.5}",20,0.15,-71.8796,0.1633,-3.594,0.2693,-11.6704,0.0049,0.0055,2928.12,-1.3118683999999998
AVAX-USDT,HVOL,"{'min_adx': 25, 'vol_thresh': 1.3, 'max_ext': 0.02, 'adx_exit': 15, 'allowed_hours': [], 'risk_pct': 0.01, 'max_hold_bars': 120, 'use_trail': False, 'tp_atr_mult': 2.5}",20,0.15,-71.8796,0.1633,-3.594,0.2693,-11.6704,0.0049,0.0055,2928.12,-1.3118683999999998
AVAX-USDT,HVOL,"{'min_adx': 25, 'vol_thresh': 1.3, 'max_ext': 0.03, 'adx_exit': 15, 'allowed_hours': [], 'risk_pct': 0.01, 'max_hold_bars': 120, 'use_trail': False, 'tp_atr_mult': 2.5}",20,0.15,-71.8796,0.1633,-3.594,0.2693,-11.6704,0.0049,0.0055,2928.12,-1.3118683999999998
AVAX-USDT,HVOL,"{'min_adx': 25, 'vol_thresh': 1.3, 'max_ext': 0.03, 'adx_exit': 20, 'allowed_hours': [], 'risk_pct': 0.01, 'max_hold_bars': 120, 'use_trail': False, 'tp_atr_mult': 2.5}",20,0.15,-71.8796,0.1633,-3.594,0.2693,-11.6704,0.0049,0.0055,2928.12,-1.3118683999999998
UNI-USDT,HVOL,"{'min_adx': 25, 'vol_thresh': 1.3, 'max_ext': 0.01, 'adx_exit': 25, 'allowed_hours': [], 'risk_pct': 0.01, 'max_hold_bars': 120, 'use_trail': False, 'tp_atr_mult': 2.5}",18,0.1111,-67.6598,0.1509,-3.7589,0.2678,-15.2063,0.0037,0.0059,2932.34,-1.3120892000000002
UNI-USDT,HVOL,"{'min_adx': 25, 'vol_thresh': 1.3, 'max_ext': 0.03, 'adx_exit': 25, 'allowed_hours': [], 'risk_pct': 0.01, 'max_hold_bars': 120, 'use_trail': False, 'tp_atr_mult': 2.5}",18,0.1111,-67.6598,0.1509,-3.7589,0.2678,-15.2063,0.0037,0.0059,2932.34,-1.3120892000000002
UNI-USDT,HVOL,"{'min_adx': 25, 'vol_thresh': 1.3, 'max_ext': 0.02, 'adx_exit': 25, 'allowed_hours': [], 'risk_pct': 0.01, 'max_hold_bars': 120, 'use_trail': False, 'tp_atr_mult': 2.5}",18,0.1111,-67.6598,0.1509,-3.7589,0.2678,-15.2063,0.0037,0.0059,2932.34,-1.3120892000000002
ADA-USDT,MTALIGN,"{'pb_thresh': 0.003, 'vol_thresh': 2.0, 'allowed_hours': [], 'tp_atr_mult': 2.5, 'risk_pct': 0.01, 'max_hold_bars': 96, 'use_trail': True, 'trail_ema': 21, 'stop_extra': 0.002}",6,0.0,-14.7325,0.0,-2.4554,0.2537,-50.1453,0.0011,0.0025,2985.27,-1.3126300000000002
AVAX-USDT,VSMO,"{'rsi_lo': 45, 'rsi_hi': 80, 'vol_thresh': 2.5, 'stop_atr_mult': 1.5, 'allowed_hours': [], 'tp_atr_mult': 3.0, 'risk_pct': 0.01, 'max_hold_bars': 144, 'use_trail': True, 'trail_ema': 21}",6,0.0,-14.7422,0.0,-2.457,0.2537,-48.1352,0.0006,0.0025,2985.26,-1.3126688000000002
AVAX-USDT,VSMO,"{'rsi_lo': 45, 'rsi_hi': 80, 'vol_thresh': 2.5, 'stop_atr_mult': 2.0, 'allowed_hours': [], 'tp_atr_mult': 3.0, 'risk_pct': 0.01, 'max_hold_bars': 144, 'use_trail': True, 'trail_ema': 21}",6,0.0,-14.7422,0.0,-2.457,0.2537,-48.1352,0.0006,0.0025,2985.26,-1.3126688000000002
AVAX-USDT,VSMO,"{'rsi_lo': 45, 'rsi_hi': 80, 'vol_thresh': 2.5, 'stop_atr_mult': 1.0, 'allowed_hours': [], 'tp_atr_mult': 3.0, 'risk_pct': 0.01, 'max_hold_bars': 144, 'use_trail': True, 'trail_ema': 21}",6,0.0,-14.7422,0.0,-2.457,0.2537,-48.1352,0.0006,0.0025,2985.26,-1.3126688000000002
DOT-USDT,VSMO,"{'rsi_lo': 45, 'rsi_hi': 80, 'vol_thresh': 1.5, 'stop_atr_mult': 2.0, 'allowed_hours': [8, 9, 10, 11, 14, 15, 16, 17, 18, 19, 20, 21], 'tp_atr_mult': 3.0, 'risk_pct': 0.01, 'max_hold_bars': 144, 'use_trail': True, 'trail_ema': 21}",8,0.0,-14.6249,0.0,-1.8281,0.2545,-18.8335,0.0003,0.0032,2985.38,-1.3129996000000002
DOT-USDT,VSMO,"{'rsi_lo': 45, 'rsi_hi': 80, 'vol_thresh': 1.5, 'stop_atr_mult': 1.5, 'allowed_hours': [8, 9, 10, 11, 14, 15, 16, 17, 18, 19, 20, 21], 'tp_atr_mult': 3.0, 'risk_pct': 0.01, 'max_hold_bars': 144, 'use_trail': True, 'trail_ema': 21}",8,0.0,-14.6249,0.0,-1.8281,0.2545,-18.8335,0.0003,0.0032,2985.38,-1.3129996000000002
DOT-USDT,VSMO,"{'rsi_lo': 45, 'rsi_hi': 80, 'vol_thresh': 1.5, 'stop_atr_mult': 1.0, 'allowed_hours': [8, 9, 10, 11, 14, 15, 16, 17, 18, 19, 20, 21], 'tp_atr_mult': 3.0, 'risk_pct': 0.01, 'max_hold_bars': 144, 'use_trail': True, 'trail_ema': 21}",8,0.0,-14.6249,0.0,-1.8281,0.2545,-18.8335,0.0003,0.0032,2985.38,-1.3129996000000002
SOL-USDT,HVOL,"{'min_adx': 25, 'vol_thresh': 1.5, 'max_ext': 0.01, 'adx_exit': 25, 'allowed_hours': [], 'risk_pct': 0.01, 'max_hold_bars': 120, 'use_trail': False, 'tp_atr_mult': 2.5}",17,0.0588,-49.2495,0.0988,-2.897,0.2643,-16.4577,0.003,0.0033,2950.75,-1.313098
SOL-USDT,HVOL,"{'min_adx': 25, 'vol_thresh': 1.5, 'max_ext': 0.03, 'adx_exit': 25, 'allowed_hours': [], 'risk_pct': 0.01, 'max_hold_bars': 120, 'use_trail': False, 'tp_atr_mult': 2.5}",17,0.0588,-49.2495,0.0988,-2.897,0.2643,-16.4577,0.003,0.0033,2950.75,-1.313098
SOL-USDT,HVOL,"{'min_adx': 25, 'vol_thresh': 1.5, 'max_ext': 0.02, 'adx_exit': 25, 'allowed_hours': [], 'risk_pct': 0.01, 'max_hold_bars': 120, 'use_trail': False, 'tp_atr_mult': 2.5}",17,0.0588,-49.2495,0.0988,-2.897,0.2643,-16.4577,0.003,0.0033,2950.75,-1.313098
LINK-USDT,EMASTACK,"{'max_pb': 0.015, 'vol_thresh': 1.5, 'rsi_lo': 38, 'rsi_hi': 66, 'rsi_exit': 73, 'min_adx': 15, 'allowed_hours': [], 'risk_pct': 0.01, 'max_hold_bars': 144, 'use_trail': True, 'trail_ema': 21, 'tp_atr_mult': 2.5, 'stop_extra': 0.002}",5,0.0,-14.9216,0.0,-2.9843,0.2535,-68.1813,0.0008,0.0029,2985.08,-1.3131863999999998
LINK-USDT,EMASTACK,"{'max_pb': 0.005, 'vol_thresh': 1.2, 'rsi_lo': 38, 'rsi_hi': 66, 'rsi_exit': 73, 'min_adx': 15, 'allowed_hours': [], 'risk_pct': 0.01, 'max_hold_bars': 144, 'use_trail': True, 'trail_ema': 21, 'tp_atr_mult': 2.5, 'stop_extra': 0.002}",5,0.0,-14.9216,0.0,-2.9843,0.2535,-68.1813,0.0008,0.0029,2985.08,-1.3131863999999998
LINK-USDT,EMASTACK,"{'max_pb': 0.01, 'vol_thresh': 1.2, 'rsi_lo': 38, 'rsi_hi': 66, 'rsi_exit': 73, 'min_adx': 15, 'allowed_hours': [], 'risk_pct': 0.01, 'max_hold_bars': 144, 'use_trail': True, 'trail_ema': 21, 'tp_atr_mult': 2.5, 'stop_extra': 0.002}",5,0.0,-14.9216,0.0,-2.9843,0.2535,-68.1813,0.0008,0.0029,2985.08,-1.3131863999999998
LINK-USDT,EMASTACK,"{'max_pb': 0.01, 'vol_thresh': 1.5, 'rsi_lo': 38, 'rsi_hi': 66, 'rsi_exit': 73, 'min_adx': 15, 'allowed_hours': [], 'risk_pct': 0.01, 'max_hold_bars': 144, 'use_trail': True, 'trail_ema': 21, 'tp_atr_mult': 2.5, 'stop_extra': 0.002}",5,0.0,-14.9216,0.0,-2.9843,0.2535,-68.1813,0.0008,0.0029,2985.08,-1.3131863999999998
LINK-USDT,EMASTACK,"{'max_pb': 0.005, 'vol_thresh': 1.5, 'rsi_lo': 38, 'rsi_hi': 66, 'rsi_exit': 73, 'min_adx': 15, 'allowed_hours': [], 'risk_pct': 0.01, 'max_hold_bars': 144, 'use_trail': True, 'trail_ema': 21, 'tp_atr_mult': 2.5, 'stop_extra': 0.002}",5,0.0,-14.9216,0.0,-2.9843,0.2535,-68.1813,0.0008,0.0029,2985.08,-1.3131863999999998
LINK-USDT,EMASTACK,"{'max_pb': 0.015, 'vol_thresh': 1.2, 'rsi_lo': 38, 'rsi_hi': 66, 'rsi_exit': 73, 'min_adx': 15, 'allowed_hours': [], 'risk_pct': 0.01, 'max_hold_bars': 144, 'use_trail': True, 'trail_ema': 21, 'tp_atr_mult': 2.5, 'stop_extra': 0.002}",5,0.0,-14.9216,0.0,-2.9843,0.2535,-68.1813,0.0008,0.0029,2985.08,-1.3131863999999998
DOT-USDT,MTALIGN,"{'pb_thresh': 0.003, 'vol_thresh': 2.0, 'allowed_hours': [], 'tp_atr_mult': 2.5, 'risk_pct': 0.01, 'max_hold_bars': 96, 'use_trail': True, 'trail_ema': 21, 'stop_extra': 0.002}",5,0.0,-14.8411,0.0,-2.9682,0.254,-48.359,0.0037,0.0031,2985.16,-1.3133644000000002
NEAR-USDT,VSMO,"{'rsi_lo': 45, 'rsi_hi': 80, 'vol_thresh': 2.0, 'stop_atr_mult': 2.0, 'allowed_hours': [], 'tp_atr_mult': 3.0, 'risk_pct': 0.01, 'max_hold_bars': 144, 'use_trail': True, 'trail_ema': 21}",5,0.0,-14.8793,0.0,-2.9759,0.2539,-11.844,0.0041,0.0043,2985.12,-1.3134172
NEAR-USDT,VSMO,"{'rsi_lo': 45, 'rsi_hi': 80, 'vol_thresh': 2.0, 'stop_atr_mult': 1.0, 'allowed_hours': [], 'tp_atr_mult': 3.0, 'risk_pct': 0.01, 'max_hold_bars': 144, 'use_trail': True, 'trail_ema': 21}",5,0.0,-14.8793,0.0,-2.9759,0.2539,-11.844,0.0041,0.0043,2985.12,-1.3134172
NEAR-USDT,VSMO,"{'rsi_lo': 45, 'rsi_hi': 80, 'vol_thresh': 2.0, 'stop_atr_mult': 1.5, 'allowed_hours': [], 'tp_atr_mult': 3.0, 'risk_pct': 0.01, 'max_hold_bars': 144, 'use_trail': True, 'trail_ema': 21}",5,0.0,-14.8793,0.0,-2.9759,0.2539,-11.844,0.0041,0.0043,2985.12,-1.3134172
DOT-USDT,MTALIGN,"{'pb_thresh': 0.003, 'vol_thresh': 1.5, 'allowed_hours': [8, 9, 10, 11, 14, 15, 16, 17, 18, 19, 20, 21], 'tp_atr_mult': 2.5, 'risk_pct': 0.01, 'max_hold_bars': 96, 'use_trail': True, 'trail_ema': 21, 'stop_extra': 0.002}",5,0.0,-14.8838,0.0,-2.9768,0.254,-54.1159,0.0027,0.0031,2985.12,-1.3135352
LINK-USDT,MTALIGN,"{'pb_thresh': 0.008, 'vol_thresh': 1.1, 'allowed_hours': [8, 9, 10, 11, 14, 15, 16, 17, 18, 19, 20, 21], 'tp_atr_mult': 2.5, 'risk_pct': 0.01, 'max_hold_bars': 96, 'use_trail': True, 'trail_ema': 21, 'stop_extra': 0.002}",5,0.0,-15.0407,0.0,-3.0081,0.2537,-50.5566,0.0008,0.0024,2984.96,-1.3138628
LINK-USDT,MTALIGN,"{'pb_thresh': 0.005, 'vol_thresh': 1.3, 'allowed_hours': [8, 9, 10, 11, 14, 15, 16, 17, 18, 19, 20, 21], 'tp_atr_mult': 2.5, 'risk_pct': 0.01, 'max_hold_bars': 96, 'use_trail': True, 'trail_ema': 21, 'stop_extra': 0.002}",5,0.0,-15.0407,0.0,-3.0081,0.2537,-50.5566,0.0008,0.0024,2984.96,-1.3138628
LINK-USDT,MTALIGN,"{'pb_thresh': 0.005, 'vol_thresh': 1.1, 'allowed_hours': [8, 9, 10, 11, 14, 15, 16, 17, 18, 19, 20, 21], 'tp_atr_mult': 2.5, 'risk_pct': 0.01, 'max_hold_bars': 96, 'use_trail': True, 'trail_ema': 21, 'stop_extra': 0.002}",5,0.0,-15.0407,0.0,-3.0081,0.2537,-50.5566,0.0008,0.0024,2984.96,-1.3138628
LINK-USDT,MTALIGN,"{'pb_thresh': 0.008, 'vol_thresh': 1.3, 'allowed_hours': [8, 9, 10, 11, 14, 15, 16, 17, 18, 19, 20, 21], 'tp_atr_mult': 2.5, 'risk_pct': 0.01, 'max_hold_bars': 96, 'use_trail': True, 'trail_ema': 21, 'stop_extra': 0.002}",5,0.0,-15.0407,0.0,-3.0081,0.2537,-50.5566,0.0008,0.0024,2984.96,-1.3138628
XLM-USDT,HVOL,"{'min_adx': 20, 'vol_thresh': 2.0, 'max_ext': 0.02, 'adx_exit': 15, 'allowed_hours': [], 'risk_pct': 0.01, 'max_hold_bars': 120, 'use_trail': False, 'tp_atr_mult': 2.5}",25,0.16,-69.9403,0.1556,-2.7976,0.2676,-14.0218,0.0042,0.0038,2930.06,-1.3139612
XLM-USDT,HVOL,"{'min_adx': 20, 'vol_thresh': 2.0, 'max_ext': 0.01, 'adx_exit': 15, 'allowed_hours': [], 'risk_pct': 0.01, 'max_hold_bars': 120, 'use_trail': False, 'tp_atr_mult': 2.5}",25,0.16,-69.9403,0.1556,-2.7976,0.2676,-14.0218,0.0042,0.0038,2930.06,-1.3139612
XLM-USDT,HVOL,"{'min_adx': 20, 'vol_thresh': 2.0, 'max_ext': 0.03, 'adx_exit': 15, 'allowed_hours': [], 'risk_pct': 0.01, 'max_hold_bars': 120, 'use_trail': False, 'tp_atr_mult': 2.5}",25,0.16,-69.9403,0.1556,-2.7976,0.2676,-14.0218,0.0042,0.0038,2930.06,-1.3139612
BTC-USDT,EMASTACK,"{'max_pb': 0.005, 'vol_thresh': 1.2, 'rsi_lo': 38, 'rsi_hi': 66, 'rsi_exit': 73, 'min_adx': 15, 'allowed_hours': [], 'risk_pct': 0.01, 'max_hold_bars': 144, 'use_trail': True, 'trail_ema': 21, 'tp_atr_mult': 2.5, 'stop_extra': 0.002}",7,0.0,-14.8493,0.0,-2.1213,0.255,-40.9028,0.0013,0.0025,2985.15,-1.3143971999999997
BTC-USDT,EMASTACK,"{'max_pb': 0.015, 'vol_thresh': 1.2, 'rsi_lo': 38, 'rsi_hi': 66, 'rsi_exit': 73, 'min_adx': 15, 'allowed_hours': [], 'risk_pct': 0.01, 'max_hold_bars': 144, 'use_trail': True, 'trail_ema': 21, 'tp_atr_mult': 2.5, 'stop_extra': 0.002}",7,0.0,-14.8493,0.0,-2.1213,0.255,-40.9028,0.0013,0.0025,2985.15,-1.3143971999999997
BTC-USDT,EMASTACK,"{'max_pb': 0.01, 'vol_thresh': 1.2, 'rsi_lo': 38, 'rsi_hi': 66, 'rsi_exit': 73, 'min_adx': 15, 'allowed_hours': [], 'risk_pct': 0.01, 'max_hold_bars': 144, 'use_trail': True, 'trail_ema': 21, 'tp_atr_mult': 2.5, 'stop_extra': 0.002}",7,0.0,-14.8493,0.0,-2.1213,0.255,-40.9028,0.0013,0.0025,2985.15,-1.3143971999999997
ETH-USDT,MTALIGN,"{'pb_thresh': 0.008, 'vol_thresh': 1.5, 'allowed_hours': [14, 15, 16, 17, 18, 19], 'tp_atr_mult': 2.5, 'risk_pct': 0.01, 'max_hold_bars': 96, 'use_trail': True, 'trail_ema': 21, 'stop_extra': 0.002}",5,0.0,-15.1746,0.0,-3.0349,0.2538,-58.7328,0.0004,0.0022,2984.83,-1.3144984000000002
ETH-USDT,MTALIGN,"{'pb_thresh': 0.005, 'vol_thresh': 1.5, 'allowed_hours': [14, 15, 16, 17, 18, 19], 'tp_atr_mult': 2.5, 'risk_pct': 0.01, 'max_hold_bars': 96, 'use_trail': True, 'trail_ema': 21, 'stop_extra': 0.002}",5,0.0,-15.1746,0.0,-3.0349,0.2538,-58.7328,0.0004,0.0022,2984.83,-1.3144984000000002
ETH-USDT,MTALIGN,"{'pb_thresh': 0.008, 'vol_thresh': 2.0, 'allowed_hours': [14, 15, 16, 17, 18, 19], 'tp_atr_mult': 2.5, 'risk_pct': 0.01, 'max_hold_bars': 96, 'use_trail': True, 'trail_ema': 21, 'stop_extra': 0.002}",5,0.0,-15.1746,0.0,-3.0349,0.2538,-58.7328,0.0004,0.0022,2984.83,-1.3144984000000002
ETH-USDT,MTALIGN,"{'pb_thresh': 0.005, 'vol_thresh': 2.0, 'allowed_hours': [14, 15, 16, 17, 18, 19], 'tp_atr_mult': 2.5, 'risk_pct': 0.01, 'max_hold_bars': 96, 'use_trail': True, 'trail_ema': 21, 'stop_extra': 0.002}",5,0.0,-15.1746,0.0,-3.0349,0.2538,-58.7328,0.0004,0.0022,2984.83,-1.3144984000000002
LINK-USDT,MTALIGN,"{'pb_thresh': 0.003, 'vol_thresh': 1.1, 'allowed_hours': [], 'tp_atr_mult': 2.5, 'risk_pct': 0.01, 'max_hold_bars': 96, 'use_trail': True, 'trail_ema': 21, 'stop_extra': 0.002}",6,0.0,-15.1877,0.0,-2.5313,0.2539,-49.4563,0.0007,0.0024,2984.81,-1.3146508
HYPE-USDT,MTALIGN,"{'pb_thresh': 0.003, 'vol_thresh': 2.0, 'allowed_hours': [], 'tp_atr_mult': 2.5, 'risk_pct': 0.01, 'max_hold_bars': 96, 'use_trail': True, 'trail_ema': 21, 'stop_extra': 0.002}",7,0.1429,-15.369,0.0001,-2.1956,0.254,-26.594,0.0028,0.0019,2984.63,-1.3153260000000002
HYPE-USDT,HVOL,"{'min_adx': 30, 'vol_thresh': 1.3, 'max_ext': 0.03, 'adx_exit': 15, 'allowed_hours': [], 'risk_pct': 0.01, 'max_hold_bars': 120, 'use_trail': False, 'tp_atr_mult': 2.5}",21,0.1429,-58.0189,0.1214,-2.7628,0.2654,-14.7509,0.0041,0.0043,2941.98,-1.3153756000000003
HYPE-USDT,HVOL,"{'min_adx': 30, 'vol_thresh': 1.3, 'max_ext': 0.03, 'adx_exit': 20, 'allowed_hours': [], 'risk_pct': 0.01, 'max_hold_bars': 120, 'use_trail': False, 'tp_atr_mult': 2.5}",21,0.1429,-58.0189,0.1214,-2.7628,0.2654,-14.7509,0.0041,0.0043,2941.98,-1.3153756000000003
HYPE-USDT,HVOL,"{'min_adx': 30, 'vol_thresh': 1.3, 'max_ext': 0.02, 'adx_exit': 15, 'allowed_hours': [], 'risk_pct': 0.01, 'max_hold_bars': 120, 'use_trail': False, 'tp_atr_mult': 2.5}",21,0.1429,-58.0189,0.1214,-2.7628,0.2654,-14.7509,0.0041,0.0043,2941.98,-1.3153756000000003
HYPE-USDT,HVOL,"{'min_adx': 30, 'vol_thresh': 1.3, 'max_ext': 0.01, 'adx_exit': 15, 'allowed_hours': [], 'risk_pct': 0.01, 'max_hold_bars': 120, 'use_trail': False, 'tp_atr_mult': 2.5}",21,0.1429,-58.0189,0.1214,-2.7628,0.2654,-14.7509,0.0041,0.0043,2941.98,-1.3153756000000003
HYPE-USDT,HVOL,"{'min_adx': 30, 'vol_thresh': 1.3, 'max_ext': 0.01, 'adx_exit': 20, 'allowed_hours': [], 'risk_pct': 0.01, 'max_hold_bars': 120, 'use_trail': False, 'tp_atr_mult': 2.5}",21,0.1429,-58.0189,0.1214,-2.7628,0.2654,-14.7509,0.0041,0.0043,2941.98,-1.3153756000000003
HYPE-USDT,HVOL,"{'min_adx': 30, 'vol_thresh': 1.3, 'max_ext': 0.02, 'adx_exit': 20, 'allowed_hours': [], 'risk_pct': 0.01, 'max_hold_bars': 120, 'use_trail': False, 'tp_atr_mult': 2.5}",21,0.1429,-58.0189,0.1214,-2.7628,0.2654,-14.7509,0.0041,0.0043,2941.98,-1.3153756000000003
ONDO-USDT,MTALIGN,"{'pb_thresh': 0.008, 'vol_thresh': 1.3, 'allowed_hours': [], 'tp_atr_mult': 2.5, 'risk_pct': 0.01, 'max_hold_bars': 96, 'use_trail': True, 'trail_ema': 21, 'stop_extra': 0.002}",8,0.125,-22.7389,0.0208,-2.8424,0.2557,-32.1677,0.004,0.0029,2977.26,-1.3154556
SUI-USDT,HVOL,"{'min_adx': 25, 'vol_thresh': 1.5, 'max_ext': 0.03, 'adx_exit': 15, 'allowed_hours': [], 'risk_pct': 0.01, 'max_hold_bars': 120, 'use_trail': False, 'tp_atr_mult': 2.5}",18,0.1667,-85.7132,0.1996,-4.7618,0.2723,-10.8616,0.0087,0.0084,2914.29,-1.3157527999999998
SUI-USDT,HVOL,"{'min_adx': 25, 'vol_thresh': 1.5, 'max_ext': 0.01, 'adx_exit': 15, 'allowed_hours': [], 'risk_pct': 0.01, 'max_hold_bars': 120, 'use_trail': False, 'tp_atr_mult': 2.5}",18,0.1667,-85.7132,0.1996,-4.7618,0.2723,-10.8616,0.0087,0.0084,2914.29,-1.3157527999999998
SUI-USDT,HVOL,"{'min_adx': 25, 'vol_thresh': 1.5, 'max_ext': 0.02, 'adx_exit': 15, 'allowed_hours': [], 'risk_pct': 0.01, 'max_hold_bars': 120, 'use_trail': False, 'tp_atr_mult': 2.5}",18,0.1667,-85.7132,0.1996,-4.7618,0.2723,-10.8616,0.0087,0.0084,2914.29,-1.3157527999999998
PEPE-USDT,VSMO,"{'rsi_lo': 45, 'rsi_hi': 80, 'vol_thresh': 1.5, 'stop_atr_mult': 1.5, 'allowed_hours': [], 'tp_atr_mult': 3.0, 'risk_pct': 0.01, 'max_hold_bars': 144, 'use_trail': True, 'trail_ema': 21}",6,0.0,-15.6494,0.0,-2.6082,0.2536,-60.1765,0.0004,0.0022,2984.35,-1.3161976000000002
PEPE-USDT,VSMO,"{'rsi_lo': 45, 'rsi_hi': 80, 'vol_thresh': 2.0, 'stop_atr_mult': 2.0, 'allowed_hours': [], 'tp_atr_mult': 3.0, 'risk_pct': 0.01, 'max_hold_bars': 144, 'use_trail': True, 'trail_ema': 21}",6,0.0,-15.6494,0.0,-2.6082,0.2536,-60.1765,0.0004,0.0022,2984.35,-1.3161976000000002
PEPE-USDT,VSMO,"{'rsi_lo': 45, 'rsi_hi': 80, 'vol_thresh': 2.0, 'stop_atr_mult': 1.0, 'allowed_hours': [], 'tp_atr_mult': 3.0, 'risk_pct': 0.01, 'max_hold_bars': 144, 'use_trail': True, 'trail_ema': 21}",6,0.0,-15.6494,0.0,-2.6082,0.2536,-60.1765,0.0004,0.0022,2984.35,-1.3161976000000002
PEPE-USDT,VSMO,"{'rsi_lo': 45, 'rsi_hi': 80, 'vol_thresh': 1.5, 'stop_atr_mult': 1.0, 'allowed_hours': [], 'tp_atr_mult': 3.0, 'risk_pct': 0.01, 'max_hold_bars': 144, 'use_trail': True, 'trail_ema': 21}",6,0.0,-15.6494,0.0,-2.6082,0.2536,-60.1765,0.0004,0.0022,2984.35,-1.3161976000000002
PEPE-USDT,VSMO,"{'rsi_lo': 45, 'rsi_hi': 80, 'vol_thresh': 1.5, 'stop_atr_mult': 2.0, 'allowed_hours': [], 'tp_atr_mult': 3.0, 'risk_pct': 0.01, 'max_hold_bars': 144, 'use_trail': True, 'trail_ema': 21}",6,0.0,-15.6494,0.0,-2.6082,0.2536,-60.1765,0.0004,0.0022,2984.35,-1.3161976000000002
PEPE-USDT,VSMO,"{'rsi_lo': 45, 'rsi_hi': 80, 'vol_thresh': 2.0, 'stop_atr_mult': 1.5, 'allowed_hours': [], 'tp_atr_mult': 3.0, 'risk_pct': 0.01, 'max_hold_bars': 144, 'use_trail': True, 'trail_ema': 21}",6,0.0,-15.6494,0.0,-2.6082,0.2536,-60.1765,0.0004,0.0022,2984.35,-1.3161976000000002
DOGE-USDT,MTALIGN,"{'pb_thresh': 0.008, 'vol_thresh': 1.1, 'allowed_hours': [8, 9, 10, 11, 14, 15, 16, 17, 18, 19, 20, 21], 'tp_atr_mult': 2.5, 'risk_pct': 0.01, 'max_hold_bars': 96, 'use_trail': True, 'trail_ema': 21, 'stop_extra': 0.002}",6,0.0,-16.1514,0.0,-2.6919,0.254,-48.1539,0.0012,0.002,2983.85,-1.3186056000000002
DOGE-USDT,MTALIGN,"{'pb_thresh': 0.005, 'vol_thresh': 1.1, 'allowed_hours': [8, 9, 10, 11, 14, 15, 16, 17, 18, 19, 20, 21], 'tp_atr_mult': 2.5, 'risk_pct': 0.01, 'max_hold_bars': 96, 'use_trail': True, 'trail_ema': 21, 'stop_extra': 0.002}",6,0.0,-16.1514,0.0,-2.6919,0.254,-48.1539,0.0012,0.002,2983.85,-1.3186056000000002
LINK-USDT,MTALIGN,"{'pb_thresh': 0.005, 'vol_thresh': 1.5, 'allowed_hours': [], 'tp_atr_mult': 2.5, 'risk_pct': 0.01, 'max_hold_bars': 96, 'use_trail': True, 'trail_ema': 21, 'stop_extra': 0.002}",5,0.0,-16.2274,0.0,-3.2455,0.2542,-75.3001,0.0007,0.0036,2983.77,-1.3191096
LINK-USDT,MTALIGN,"{'pb_thresh': 0.008, 'vol_thresh': 1.5, 'allowed_hours': [], 'tp_atr_mult': 2.5, 'risk_pct': 0.01, 'max_hold_bars': 96, 'use_trail': True, 'trail_ema': 21, 'stop_extra': 0.002}",5,0.0,-16.2274,0.0,-3.2455,0.2542,-75.3001,0.0007,0.0036,2983.77,-1.3191096
LINK-USDT,MTALIGN,"{'pb_thresh': 0.005, 'vol_thresh': 2.0, 'allowed_hours': [], 'tp_atr_mult': 2.5, 'risk_pct': 0.01, 'max_hold_bars': 96, 'use_trail': True, 'trail_ema': 21, 'stop_extra': 0.002}",5,0.0,-16.2274,0.0,-3.2455,0.2542,-75.3001,0.0007,0.0036,2983.77,-1.3191096
LINK-USDT,MTALIGN,"{'pb_thresh': 0.008, 'vol_thresh': 2.0, 'allowed_hours': [], 'tp_atr_mult': 2.5, 'risk_pct': 0.01, 'max_hold_bars': 96, 'use_trail': True, 'trail_ema': 21, 'stop_extra': 0.002}",5,0.0,-16.2274,0.0,-3.2455,0.2542,-75.3001,0.0007,0.0036,2983.77,-1.3191096
ETH-USDT,EMASTACK,"{'max_pb': 0.005, 'vol_thresh': 1.2, 'rsi_lo': 50, 'rsi_hi': 78, 'rsi_exit': 85, 'min_adx': 15, 'allowed_hours': [8, 9, 10, 14, 15, 16, 17, 18, 19, 20, 21], 'risk_pct': 0.01, 'max_hold_bars': 144, 'use_trail': True, 'trail_ema': 21, 'tp_atr_mult': 2.5, 'stop_extra': 0.002}",6,0.0,-16.2703,0.0,-2.7117,0.2542,-52.9912,0.0002,0.0018,2983.73,-1.3192811999999998
ETH-USDT,EMASTACK,"{'max_pb': 0.015, 'vol_thresh': 1.2, 'rsi_lo': 45, 'rsi_hi': 73, 'rsi_exit': 80, 'min_adx': 15, 'allowed_hours': [8, 9, 10, 14, 15, 16, 17, 18, 19, 20, 21], 'risk_pct': 0.01, 'max_hold_bars': 144, 'use_trail': True, 'trail_ema': 21, 'tp_atr_mult': 2.5, 'stop_extra': 0.002}",6,0.0,-16.2703,0.0,-2.7117,0.2542,-52.9912,0.0002,0.0018,2983.73,-1.3192811999999998
ETH-USDT,EMASTACK,"{'max_pb': 0.015, 'vol_thresh': 1.2, 'rsi_lo': 50, 'rsi_hi': 78, 'rsi_exit': 85, 'min_adx': 15, 'allowed_hours': [8, 9, 10, 14, 15, 16, 17, 18, 19, 20, 21], 'risk_pct': 0.01, 'max_hold_bars': 144, 'use_trail': True, 'trail_ema': 21, 'tp_atr_mult': 2.5, 'stop_extra': 0.002}",6,0.0,-16.2703,0.0,-2.7117,0.2542,-52.9912,0.0002,0.0018,2983.73,-1.3192811999999998
ETH-USDT,EMASTACK,"{'max_pb': 0.005, 'vol_thresh': 1.2, 'rsi_lo': 45, 'rsi_hi': 73, 'rsi_exit': 80, 'min_adx': 15, 'allowed_hours': [8, 9, 10, 14, 15, 16, 17, 18, 19, 20, 21], 'risk_pct': 0.01, 'max_hold_bars': 144, 'use_trail': True, 'trail_ema': 21, 'tp_atr_mult': 2.5, 'stop_extra': 0.002}",6,0.0,-16.2703,0.0,-2.7117,0.2542,-52.9912,0.0002,0.0018,2983.73,-1.3192811999999998
ETH-USDT,EMASTACK,"{'max_pb': 0.01, 'vol_thresh': 1.2, 'rsi_lo': 50, 'rsi_hi': 78, 'rsi_exit': 85, 'min_adx': 15, 'allowed_hours': [8, 9, 10, 14, 15, 16, 17, 18, 19, 20, 21], 'risk_pct': 0.01, 'max_hold_bars': 144, 'use_trail': True, 'trail_ema': 21, 'tp_atr_mult': 2.5, 'stop_extra': 0.002}",6,0.0,-16.2703,0.0,-2.7117,0.2542,-52.9912,0.0002,0.0018,2983.73,-1.3192811999999998
ETH-USDT,EMASTACK,"{'max_pb': 0.015, 'vol_thresh': 1.2, 'rsi_lo': 38, 'rsi_hi': 66, 'rsi_exit': 73, 'min_adx': 20, 'allowed_hours': [8, 9, 10, 14, 15, 16, 17, 18, 19, 20, 21], 'risk_pct': 0.01, 'max_hold_bars': 144, 'use_trail': True, 'trail_ema': 21, 'tp_atr_mult': 2.5, 'stop_extra': 0.002}",6,0.0,-16.2703,0.0,-2.7117,0.2542,-52.9912,0.0002,0.0018,2983.73,-1.3192811999999998
ETH-USDT,EMASTACK,"{'max_pb': 0.01, 'vol_thresh': 1.2, 'rsi_lo': 38, 'rsi_hi': 66, 'rsi_exit': 73, 'min_adx': 15, 'allowed_hours': [8, 9, 10, 14, 15, 16, 17, 18, 19, 20, 21], 'risk_pct': 0.01, 'max_hold_bars': 144, 'use_trail': True, 'trail_ema': 21, 'tp_atr_mult': 2.5, 'stop_extra': 0.002}",6,0.0,-16.2703,0.0,-2.7117,0.2542,-52.9912,0.0002,0.0018,2983.73,-1.3192811999999998
ETH-USDT,EMASTACK,"{'max_pb': 0.01, 'vol_thresh': 1.2, 'rsi_lo': 50, 'rsi_hi': 78, 'rsi_exit': 85, 'min_adx': 20, 'allowed_hours': [8, 9, 10, 14, 15, 16, 17, 18, 19, 20, 21], 'risk_pct': 0.01, 'max_hold_bars': 144, 'use_trail': True, 'trail_ema': 21, 'tp_atr_mult': 2.5, 'stop_extra': 0.002}",6,0.0,-16.2703,0.0,-2.7117,0.2542,-52.9912,0.0002,0.0018,2983.73,-1.3192811999999998
ETH-USDT,EMASTACK,"{'max_pb': 0.015, 'vol_thresh': 1.2, 'rsi_lo': 38, 'rsi_hi': 66, 'rsi_exit': 73, 'min_adx': 15, 'allowed_hours': [8, 9, 10, 14, 15, 16, 17, 18, 19, 20, 21], 'risk_pct': 0.01, 'max_hold_bars': 144, 'use_trail': True, 'trail_ema': 21, 'tp_atr_mult': 2.5, 'stop_extra': 0.002}",6,0.0,-16.2703,0.0,-2.7117,0.2542,-52.9912,0.0002,0.0018,2983.73,-1.3192811999999998
ETH-USDT,EMASTACK,"{'max_pb': 0.005, 'vol_thresh': 1.2, 'rsi_lo': 50, 'rsi_hi': 78, 'rsi_exit': 85, 'min_adx': 20, 'allowed_hours': [8, 9, 10, 14, 15, 16, 17, 18, 19, 20, 21], 'risk_pct': 0.01, 'max_hold_bars': 144, 'use_trail': True, 'trail_ema': 21, 'tp_atr_mult': 2.5, 'stop_extra': 0.002}",6,0.0,-16.2703,0.0,-2.7117,0.2542,-52.9912,0.0002,0.0018,2983.73,-1.3192811999999998
ETH-USDT,EMASTACK,"{'max_pb': 0.01, 'vol_thresh': 1.2, 'rsi_lo': 38, 'rsi_hi': 66, 'rsi_exit': 73, 'min_adx': 20, 'allowed_hours': [8, 9, 10, 14, 15, 16, 17, 18, 19, 20, 21], 'risk_pct': 0.01, 'max_hold_bars': 144, 'use_trail': True, 'trail_ema': 21, 'tp_atr_mult': 2.5, 'stop_extra': 0.002}",6,0.0,-16.2703,0.0,-2.7117,0.2542,-52.9912,0.0002,0.0018,2983.73,-1.3192811999999998
ETH-USDT,EMASTACK,"{'max_pb': 0.005, 'vol_thresh': 1.2, 'rsi_lo': 45, 'rsi_hi': 73, 'rsi_exit': 80, 'min_adx': 20, 'allowed_hours': [8, 9, 10, 14, 15, 16, 17, 18, 19, 20, 21], 'risk_pct': 0.01, 'max_hold_bars': 144, 'use_trail': True, 'trail_ema': 21, 'tp_atr_mult': 2.5, 'stop_extra': 0.002}",6,0.0,-16.2703,0.0,-2.7117,0.2542,-52.9912,0.0002,0.0018,2983.73,-1.3192811999999998
ETH-USDT,EMASTACK,"{'max_pb': 0.015, 'vol_thresh': 1.2, 'rsi_lo': 50, 'rsi_hi': 78, 'rsi_exit': 85, 'min_adx': 20, 'allowed_hours': [8, 9, 10, 14, 15, 16, 17, 18, 19, 20, 21], 'risk_pct': 0.01, 'max_hold_bars': 144, 'use_trail': True, 'trail_ema': 21, 'tp_atr_mult': 2.5, 'stop_extra': 0.002}",6,0.0,-16.2703,0.0,-2.7117,0.2542,-52.9912,0.0002,0.0018,2983.73,-1.3192811999999998
ETH-USDT,EMASTACK,"{'max_pb': 0.005, 'vol_thresh': 1.2, 'rsi_lo': 38, 'rsi_hi': 66, 'rsi_exit': 73, 'min_adx': 15, 'allowed_hours': [8, 9, 10, 14, 15, 16, 17, 18, 19, 20, 21], 'risk_pct': 0.01, 'max_hold_bars': 144, 'use_trail': True, 'trail_ema': 21, 'tp_atr_mult': 2.5, 'stop_extra': 0.002}",6,0.0,-16.2703,0.0,-2.7117,0.2542,-52.9912,0.0002,0.0018,2983.73,-1.3192811999999998
ETH-USDT,EMASTACK,"{'max_pb': 0.01, 'vol_thresh': 1.2, 'rsi_lo': 45, 'rsi_hi': 73, 'rsi_exit': 80, 'min_adx': 20, 'allowed_hours': [8, 9, 10, 14, 15, 16, 17, 18, 19, 20, 21], 'risk_pct': 0.01, 'max_hold_bars': 144, 'use_trail': True, 'trail_ema': 21, 'tp_atr_mult': 2.5, 'stop_extra': 0.002}",6,0.0,-16.2703,0.0,-2.7117,0.2542,-52.9912,0.0002,0.0018,2983.73,-1.3192811999999998
ETH-USDT,EMASTACK,"{'max_pb': 0.005, 'vol_thresh': 1.2, 'rsi_lo': 38, 'rsi_hi': 66, 'rsi_exit': 73, 'min_adx': 20, 'allowed_hours': [8, 9, 10, 14, 15, 16, 17, 18, 19, 20, 21], 'risk_pct': 0.01, 'max_hold_bars': 144, 'use_trail': True, 'trail_ema': 21, 'tp_atr_mult': 2.5, 'stop_extra': 0.002}",6,0.0,-16.2703,0.0,-2.7117,0.2542,-52.9912,0.0002,0.0018,2983.73,-1.3192811999999998
ETH-USDT,EMASTACK,"{'max_pb': 0.015, 'vol_thresh': 1.2, 'rsi_lo': 45, 'rsi_hi': 73, 'rsi_exit': 80, 'min_adx': 20, 'allowed_hours': [8, 9, 10, 14, 15, 16, 17, 18, 19, 20, 21], 'risk_pct': 0.01, 'max_hold_bars': 144, 'use_trail': True, 'trail_ema': 21, 'tp_atr_mult': 2.5, 'stop_extra': 0.002}",6,0.0,-16.2703,0.0,-2.7117,0.2542,-52.9912,0.0002,0.0018,2983.73,-1.3192811999999998
ETH-USDT,EMASTACK,"{'max_pb': 0.01, 'vol_thresh': 1.2, 'rsi_lo': 45, 'rsi_hi': 73, 'rsi_exit': 80, 'min_adx': 15, 'allowed_hours': [8, 9, 10, 14, 15, 16, 17, 18, 19, 20, 21], 'risk_pct': 0.01, 'max_hold_bars': 144, 'use_trail': True, 'trail_ema': 21, 'tp_atr_mult': 2.5, 'stop_extra': 0.002}",6,0.0,-16.2703,0.0,-2.7117,0.2542,-52.9912,0.0002,0.0018,2983.73,-1.3192811999999998
DOT-USDT,VSMO,"{'rsi_lo': 45, 'rsi_hi': 80, 'vol_thresh': 3.0, 'stop_atr_mult': 1.0, 'allowed_hours': [], 'tp_atr_mult': 3.0, 'risk_pct': 0.01, 'max_hold_bars': 144, 'use_trail': True, 'trail_ema': 21}",8,0.0,-16.1299,0.0,-2.0162,0.2549,-21.4555,0.001,0.003,2983.87,-1.3194196000000002
DOT-USDT,VSMO,"{'rsi_lo': 45, 'rsi_hi': 80, 'vol_thresh': 3.0, 'stop_atr_mult': 1.5, 'allowed_hours': [], 'tp_atr_mult': 3.0, 'risk_pct': 0.01, 'max_hold_bars': 144, 'use_trail': True, 'trail_ema': 21}",8,0.0,-16.1299,0.0,-2.0162,0.2549,-21.4555,0.001,0.003,2983.87,-1.3194196000000002
DOT-USDT,VSMO,"{'rsi_lo': 45, 'rsi_hi': 80, 'vol_thresh': 3.0, 'stop_atr_mult': 2.0, 'allowed_hours': [], 'tp_atr_mult': 3.0, 'risk_pct': 0.01, 'max_hold_bars': 144, 'use_trail': True, 'trail_ema': 21}",8,0.0,-16.1299,0.0,-2.0162,0.2549,-21.4555,0.001,0.003,2983.87,-1.3194196000000002
ETH-USDT,EMASTACK,"{'max_pb': 0.005, 'vol_thresh': 1.5, 'rsi_lo': 38, 'rsi_hi': 66, 'rsi_exit': 73, 'min_adx': 20, 'allowed_hours': [], 'risk_pct': 0.01, 'max_hold_bars': 144, 'use_trail': True, 'trail_ema': 21, 'tp_atr_mult': 2.5, 'stop_extra': 0.002}",11,0.0909,-26.5717,0.0289,-2.4156,0.2565,-31.6041,0.0007,0.0017,2973.43,-1.3194368
ETH-USDT,EMASTACK,"{'max_pb': 0.01, 'vol_thresh': 1.5, 'rsi_lo': 38, 'rsi_hi': 66, 'rsi_exit': 73, 'min_adx': 20, 'allowed_hours': [], 'risk_pct': 0.01, 'max_hold_bars': 144, 'use_trail': True, 'trail_ema': 21, 'tp_atr_mult': 2.5, 'stop_extra': 0.002}",11,0.0909,-26.5717,0.0289,-2.4156,0.2565,-31.6041,0.0007,0.0017,2973.43,-1.3194368
ETH-USDT,EMASTACK,"{'max_pb': 0.015, 'vol_thresh': 1.5, 'rsi_lo': 38, 'rsi_hi': 66, 'rsi_exit': 73, 'min_adx': 15, 'allowed_hours': [], 'risk_pct': 0.01, 'max_hold_bars': 144, 'use_trail': True, 'trail_ema': 21, 'tp_atr_mult': 2.5, 'stop_extra': 0.002}",11,0.0909,-26.5717,0.0289,-2.4156,0.2565,-31.6041,0.0007,0.0017,2973.43,-1.3194368
ETH-USDT,EMASTACK,"{'max_pb': 0.01, 'vol_thresh': 1.5, 'rsi_lo': 38, 'rsi_hi': 66, 'rsi_exit': 73, 'min_adx': 15, 'allowed_hours': [], 'risk_pct': 0.01, 'max_hold_bars': 144, 'use_trail': True, 'trail_ema': 21, 'tp_atr_mult': 2.5, 'stop_extra': 0.002}",11,0.0909,-26.5717,0.0289,-2.4156,0.2565,-31.6041,0.0007,0.0017,2973.43,-1.3194368
ETH-USDT,EMASTACK,"{'max_pb': 0.005, 'vol_thresh': 1.5, 'rsi_lo': 38, 'rsi_hi': 66, 'rsi_exit': 73, 'min_adx': 15, 'allowed_hours': [], 'risk_pct': 0.01, 'max_hold_bars': 144, 'use_trail': True, 'trail_ema': 21, 'tp_atr_mult': 2.5, 'stop_extra': 0.002}",11,0.0909,-26.5717,0.0289,-2.4156,0.2565,-31.6041,0.0007,0.0017,2973.43,-1.3194368
ETH-USDT,EMASTACK,"{'max_pb': 0.015, 'vol_thresh': 1.5, 'rsi_lo': 38, 'rsi_hi': 66, 'rsi_exit': 73, 'min_adx': 20, 'allowed_hours': [], 'risk_pct': 0.01, 'max_hold_bars': 144, 'use_trail': True, 'trail_ema': 21, 'tp_atr_mult': 2.5, 'stop_extra': 0.002}",11,0.0909,-26.5717,0.0289,-2.4156,0.2565,-31.6041,0.0007,0.0017,2973.43,-1.3194368
AVAX-USDT,MTALIGN,"{'pb_thresh': 0.003, 'vol_thresh': 1.5, 'allowed_hours': [], 'tp_atr_mult': 2.5, 'risk_pct': 0.01, 'max_hold_bars': 96, 'use_trail': True, 'trail_ema': 21, 'stop_extra': 0.002}",6,0.0,-16.3845,0.0,-2.7308,0.2541,-56.8647,0.0011,0.0021,2983.62,-1.319638
BTC-USDT,EMASTACK,"{'max_pb': 0.005, 'vol_thresh': 1.2, 'rsi_lo': 50, 'rsi_hi': 78, 'rsi_exit': 85, 'min_adx': 15, 'allowed_hours': [], 'risk_pct': 0.01, 'max_hold_bars': 144, 'use_trail': True, 'trail_ema': 21, 'tp_atr_mult': 2.5, 'stop_extra': 0.002}",7,0.0,-16.1168,0.0,-2.3024,0.2553,-65.111,0.0013,0.0025,2983.88,-1.3197672000000003
BTC-USDT,EMASTACK,"{'max_pb': 0.015, 'vol_thresh': 1.2, 'rsi_lo': 45, 'rsi_hi': 73, 'rsi_exit': 80, 'min_adx': 15, 'allowed_hours': [], 'risk_pct': 0.01, 'max_hold_bars': 144, 'use_trail': True, 'trail_ema': 21, 'tp_atr_mult': 2.5, 'stop_extra': 0.002}",7,0.0,-16.1168,0.0,-2.3024,0.2553,-65.111,0.0013,0.0025,2983.88,-1.3197672000000003
BTC-USDT,EMASTACK,"{'max_pb': 0.01, 'vol_thresh': 1.2, 'rsi_lo': 50, 'rsi_hi': 78, 'rsi_exit': 85, 'min_adx': 15, 'allowed_hours': [], 'risk_pct': 0.01, 'max_hold_bars': 144, 'use_trail': True, 'trail_ema': 21, 'tp_atr_mult': 2.5, 'stop_extra': 0.002}",7,0.0,-16.1168,0.0,-2.3024,0.2553,-65.111,0.0013,0.0025,2983.88,-1.3197672000000003
BTC-USDT,EMASTACK,"{'max_pb': 0.015, 'vol_thresh': 1.2, 'rsi_lo': 50, 'rsi_hi': 78, 'rsi_exit': 85, 'min_adx': 15, 'allowed_hours': [], 'risk_pct': 0.01, 'max_hold_bars': 144, 'use_trail': True, 'trail_ema': 21, 'tp_atr_mult': 2.5, 'stop_extra': 0.002}",7,0.0,-16.1168,0.0,-2.3024,0.2553,-65.111,0.0013,0.0025,2983.88,-1.3197672000000003
BTC-USDT,EMASTACK,"{'max_pb': 0.005, 'vol_thresh': 1.2, 'rsi_lo': 45, 'rsi_hi': 73, 'rsi_exit': 80, 'min_adx': 15, 'allowed_hours': [], 'risk_pct': 0.01, 'max_hold_bars': 144, 'use_trail': True, 'trail_ema': 21, 'tp_atr_mult': 2.5, 'stop_extra': 0.002}",7,0.0,-16.1168,0.0,-2.3024,0.2553,-65.111,0.0013,0.0025,2983.88,-1.3197672000000003
BTC-USDT,EMASTACK,"{'max_pb': 0.01, 'vol_thresh': 1.2, 'rsi_lo': 45, 'rsi_hi': 73, 'rsi_exit': 80, 'min_adx': 15, 'allowed_hours': [], 'risk_pct': 0.01, 'max_hold_bars': 144, 'use_trail': True, 'trail_ema': 21, 'tp_atr_mult': 2.5, 'stop_extra': 0.002}",7,0.0,-16.1168,0.0,-2.3024,0.2553,-65.111,0.0013,0.0025,2983.88,-1.3197672000000003
SOL-USDT,HVOL,"{'min_adx': 25, 'vol_thresh': 2.0, 'max_ext': 0.02, 'adx_exit': 20, 'allowed_hours': [], 'risk_pct': 0.01, 'max_hold_bars': 120, 'use_trail': False, 'tp_atr_mult': 2.5}",13,0.1538,-41.1018,0.0704,-3.1617,0.2612,-20.4459,0.0025,0.0036,2958.9,-1.3200072
SOL-USDT,HVOL,"{'min_adx': 25, 'vol_thresh': 2.0, 'max_ext': 0.01, 'adx_exit': 15, 'allowed_hours': [], 'risk_pct': 0.01, 'max_hold_bars': 120, 'use_trail': False, 'tp_atr_mult': 2.5}",13,0.1538,-41.1018,0.0704,-3.1617,0.2612,-20.4459,0.0025,0.0036,2958.9,-1.3200072
SOL-USDT,HVOL,"{'min_adx': 25, 'vol_thresh': 2.0, 'max_ext': 0.01, 'adx_exit': 20, 'allowed_hours': [], 'risk_pct': 0.01, 'max_hold_bars': 120, 'use_trail': False, 'tp_atr_mult': 2.5}",13,0.1538,-41.1018,0.0704,-3.1617,0.2612,-20.4459,0.0025,0.0036,2958.9,-1.3200072
SOL-USDT,HVOL,"{'min_adx': 25, 'vol_thresh': 2.0, 'max_ext': 0.03, 'adx_exit': 20, 'allowed_hours': [], 'risk_pct': 0.01, 'max_hold_bars': 120, 'use_trail': False, 'tp_atr_mult': 2.5}",13,0.1538,-41.1018,0.0704,-3.1617,0.2612,-20.4459,0.0025,0.0036,2958.9,-1.3200072
SOL-USDT,HVOL,"{'min_adx': 25, 'vol_thresh': 2.0, 'max_ext': 0.03, 'adx_exit': 15, 'allowed_hours': [], 'risk_pct': 0.01, 'max_hold_bars': 120, 'use_trail': False, 'tp_atr_mult': 2.5}",13,0.1538,-41.1018,0.0704,-3.1617,0.2612,-20.4459,0.0025,0.0036,2958.9,-1.3200072
SOL-USDT,HVOL,"{'min_adx': 25, 'vol_thresh': 2.0, 'max_ext': 0.02, 'adx_exit': 15, 'allowed_hours': [], 'risk_pct': 0.01, 'max_hold_bars': 120, 'use_trail': False, 'tp_atr_mult': 2.5}",13,0.1538,-41.1018,0.0704,-3.1617,0.2612,-20.4459,0.0025,0.0036,2958.9,-1.3200072
NEAR-USDT,VSMO,"{'rsi_lo': 45, 'rsi_hi': 80, 'vol_thresh': 1.5, 'stop_atr_mult': 2.0, 'allowed_hours': [], 'tp_atr_mult': 3.0, 'risk_pct': 0.01, 'max_hold_bars': 144, 'use_trail': True, 'trail_ema': 21}",6,0.0,-16.4865,0.0,-2.7477,0.2543,-11.872,0.0034,0.004,2983.51,-1.3202459999999996
NEAR-USDT,VSMO,"{'rsi_lo': 45, 'rsi_hi': 80, 'vol_thresh': 1.5, 'stop_atr_mult': 1.0, 'allowed_hours': [], 'tp_atr_mult': 3.0, 'risk_pct': 0.01, 'max_hold_bars': 144, 'use_trail': True, 'trail_ema': 21}",6,0.0,-16.4865,0.0,-2.7477,0.2543,-11.872,0.0034,0.004,2983.51,-1.3202459999999996
NEAR-USDT,VSMO,"{'rsi_lo': 45, 'rsi_hi': 80, 'vol_thresh': 1.5, 'stop_atr_mult': 1.5, 'allowed_hours': [], 'tp_atr_mult': 3.0, 'risk_pct': 0.01, 'max_hold_bars': 144, 'use_trail': True, 'trail_ema': 21}",6,0.0,-16.4865,0.0,-2.7477,0.2543,-11.872,0.0034,0.004,2983.51,-1.3202459999999996
WLD-USDT,HVOL,"{'min_adx': 20, 'vol_thresh': 2.0, 'max_ext': 0.01, 'adx_exit': 25, 'allowed_hours': [], 'risk_pct': 0.01, 'max_hold_bars': 120, 'use_trail': False, 'tp_atr_mult': 2.5}",14,0.1429,-63.3006,0.1329,-4.5215,0.2667,-13.9551,0.0056,0.0068,2936.7,-1.3205524000000002
ETH-USDT,EMASTACK,"{'max_pb': 0.015, 'vol_thresh': 1.5, 'rsi_lo': 38, 'rsi_hi': 66, 'rsi_exit': 73, 'min_adx': 25, 'allowed_hours': [], 'risk_pct': 0.01, 'max_hold_bars': 144, 'use_trail': True, 'trail_ema': 21, 'tp_atr_mult': 2.5, 'stop_extra': 0.002}",6,0.0,-16.6297,0.0,-2.7716,0.2541,-53.781,0.0005,0.0019,2983.37,-1.3206187999999999
ETH-USDT,EMASTACK,"{'max_pb': 0.005, 'vol_thresh': 1.5, 'rsi_lo': 38, 'rsi_hi': 66, 'rsi_exit': 73, 'min_adx': 25, 'allowed_hours': [], 'risk_pct': 0.01, 'max_hold_bars': 144, 'use_trail': True, 'trail_ema': 21, 'tp_atr_mult': 2.5, 'stop_extra': 0.002}",6,0.0,-16.6297,0.0,-2.7716,0.2541,-53.781,0.0005,0.0019,2983.37,-1.3206187999999999
ETH-USDT,EMASTACK,"{'max_pb': 0.01, 'vol_thresh': 1.5, 'rsi_lo': 38, 'rsi_hi': 66, 'rsi_exit': 73, 'min_adx': 25, 'allowed_hours': [], 'risk_pct': 0.01, 'max_hold_bars': 144, 'use_trail': True, 'trail_ema': 21, 'tp_atr_mult': 2.5, 'stop_extra': 0.002}",6,0.0,-16.6297,0.0,-2.7716,0.2541,-53.781,0.0005,0.0019,2983.37,-1.3206187999999999
FIL-USDT,MTALIGN,"{'pb_thresh': 0.005, 'vol_thresh': 1.5, 'allowed_hours': [8, 9, 10, 11, 14, 15, 16, 17, 18, 19, 20, 21], 'tp_atr_mult': 2.5, 'risk_pct': 0.01, 'max_hold_bars': 96, 'use_trail': True, 'trail_ema': 21, 'stop_extra': 0.002}",6,0.0,-16.6357,0.0,-2.7726,0.2541,-91.6136,0.001,0.0021,2983.36,-1.3206428000000001
FIL-USDT,MTALIGN,"{'pb_thresh': 0.003, 'vol_thresh': 1.5, 'allowed_hours': [8, 9, 10, 11, 14, 15, 16, 17, 18, 19, 20, 21], 'tp_atr_mult': 2.5, 'risk_pct': 0.01, 'max_hold_bars': 96, 'use_trail': True, 'trail_ema': 21, 'stop_extra': 0.002}",6,0.0,-16.6357,0.0,-2.7726,0.2541,-91.6136,0.001,0.0021,2983.36,-1.3206428000000001
FIL-USDT,MTALIGN,"{'pb_thresh': 0.003, 'vol_thresh': 1.3, 'allowed_hours': [8, 9, 10, 11, 14, 15, 16, 17, 18, 19, 20, 21], 'tp_atr_mult': 2.5, 'risk_pct': 0.01, 'max_hold_bars': 96, 'use_trail': True, 'trail_ema': 21, 'stop_extra': 0.002}",6,0.0,-16.6357,0.0,-2.7726,0.2541,-91.6136,0.001,0.0021,2983.36,-1.3206428000000001
FIL-USDT,MTALIGN,"{'pb_thresh': 0.008, 'vol_thresh': 1.5, 'allowed_hours': [8, 9, 10, 11, 14, 15, 16, 17, 18, 19, 20, 21], 'tp_atr_mult': 2.5, 'risk_pct': 0.01, 'max_hold_bars': 96, 'use_trail': True, 'trail_ema': 21, 'stop_extra': 0.002}",6,0.0,-16.6357,0.0,-2.7726,0.2541,-91.6136,0.001,0.0021,2983.36,-1.3206428000000001
LIT-USDT,HVOL,"{'min_adx': 30, 'vol_thresh': 2.0, 'max_ext': 0.01, 'adx_exit': 25, 'allowed_hours': [], 'risk_pct': 0.01, 'max_hold_bars': 120, 'use_trail': False, 'tp_atr_mult': 2.5}",8,0.25,-132.9425,0.3348,-16.6178,0.2921,-7.514,0.0472,0.0417,2867.06,-1.3216700000000001
DOT-USDT,HVOL,"{'min_adx': 25, 'vol_thresh': 1.5, 'max_ext': 0.02, 'adx_exit': 20, 'allowed_hours': [], 'risk_pct': 0.01, 'max_hold_bars': 120, 'use_trail': False, 'tp_atr_mult': 2.5}",17,0.1176,-70.7005,0.1511,-4.1589,0.2656,-12.5583,0.0109,0.0057,2929.3,-1.321752
DOT-USDT,HVOL,"{'min_adx': 25, 'vol_thresh': 1.5, 'max_ext': 0.01, 'adx_exit': 20, 'allowed_hours': [], 'risk_pct': 0.01, 'max_hold_bars': 120, 'use_trail': False, 'tp_atr_mult': 2.5}",17,0.1176,-70.7005,0.1511,-4.1589,0.2656,-12.5583,0.0109,0.0057,2929.3,-1.321752
APT-USDT,HVOL,"{'min_adx': 20, 'vol_thresh': 2.0, 'max_ext': 0.01, 'adx_exit': 25, 'allowed_hours': [], 'risk_pct': 0.01, 'max_hold_bars': 120, 'use_trail': False, 'tp_atr_mult': 2.5}",15,0.3333,-134.1222,0.3374,-8.9415,0.2915,-7.2123,0.0354,0.0271,2865.88,-1.3218888
AVAX-USDT,MTALIGN,"{'pb_thresh': 0.005, 'vol_thresh': 2.0, 'allowed_hours': [], 'tp_atr_mult': 2.5, 'risk_pct': 0.01, 'max_hold_bars': 96, 'use_trail': True, 'trail_ema': 21, 'stop_extra': 0.002}",5,0.0,-16.9607,0.0,-3.3921,0.2542,-61.0718,0.0013,0.0028,2983.04,-1.3220428000000002
AVAX-USDT,MTALIGN,"{'pb_thresh': 0.008, 'vol_thresh': 2.0, 'allowed_hours': [], 'tp_atr_mult': 2.5, 'risk_pct': 0.01, 'max_hold_bars': 96, 'use_trail': True, 'trail_ema': 21, 'stop_extra': 0.002}",5,0.0,-16.9607,0.0,-3.3921,0.2542,-61.0718,0.0013,0.0028,2983.04,-1.3220428000000002
SOL-USDT,MTALIGN,"{'pb_thresh': 0.003, 'vol_thresh': 1.5, 'allowed_hours': [8, 9, 10, 11, 14, 15, 16, 17, 18, 19, 20, 21], 'tp_atr_mult': 2.5, 'risk_pct': 0.01, 'max_hold_bars': 96, 'use_trail': True, 'trail_ema': 21, 'stop_extra': 0.002}",6,0.0,-17.0195,0.0,-2.8366,0.2542,-63.2043,0.0011,0.002,2982.98,-1.3222779999999998
SOL-USDT,MTALIGN,"{'pb_thresh': 0.005, 'vol_thresh': 1.5, 'allowed_hours': [8, 9, 10, 11, 14, 15, 16, 17, 18, 19, 20, 21], 'tp_atr_mult': 2.5, 'risk_pct': 0.01, 'max_hold_bars': 96, 'use_trail': True, 'trail_ema': 21, 'stop_extra': 0.002}",6,0.0,-17.0195,0.0,-2.8366,0.2542,-63.2043,0.0011,0.002,2982.98,-1.3222779999999998
SOL-USDT,MTALIGN,"{'pb_thresh': 0.008, 'vol_thresh': 1.5, 'allowed_hours': [8, 9, 10, 11, 14, 15, 16, 17, 18, 19, 20, 21], 'tp_atr_mult': 2.5, 'risk_pct': 0.01, 'max_hold_bars': 96, 'use_trail': True, 'trail_ema': 21, 'stop_extra': 0.002}",6,0.0,-17.0195,0.0,-2.8366,0.2542,-63.2043,0.0011,0.002,2982.98,-1.3222779999999998
UNI-USDT,HVOL,"{'min_adx': 20, 'vol_thresh': 2.0, 'max_ext': 0.01, 'adx_exit': 25, 'allowed_hours': [], 'risk_pct': 0.01, 'max_hold_bars': 120, 'use_trail': False, 'tp_atr_mult': 2.5}",14,0.1429,-53.8336,0.1049,-3.8453,0.2643,-16.4381,0.0043,0.0055,2946.17,-1.3222844
UNI-USDT,HVOL,"{'min_adx': 20, 'vol_thresh': 2.0, 'max_ext': 0.03, 'adx_exit': 25, 'allowed_hours': [], 'risk_pct': 0.01, 'max_hold_bars': 120, 'use_trail': False, 'tp_atr_mult': 2.5}",14,0.1429,-53.8336,0.1049,-3.8453,0.2643,-16.4381,0.0043,0.0055,2946.17,-1.3222844
UNI-USDT,HVOL,"{'min_adx': 20, 'vol_thresh': 2.0, 'max_ext': 0.02, 'adx_exit': 25, 'allowed_hours': [], 'risk_pct': 0.01, 'max_hold_bars': 120, 'use_trail': False, 'tp_atr_mult': 2.5}",14,0.1429,-53.8336,0.1049,-3.8453,0.2643,-16.4381,0.0043,0.0055,2946.17,-1.3222844
WLD-USDT,VSMO,"{'rsi_lo': 45, 'rsi_hi': 80, 'vol_thresh': 1.5, 'stop_atr_mult': 2.0, 'allowed_hours': [], 'tp_atr_mult': 3.0, 'risk_pct': 0.01, 'max_hold_bars': 144, 'use_trail': True, 'trail_ema': 21}",11,0.0909,-20.0588,0.0082,-1.8235,0.2552,-18.9695,0.002,0.003,2979.94,-1.3231351999999998
WLD-USDT,VSMO,"{'rsi_lo': 45, 'rsi_hi': 80, 'vol_thresh': 1.5, 'stop_atr_mult': 1.0, 'allowed_hours': [], 'tp_atr_mult': 3.0, 'risk_pct': 0.01, 'max_hold_bars': 144, 'use_trail': True, 'trail_ema': 21}",11,0.0909,-20.0588,0.0082,-1.8235,0.2552,-18.9695,0.002,0.003,2979.94,-1.3231351999999998
WLD-USDT,VSMO,"{'rsi_lo': 45, 'rsi_hi': 80, 'vol_thresh': 1.5, 'stop_atr_mult': 1.5, 'allowed_hours': [], 'tp_atr_mult': 3.0, 'risk_pct': 0.01, 'max_hold_bars': 144, 'use_trail': True, 'trail_ema': 21}",11,0.0909,-20.0588,0.0082,-1.8235,0.2552,-18.9695,0.002,0.003,2979.94,-1.3231351999999998
XLM-USDT,VSMO,"{'rsi_lo': 45, 'rsi_hi': 80, 'vol_thresh': 1.5, 'stop_atr_mult': 2.0, 'allowed_hours': [], 'tp_atr_mult': 3.0, 'risk_pct': 0.01, 'max_hold_bars': 144, 'use_trail': True, 'trail_ema': 21}",11,0.0,-17.3364,0.0,-1.576,0.2543,-57.9097,0.0012,0.0015,2982.66,-1.3236455999999999
XLM-USDT,VSMO,"{'rsi_lo': 45, 'rsi_hi': 80, 'vol_thresh': 1.5, 'stop_atr_mult': 1.5, 'allowed_hours': [], 'tp_atr_mult': 3.0, 'risk_pct': 0.01, 'max_hold_bars': 144, 'use_trail': True, 'trail_ema': 21}",11,0.0,-17.3364,0.0,-1.576,0.2543,-57.9097,0.0012,0.0015,2982.66,-1.3236455999999999
XLM-USDT,VSMO,"{'rsi_lo': 45, 'rsi_hi': 80, 'vol_thresh': 1.5, 'stop_atr_mult': 1.0, 'allowed_hours': [], 'tp_atr_mult': 3.0, 'risk_pct': 0.01, 'max_hold_bars': 144, 'use_trail': True, 'trail_ema': 21}",11,0.0,-17.3364,0.0,-1.576,0.2543,-57.9097,0.0012,0.0015,2982.66,-1.3236455999999999
SUI-USDT,VSMO,"{'rsi_lo': 45, 'rsi_hi': 80, 'vol_thresh': 2.0, 'stop_atr_mult': 1.5, 'allowed_hours': [], 'tp_atr_mult': 3.0, 'risk_pct': 0.01, 'max_hold_bars': 144, 'use_trail': True, 'trail_ema': 21}",8,0.0,-17.4017,0.0,-2.1752,0.2546,-25.9917,0.0007,0.0027,2982.6,-1.3242067999999998
SUI-USDT,VSMO,"{'rsi_lo': 45, 'rsi_hi': 80, 'vol_thresh': 2.0, 'stop_atr_mult': 2.0, 'allowed_hours': [], 'tp_atr_mult': 3.0, 'risk_pct': 0.01, 'max_hold_bars': 144, 'use_trail': True, 'trail_ema': 21}",8,0.0,-17.4017,0.0,-2.1752,0.2546,-25.9917,0.0007,0.0027,2982.6,-1.3242067999999998
SUI-USDT,VSMO,"{'rsi_lo': 45, 'rsi_hi': 80, 'vol_thresh': 2.0, 'stop_atr_mult': 1.0, 'allowed_hours': [], 'tp_atr_mult': 3.0, 'risk_pct': 0.01, 'max_hold_bars': 144, 'use_trail': True, 'trail_ema': 21}",8,0.0,-17.4017,0.0,-2.1752,0.2546,-25.9917,0.0007,0.0027,2982.6,-1.3242067999999998
DOT-USDT,MTALIGN,"{'pb_thresh': 0.005, 'vol_thresh': 1.1, 'allowed_hours': [], 'tp_atr_mult': 2.5, 'risk_pct': 0.01, 'max_hold_bars': 96, 'use_trail': True, 'trail_ema': 21, 'stop_extra': 0.002}",17,0.1176,-39.3379,0.0623,-2.314,0.2604,-20.8917,0.0023,0.0029,2960.66,-1.3243015999999996
DOT-USDT,VSMO,"{'rsi_lo': 45, 'rsi_hi': 80, 'vol_thresh': 2.5, 'stop_atr_mult': 1.5, 'allowed_hours': [], 'tp_atr_mult': 3.0, 'risk_pct': 0.01, 'max_hold_bars': 144, 'use_trail': True, 'trail_ema': 21}",9,0.0,-17.4343,0.0,-1.9371,0.2552,-21.5951,0.0013,0.003,2982.57,-1.3249372
DOT-USDT,VSMO,"{'rsi_lo': 45, 'rsi_hi': 80, 'vol_thresh': 2.5, 'stop_atr_mult': 2.0, 'allowed_hours': [], 'tp_atr_mult': 3.0, 'risk_pct': 0.01, 'max_hold_bars': 144, 'use_trail': True, 'trail_ema': 21}",9,0.0,-17.4343,0.0,-1.9371,0.2552,-21.5951,0.0013,0.003,2982.57,-1.3249372
DOT-USDT,VSMO,"{'rsi_lo': 45, 'rsi_hi': 80, 'vol_thresh': 2.5, 'stop_atr_mult': 1.0, 'allowed_hours': [], 'tp_atr_mult': 3.0, 'risk_pct': 0.01, 'max_hold_bars': 144, 'use_trail': True, 'trail_ema': 21}",9,0.0,-17.4343,0.0,-1.9371,0.2552,-21.5951,0.0013,0.003,2982.57,-1.3249372
SOL-USDT,HVOL,"{'min_adx': 30, 'vol_thresh': 2.0, 'max_ext': 0.02, 'adx_exit': 25, 'allowed_hours': [], 'risk_pct': 0.01, 'max_hold_bars': 120, 'use_trail': False, 'tp_atr_mult': 2.5}",10,0.1,-35.7036,0.0516,-3.5704,0.2596,-23.821,0.0016,0.0044,2964.3,-1.3250143999999997
SOL-USDT,HVOL,"{'min_adx': 30, 'vol_thresh': 2.0, 'max_ext': 0.03, 'adx_exit': 25, 'allowed_hours': [], 'risk_pct': 0.01, 'max_hold_bars': 120, 'use_trail': False, 'tp_atr_mult': 2.5}",10,0.1,-35.7036,0.0516,-3.5704,0.2596,-23.821,0.0016,0.0044,2964.3,-1.3250143999999997
SOL-USDT,HVOL,"{'min_adx': 30, 'vol_thresh': 2.0, 'max_ext': 0.01, 'adx_exit': 25, 'allowed_hours': [], 'risk_pct': 0.01, 'max_hold_bars': 120, 'use_trail': False, 'tp_atr_mult': 2.5}",10,0.1,-35.7036,0.0516,-3.5704,0.2596,-23.821,0.0016,0.0044,2964.3,-1.3250143999999997
HYPE-USDT,MTALIGN,"{'pb_thresh': 0.003, 'vol_thresh': 1.5, 'allowed_hours': [8, 9, 10, 11, 14, 15, 16, 17, 18, 19, 20, 21], 'tp_atr_mult': 2.5, 'risk_pct': 0.01, 'max_hold_bars': 96, 'use_trail': True, 'trail_ema': 21, 'stop_extra': 0.002}",6,0.0,-17.7439,0.0,-2.9573,0.2546,-42.2703,0.0013,0.0029,2982.26,-1.3255756
NEAR-USDT,MTALIGN,"{'pb_thresh': 0.005, 'vol_thresh': 1.5, 'allowed_hours': [8, 9, 10, 11, 14, 15, 16, 17, 18, 19, 20, 21], 'tp_atr_mult': 2.5, 'risk_pct': 0.01, 'max_hold_bars': 96, 'use_trail': True, 'trail_ema': 21, 'stop_extra': 0.002}",5,0.0,-17.977,0.0,-3.5954,0.2543,-58.1653,0.0014,0.0042,2982.02,-1.3262079999999998
NEAR-USDT,MTALIGN,"{'pb_thresh': 0.005, 'vol_thresh': 1.3, 'allowed_hours': [8, 9, 10, 11, 14, 15, 16, 17, 18, 19, 20, 21], 'tp_atr_mult': 2.5, 'risk_pct': 0.01, 'max_hold_bars': 96, 'use_trail': True, 'trail_ema': 21, 'stop_extra': 0.002}",5,0.0,-17.977,0.0,-3.5954,0.2543,-58.1653,0.0014,0.0042,2982.02,-1.3262079999999998
LINK-USDT,HVOL,"{'min_adx': 20, 'vol_thresh': 1.3, 'max_ext': 0.03, 'adx_exit': 25, 'allowed_hours': [], 'risk_pct': 0.01, 'max_hold_bars': 120, 'use_trail': False, 'tp_atr_mult': 2.5}",27,0.1481,-82.9826,0.1849,-3.0734,0.2727,-13.509,0.0026,0.0042,2917.02,-1.3272803999999998
LINK-USDT,HVOL,"{'min_adx': 20, 'vol_thresh': 1.3, 'max_ext': 0.01, 'adx_exit': 25, 'allowed_hours': [], 'risk_pct': 0.01, 'max_hold_bars': 120, 'use_trail': False, 'tp_atr_mult': 2.5}",27,0.1481,-82.9826,0.1849,-3.0734,0.2727,-13.509,0.0026,0.0042,2917.02,-1.3272803999999998
LINK-USDT,HVOL,"{'min_adx': 20, 'vol_thresh': 1.3, 'max_ext': 0.02, 'adx_exit': 25, 'allowed_hours': [], 'risk_pct': 0.01, 'max_hold_bars': 120, 'use_trail': False, 'tp_atr_mult': 2.5}",27,0.1481,-82.9826,0.1849,-3.0734,0.2727,-13.509,0.0026,0.0042,2917.02,-1.3272803999999998
LINK-USDT,HVOL,"{'min_adx': 20, 'vol_thresh': 1.3, 'max_ext': 0.01, 'adx_exit': 15, 'allowed_hours': [], 'risk_pct': 0.01, 'max_hold_bars': 120, 'use_trail': False, 'tp_atr_mult': 2.5}",26,0.1538,-83.08,0.1848,-3.1954,0.2729,-13.1399,0.0027,0.0046,2916.92,-1.32802
LINK-USDT,HVOL,"{'min_adx': 20, 'vol_thresh': 1.3, 'max_ext': 0.03, 'adx_exit': 15, 'allowed_hours': [], 'risk_pct': 0.01, 'max_hold_bars': 120, 'use_trail': False, 'tp_atr_mult': 2.5}",26,0.1538,-83.08,0.1848,-3.1954,0.2729,-13.1399,0.0027,0.0046,2916.92,-1.32802
LINK-USDT,HVOL,"{'min_adx': 20, 'vol_thresh': 1.3, 'max_ext': 0.02, 'adx_exit': 15, 'allowed_hours': [], 'risk_pct': 0.01, 'max_hold_bars': 120, 'use_trail': False, 'tp_atr_mult': 2.5}",26,0.1538,-83.08,0.1848,-3.1954,0.2729,-13.1399,0.0027,0.0046,2916.92,-1.32802
DOGE-USDT,HVOL,"{'min_adx': 30, 'vol_thresh': 2.0, 'max_ext': 0.02, 'adx_exit': 15, 'allowed_hours': [], 'risk_pct': 0.01, 'max_hold_bars': 120, 'use_trail': False, 'tp_atr_mult': 2.5}",12,0.25,-38.2634,0.056,-3.1886,0.2595,-17.9326,0.005,0.0036,2961.74,-1.3285536000000002
DOGE-USDT,HVOL,"{'min_adx': 30, 'vol_thresh': 2.0, 'max_ext': 0.02, 'adx_exit': 25, 'allowed_hours': [], 'risk_pct': 0.01, 'max_hold_bars': 120, 'use_trail': False, 'tp_atr_mult': 2.5}",12,0.25,-38.2634,0.056,-3.1886,0.2595,-17.9326,0.005,0.0036,2961.74,-1.3285536000000002
DOGE-USDT,HVOL,"{'min_adx': 30, 'vol_thresh': 2.0, 'max_ext': 0.01, 'adx_exit': 15, 'allowed_hours': [], 'risk_pct': 0.01, 'max_hold_bars': 120, 'use_trail': False, 'tp_atr_mult': 2.5}",12,0.25,-38.2634,0.056,-3.1886,0.2595,-17.9326,0.005,0.0036,2961.74,-1.3285536000000002
DOGE-USDT,HVOL,"{'min_adx': 30, 'vol_thresh': 2.0, 'max_ext': 0.01, 'adx_exit': 20, 'allowed_hours': [], 'risk_pct': 0.01, 'max_hold_bars': 120, 'use_trail': False, 'tp_atr_mult': 2.5}",12,0.25,-38.2634,0.056,-3.1886,0.2595,-17.9326,0.005,0.0036,2961.74,-1.3285536000000002
DOGE-USDT,HVOL,"{'min_adx': 30, 'vol_thresh': 2.0, 'max_ext': 0.03, 'adx_exit': 15, 'allowed_hours': [], 'risk_pct': 0.01, 'max_hold_bars': 120, 'use_trail': False, 'tp_atr_mult': 2.5}",12,0.25,-38.2634,0.056,-3.1886,0.2595,-17.9326,0.005,0.0036,2961.74,-1.3285536000000002
DOGE-USDT,HVOL,"{'min_adx': 30, 'vol_thresh': 2.0, 'max_ext': 0.02, 'adx_exit': 20, 'allowed_hours': [], 'risk_pct': 0.01, 'max_hold_bars': 120, 'use_trail': False, 'tp_atr_mult': 2.5}",12,0.25,-38.2634,0.056,-3.1886,0.2595,-17.9326,0.005,0.0036,2961.74,-1.3285536000000002
DOGE-USDT,HVOL,"{'min_adx': 30, 'vol_thresh': 2.0, 'max_ext': 0.03, 'adx_exit': 25, 'allowed_hours': [], 'risk_pct': 0.01, 'max_hold_bars': 120, 'use_trail': False, 'tp_atr_mult': 2.5}",12,0.25,-38.2634,0.056,-3.1886,0.2595,-17.9326,0.005,0.0036,2961.74,-1.3285536000000002
DOGE-USDT,HVOL,"{'min_adx': 30, 'vol_thresh': 2.0, 'max_ext': 0.01, 'adx_exit': 25, 'allowed_hours': [], 'risk_pct': 0.01, 'max_hold_bars': 120, 'use_trail': False, 'tp_atr_mult': 2.5}",12,0.25,-38.2634,0.056,-3.1886,0.2595,-17.9326,0.005,0.0036,2961.74,-1.3285536000000002
DOGE-USDT,HVOL,"{'min_adx': 30, 'vol_thresh': 2.0, 'max_ext': 0.03, 'adx_exit': 20, 'allowed_hours': [], 'risk_pct': 0.01, 'max_hold_bars': 120, 'use_trail': False, 'tp_atr_mult': 2.5}",12,0.25,-38.2634,0.056,-3.1886,0.2595,-17.9326,0.005,0.0036,2961.74,-1.3285536000000002
AVAX-USDT,MTALIGN,"{'pb_thresh': 0.003, 'vol_thresh': 1.3, 'allowed_hours': [], 'tp_atr_mult': 2.5, 'risk_pct': 0.01, 'max_hold_bars': 96, 'use_trail': True, 'trail_ema': 21, 'stop_extra': 0.002}",8,0.0,-18.5221,0.0,-2.3153,0.2546,-45.8638,0.0012,0.0019,2981.48,-1.3286883999999999
ETH-USDT,MTALIGN,"{'pb_thresh': 0.008, 'vol_thresh': 1.1, 'allowed_hours': [14, 15, 16, 17, 18, 19], 'tp_atr_mult': 2.5, 'risk_pct': 0.01, 'max_hold_bars': 96, 'use_trail': True, 'trail_ema': 21, 'stop_extra': 0.002}",7,0.0,-18.7422,0.0,-2.6775,0.2546,-57.5447,0.0005,0.0019,2981.26,-1.3295688
ETH-USDT,MTALIGN,"{'pb_thresh': 0.005, 'vol_thresh': 1.1, 'allowed_hours': [14, 15, 16, 17, 18, 19], 'tp_atr_mult': 2.5, 'risk_pct': 0.01, 'max_hold_bars': 96, 'use_trail': True, 'trail_ema': 21, 'stop_extra': 0.002}",7,0.0,-18.7422,0.0,-2.6775,0.2546,-57.5447,0.0005,0.0019,2981.26,-1.3295688
ETH-USDT,MTALIGN,"{'pb_thresh': 0.005, 'vol_thresh': 1.3, 'allowed_hours': [14, 15, 16, 17, 18, 19], 'tp_atr_mult': 2.5, 'risk_pct': 0.01, 'max_hold_bars': 96, 'use_trail': True, 'trail_ema': 21, 'stop_extra': 0.002}",7,0.0,-18.7422,0.0,-2.6775,0.2546,-57.5447,0.0005,0.0019,2981.26,-1.3295688
ETH-USDT,MTALIGN,"{'pb_thresh': 0.008, 'vol_thresh': 1.3, 'allowed_hours': [14, 15, 16, 17, 18, 19], 'tp_atr_mult': 2.5, 'risk_pct': 0.01, 'max_hold_bars': 96, 'use_trail': True, 'trail_ema': 21, 'stop_extra': 0.002}",7,0.0,-18.7422,0.0,-2.6775,0.2546,-57.5447,0.0005,0.0019,2981.26,-1.3295688
LINK-USDT,EMASTACK,"{'max_pb': 0.015, 'vol_thresh': 1.5, 'rsi_lo': 50, 'rsi_hi': 78, 'rsi_exit': 85, 'min_adx': 20, 'allowed_hours': [], 'risk_pct': 0.01, 'max_hold_bars': 144, 'use_trail': True, 'trail_ema': 21, 'tp_atr_mult': 2.5, 'stop_extra': 0.002}",5,0.0,-18.7448,0.0,-3.749,0.2547,-43.0326,0.0004,0.004,2981.26,-1.3296791999999997
LINK-USDT,EMASTACK,"{'max_pb': 0.01, 'vol_thresh': 1.5, 'rsi_lo': 45, 'rsi_hi': 73, 'rsi_exit': 80, 'min_adx': 20, 'allowed_hours': [], 'risk_pct': 0.01, 'max_hold_bars': 144, 'use_trail': True, 'trail_ema': 21, 'tp_atr_mult': 2.5, 'stop_extra': 0.002}",5,0.0,-18.7448,0.0,-3.749,0.2547,-43.0326,0.0004,0.004,2981.26,-1.3296791999999997
LINK-USDT,EMASTACK,"{'max_pb': 0.01, 'vol_thresh': 1.2, 'rsi_lo': 50, 'rsi_hi': 78, 'rsi_exit': 85, 'min_adx': 20, 'allowed_hours': [], 'risk_pct': 0.01, 'max_hold_bars': 144, 'use_trail': True, 'trail_ema': 21, 'tp_atr_mult': 2.5, 'stop_extra': 0.002}",5,0.0,-18.7448,0.0,-3.749,0.2547,-43.0326,0.0004,0.004,2981.26,-1.3296791999999997
LINK-USDT,EMASTACK,"{'max_pb': 0.01, 'vol_thresh': 1.5, 'rsi_lo': 50, 'rsi_hi': 78, 'rsi_exit': 85, 'min_adx': 20, 'allowed_hours': [], 'risk_pct': 0.01, 'max_hold_bars': 144, 'use_trail': True, 'trail_ema': 21, 'tp_atr_mult': 2.5, 'stop_extra': 0.002}",5,0.0,-18.7448,0.0,-3.749,0.2547,-43.0326,0.0004,0.004,2981.26,-1.3296791999999997
LINK-USDT,EMASTACK,"{'max_pb': 0.01, 'vol_thresh': 1.2, 'rsi_lo': 45, 'rsi_hi': 73, 'rsi_exit': 80, 'min_adx': 20, 'allowed_hours': [], 'risk_pct': 0.01, 'max_hold_bars': 144, 'use_trail': True, 'trail_ema': 21, 'tp_atr_mult': 2.5, 'stop_extra': 0.002}",5,0.0,-18.7448,0.0,-3.749,0.2547,-43.0326,0.0004,0.004,2981.26,-1.3296791999999997
LINK-USDT,EMASTACK,"{'max_pb': 0.015, 'vol_thresh': 1.2, 'rsi_lo': 50, 'rsi_hi': 78, 'rsi_exit': 85, 'min_adx': 20, 'allowed_hours': [], 'risk_pct': 0.01, 'max_hold_bars': 144, 'use_trail': True, 'trail_ema': 21, 'tp_atr_mult': 2.5, 'stop_extra': 0.002}",5,0.0,-18.7448,0.0,-3.749,0.2547,-43.0326,0.0004,0.004,2981.26,-1.3296791999999997
LINK-USDT,EMASTACK,"{'max_pb': 0.005, 'vol_thresh': 1.5, 'rsi_lo': 45, 'rsi_hi': 73, 'rsi_exit': 80, 'min_adx': 20, 'allowed_hours': [], 'risk_pct': 0.01, 'max_hold_bars': 144, 'use_trail': True, 'trail_ema': 21, 'tp_atr_mult': 2.5, 'stop_extra': 0.002}",5,0.0,-18.7448,0.0,-3.749,0.2547,-43.0326,0.0004,0.004,2981.26,-1.3296791999999997
LINK-USDT,EMASTACK,"{'max_pb': 0.015, 'vol_thresh': 1.2, 'rsi_lo': 45, 'rsi_hi': 73, 'rsi_exit': 80, 'min_adx': 20, 'allowed_hours': [], 'risk_pct': 0.01, 'max_hold_bars': 144, 'use_trail': True, 'trail_ema': 21, 'tp_atr_mult': 2.5, 'stop_extra': 0.002}",5,0.0,-18.7448,0.0,-3.749,0.2547,-43.0326,0.0004,0.004,2981.26,-1.3296791999999997
LINK-USDT,EMASTACK,"{'max_pb': 0.005, 'vol_thresh': 1.2, 'rsi_lo': 50, 'rsi_hi': 78, 'rsi_exit': 85, 'min_adx': 20, 'allowed_hours': [], 'risk_pct': 0.01, 'max_hold_bars': 144, 'use_trail': True, 'trail_ema': 21, 'tp_atr_mult': 2.5, 'stop_extra': 0.002}",5,0.0,-18.7448,0.0,-3.749,0.2547,-43.0326,0.0004,0.004,2981.26,-1.3296791999999997
LINK-USDT,EMASTACK,"{'max_pb': 0.005, 'vol_thresh': 1.5, 'rsi_lo': 50, 'rsi_hi': 78, 'rsi_exit': 85, 'min_adx': 20, 'allowed_hours': [], 'risk_pct': 0.01, 'max_hold_bars': 144, 'use_trail': True, 'trail_ema': 21, 'tp_atr_mult': 2.5, 'stop_extra': 0.002}",5,0.0,-18.7448,0.0,-3.749,0.2547,-43.0326,0.0004,0.004,2981.26,-1.3296791999999997
LINK-USDT,EMASTACK,"{'max_pb': 0.005, 'vol_thresh': 1.2, 'rsi_lo': 45, 'rsi_hi': 73, 'rsi_exit': 80, 'min_adx': 20, 'allowed_hours': [], 'risk_pct': 0.01, 'max_hold_bars': 144, 'use_trail': True, 'trail_ema': 21, 'tp_atr_mult': 2.5, 'stop_extra': 0.002}",5,0.0,-18.7448,0.0,-3.749,0.2547,-43.0326,0.0004,0.004,2981.26,-1.3296791999999997
LINK-USDT,EMASTACK,"{'max_pb': 0.015, 'vol_thresh': 1.5, 'rsi_lo': 45, 'rsi_hi': 73, 'rsi_exit': 80, 'min_adx': 20, 'allowed_hours': [], 'risk_pct': 0.01, 'max_hold_bars': 144, 'use_trail': True, 'trail_ema': 21, 'tp_atr_mult': 2.5, 'stop_extra': 0.002}",5,0.0,-18.7448,0.0,-3.749,0.2547,-43.0326,0.0004,0.004,2981.26,-1.3296791999999997
DOT-USDT,HVOL,"{'min_adx': 30, 'vol_thresh': 1.5, 'max_ext': 0.01, 'adx_exit': 20, 'allowed_hours': [], 'risk_pct': 0.01, 'max_hold_bars': 120, 'use_trail': False, 'tp_atr_mult': 2.5}",15,0.1333,-71.8328,0.149,-4.7889,0.2659,-12.4512,0.0103,0.0064,2928.17,-1.3297312000000001
DOT-USDT,HVOL,"{'min_adx': 30, 'vol_thresh': 1.5, 'max_ext': 0.02, 'adx_exit': 20, 'allowed_hours': [], 'risk_pct': 0.01, 'max_hold_bars': 120, 'use_trail': False, 'tp_atr_mult': 2.5}",15,0.1333,-71.8328,0.149,-4.7889,0.2659,-12.4512,0.0103,0.0064,2928.17,-1.3297312000000001
UNI-USDT,VSMO,"{'rsi_lo': 45, 'rsi_hi': 80, 'vol_thresh': 2.5, 'stop_atr_mult': 2.0, 'allowed_hours': [], 'tp_atr_mult': 3.0, 'risk_pct': 0.01, 'max_hold_bars': 144, 'use_trail': True, 'trail_ema': 21}",6,0.0,-18.8976,0.0,-3.1496,0.2547,-50.6127,0.0016,0.0029,2981.1,-1.3302903999999995
UNI-USDT,VSMO,"{'rsi_lo': 45, 'rsi_hi': 80, 'vol_thresh': 2.5, 'stop_atr_mult': 1.5, 'allowed_hours': [], 'tp_atr_mult': 3.0, 'risk_pct': 0.01, 'max_hold_bars': 144, 'use_trail': True, 'trail_ema': 21}",6,0.0,-18.8976,0.0,-3.1496,0.2547,-50.6127,0.0016,0.0029,2981.1,-1.3302903999999995
UNI-USDT,VSMO,"{'rsi_lo': 45, 'rsi_hi': 80, 'vol_thresh': 2.5, 'stop_atr_mult': 1.0, 'allowed_hours': [], 'tp_atr_mult': 3.0, 'risk_pct': 0.01, 'max_hold_bars': 144, 'use_trail': True, 'trail_ema': 21}",6,0.0,-18.8976,0.0,-3.1496,0.2547,-50.6127,0.0016,0.0029,2981.1,-1.3302903999999995
AVAX-USDT,VSMO,"{'rsi_lo': 45, 'rsi_hi': 80, 'vol_thresh': 2.0, 'stop_atr_mult': 1.0, 'allowed_hours': [], 'tp_atr_mult': 3.0, 'risk_pct': 0.01, 'max_hold_bars': 144, 'use_trail': True, 'trail_ema': 21}",9,0.0,-18.9367,0.0,-2.1041,0.2547,-38.1392,0.0005,0.0021,2981.06,-1.3304467999999998
AVAX-USDT,VSMO,"{'rsi_lo': 45, 'rsi_hi': 80, 'vol_thresh': 2.0, 'stop_atr_mult': 2.0, 'allowed_hours': [], 'tp_atr_mult': 3.0, 'risk_pct': 0.01, 'max_hold_bars': 144, 'use_trail': True, 'trail_ema': 21}",9,0.0,-18.9367,0.0,-2.1041,0.2547,-38.1392,0.0005,0.0021,2981.06,-1.3304467999999998
AVAX-USDT,VSMO,"{'rsi_lo': 45, 'rsi_hi': 80, 'vol_thresh': 2.0, 'stop_atr_mult': 1.5, 'allowed_hours': [], 'tp_atr_mult': 3.0, 'risk_pct': 0.01, 'max_hold_bars': 144, 'use_trail': True, 'trail_ema': 21}",9,0.0,-18.9367,0.0,-2.1041,0.2547,-38.1392,0.0005,0.0021,2981.06,-1.3304467999999998
SOL-USDT,HVOL,"{'min_adx': 25, 'vol_thresh': 1.5, 'max_ext': 0.03, 'adx_exit': 15, 'allowed_hours': [], 'risk_pct': 0.01, 'max_hold_bars': 120, 'use_trail': False, 'tp_atr_mult': 2.5}",17,0.0588,-51.78,0.0943,-3.0459,0.2649,-17.0775,0.003,0.0033,2948.22,-1.3305699999999998
SOL-USDT,HVOL,"{'min_adx': 25, 'vol_thresh': 1.5, 'max_ext': 0.01, 'adx_exit': 15, 'allowed_hours': [], 'risk_pct': 0.01, 'max_hold_bars': 120, 'use_trail': False, 'tp_atr_mult': 2.5}",17,0.0588,-51.78,0.0943,-3.0459,0.2649,-17.0775,0.003,0.0033,2948.22,-1.3305699999999998
SOL-USDT,HVOL,"{'min_adx': 25, 'vol_thresh': 1.5, 'max_ext': 0.02, 'adx_exit': 15, 'allowed_hours': [], 'risk_pct': 0.01, 'max_hold_bars': 120, 'use_trail': False, 'tp_atr_mult': 2.5}",17,0.0588,-51.78,0.0943,-3.0459,0.2649,-17.0775,0.003,0.0033,2948.22,-1.3305699999999998
SOL-USDT,HVOL,"{'min_adx': 25, 'vol_thresh': 1.5, 'max_ext': 0.03, 'adx_exit': 20, 'allowed_hours': [], 'risk_pct': 0.01, 'max_hold_bars': 120, 'use_trail': False, 'tp_atr_mult': 2.5}",17,0.0588,-51.78,0.0943,-3.0459,0.2649,-17.0775,0.003,0.0033,2948.22,-1.3305699999999998
SOL-USDT,HVOL,"{'min_adx': 25, 'vol_thresh': 1.5, 'max_ext': 0.01, 'adx_exit': 20, 'allowed_hours': [], 'risk_pct': 0.01, 'max_hold_bars': 120, 'use_trail': False, 'tp_atr_mult': 2.5}",17,0.0588,-51.78,0.0943,-3.0459,0.2649,-17.0775,0.003,0.0033,2948.22,-1.3305699999999998
SOL-USDT,HVOL,"{'min_adx': 25, 'vol_thresh': 1.5, 'max_ext': 0.02, 'adx_exit': 20, 'allowed_hours': [], 'risk_pct': 0.01, 'max_hold_bars': 120, 'use_trail': False, 'tp_atr_mult': 2.5}",17,0.0588,-51.78,0.0943,-3.0459,0.2649,-17.0775,0.003,0.0033,2948.22,-1.3305699999999998
LINK-USDT,HVOL,"{'min_adx': 25, 'vol_thresh': 2.0, 'max_ext': 0.01, 'adx_exit': 20, 'allowed_hours': [], 'risk_pct': 0.01, 'max_hold_bars': 120, 'use_trail': False, 'tp_atr_mult': 2.5}",12,0.0833,-44.0807,0.0713,-3.6734,0.2617,-20.0,0.0037,0.0046,2955.92,-1.3310728
LINK-USDT,HVOL,"{'min_adx': 25, 'vol_thresh': 2.0, 'max_ext': 0.03, 'adx_exit': 20, 'allowed_hours': [], 'risk_pct': 0.01, 'max_hold_bars': 120, 'use_trail': False, 'tp_atr_mult': 2.5}",12,0.0833,-44.0807,0.0713,-3.6734,0.2617,-20.0,0.0037,0.0046,2955.92,-1.3310728
LINK-USDT,HVOL,"{'min_adx': 25, 'vol_thresh': 2.0, 'max_ext': 0.02, 'adx_exit': 20, 'allowed_hours': [], 'risk_pct': 0.01, 'max_hold_bars': 120, 'use_trail': False, 'tp_atr_mult': 2.5}",12,0.0833,-44.0807,0.0713,-3.6734,0.2617,-20.0,0.0037,0.0046,2955.92,-1.3310728
DOT-USDT,MTALIGN,"{'pb_thresh': 0.003, 'vol_thresh': 1.3, 'allowed_hours': [8, 9, 10, 11, 14, 15, 16, 17, 18, 19, 20, 21], 'tp_atr_mult': 2.5, 'risk_pct': 0.01, 'max_hold_bars': 96, 'use_trail': True, 'trail_ema': 21, 'stop_extra': 0.002}",7,0.0,-19.1882,0.0,-2.7412,0.2551,-52.8892,0.002,0.0031,2980.81,-1.3318528
ETH-USDT,EMASTACK,"{'max_pb': 0.005, 'vol_thresh': 1.2, 'rsi_lo': 38, 'rsi_hi': 66, 'rsi_exit': 73, 'min_adx': 25, 'allowed_hours': [], 'risk_pct': 0.01, 'max_hold_bars': 144, 'use_trail': True, 'trail_ema': 21, 'tp_atr_mult': 2.5, 'stop_extra': 0.002}",7,0.0,-19.4041,0.0,-2.772,0.2549,-58.0984,0.0004,0.002,2980.6,-1.3325164000000003
ETH-USDT,EMASTACK,"{'max_pb': 0.01, 'vol_thresh': 1.2, 'rsi_lo': 38, 'rsi_hi': 66, 'rsi_exit': 73, 'min_adx': 25, 'allowed_hours': [], 'risk_pct': 0.01, 'max_hold_bars': 144, 'use_trail': True, 'trail_ema': 21, 'tp_atr_mult': 2.5, 'stop_extra': 0.002}",7,0.0,-19.4041,0.0,-2.772,0.2549,-58.0984,0.0004,0.002,2980.6,-1.3325164000000003
ETH-USDT,EMASTACK,"{'max_pb': 0.015, 'vol_thresh': 1.2, 'rsi_lo': 38, 'rsi_hi': 66, 'rsi_exit': 73, 'min_adx': 25, 'allowed_hours': [], 'risk_pct': 0.01, 'max_hold_bars': 144, 'use_trail': True, 'trail_ema': 21, 'tp_atr_mult': 2.5, 'stop_extra': 0.002}",7,0.0,-19.4041,0.0,-2.772,0.2549,-58.0984,0.0004,0.002,2980.6,-1.3325164000000003
APT-USDT,HVOL,"{'min_adx': 25, 'vol_thresh': 1.3, 'max_ext': 0.02, 'adx_exit': 20, 'allowed_hours': [], 'risk_pct': 0.01, 'max_hold_bars': 120, 'use_trail': False, 'tp_atr_mult': 2.5}",23,0.4348,-215.0972,0.4629,-9.3521,0.3332,-4.5849,0.0456,0.0364,2784.9,-1.3331988
SOL-USDT,HVOL,"{'min_adx': 30, 'vol_thresh': 2.0, 'max_ext': 0.03, 'adx_exit': 15, 'allowed_hours': [], 'risk_pct': 0.01, 'max_hold_bars': 120, 'use_trail': False, 'tp_atr_mult': 2.5}",10,0.1,-37.1434,0.0497,-3.7143,0.26,-23.9848,0.0016,0.0044,2962.86,-1.3340235999999996
SOL-USDT,HVOL,"{'min_adx': 30, 'vol_thresh': 2.0, 'max_ext': 0.03, 'adx_exit': 20, 'allowed_hours': [], 'risk_pct': 0.01, 'max_hold_bars': 120, 'use_trail': False, 'tp_atr_mult': 2.5}",10,0.1,-37.1434,0.0497,-3.7143,0.26,-23.9848,0.0016,0.0044,2962.86,-1.3340235999999996
SOL-USDT,HVOL,"{'min_adx': 30, 'vol_thresh': 2.0, 'max_ext': 0.02, 'adx_exit': 15, 'allowed_hours': [], 'risk_pct': 0.01, 'max_hold_bars': 120, 'use_trail': False, 'tp_atr_mult': 2.5}",10,0.1,-37.1434,0.0497,-3.7143,0.26,-23.9848,0.0016,0.0044,2962.86,-1.3340235999999996
SOL-USDT,HVOL,"{'min_adx': 30, 'vol_thresh': 2.0, 'max_ext': 0.01, 'adx_exit': 15, 'allowed_hours': [], 'risk_pct': 0.01, 'max_hold_bars': 120, 'use_trail': False, 'tp_atr_mult': 2.5}",10,0.1,-37.1434,0.0497,-3.7143,0.26,-23.9848,0.0016,0.0044,2962.86,-1.3340235999999996
SOL-USDT,HVOL,"{'min_adx': 30, 'vol_thresh': 2.0, 'max_ext': 0.02, 'adx_exit': 20, 'allowed_hours': [], 'risk_pct': 0.01, 'max_hold_bars': 120, 'use_trail': False, 'tp_atr_mult': 2.5}",10,0.1,-37.1434,0.0497,-3.7143,0.26,-23.9848,0.0016,0.0044,2962.86,-1.3340235999999996
SOL-USDT,HVOL,"{'min_adx': 30, 'vol_thresh': 2.0, 'max_ext': 0.01, 'adx_exit': 20, 'allowed_hours': [], 'risk_pct': 0.01, 'max_hold_bars': 120, 'use_trail': False, 'tp_atr_mult': 2.5}",10,0.1,-37.1434,0.0497,-3.7143,0.26,-23.9848,0.0016,0.0044,2962.86,-1.3340235999999996
DOT-USDT,HVOL,"{'min_adx': 30, 'vol_thresh': 1.3, 'max_ext': 0.01, 'adx_exit': 15, 'allowed_hours': [], 'risk_pct': 0.01, 'max_hold_bars': 120, 'use_trail': False, 'tp_atr_mult': 2.5}",18,0.1667,-73.1883,0.1526,-4.066,0.2702,-11.3211,0.009,0.0073,2926.81,-1.3340532
DOT-USDT,HVOL,"{'min_adx': 30, 'vol_thresh': 1.3, 'max_ext': 0.02, 'adx_exit': 15, 'allowed_hours': [], 'risk_pct': 0.01, 'max_hold_bars': 120, 'use_trail': False, 'tp_atr_mult': 2.5}",18,0.1667,-73.1883,0.1526,-4.066,0.2702,-11.3211,0.009,0.0073,2926.81,-1.3340532
ETH-USDT,EMASTACK,"{'max_pb': 0.005, 'vol_thresh': 1.5, 'rsi_lo': 50, 'rsi_hi': 78, 'rsi_exit': 85, 'min_adx': 15, 'allowed_hours': [], 'risk_pct': 0.01, 'max_hold_bars': 144, 'use_trail': True, 'trail_ema': 21, 'tp_atr_mult': 2.5, 'stop_extra': 0.002}",12,0.0833,-27.8931,0.0228,-2.3244,0.2568,-31.2848,0.0014,0.0017,2972.11,-1.3341723999999997
ETH-USDT,EMASTACK,"{'max_pb': 0.005, 'vol_thresh': 1.5, 'rsi_lo': 50, 'rsi_hi': 78, 'rsi_exit': 85, 'min_adx': 20, 'allowed_hours': [], 'risk_pct': 0.01, 'max_hold_bars': 144, 'use_trail': True, 'trail_ema': 21, 'tp_atr_mult': 2.5, 'stop_extra': 0.002}",12,0.0833,-27.8931,0.0228,-2.3244,0.2568,-31.2848,0.0014,0.0017,2972.11,-1.3341723999999997
ETH-USDT,EMASTACK,"{'max_pb': 0.01, 'vol_thresh': 1.5, 'rsi_lo': 50, 'rsi_hi': 78, 'rsi_exit': 85, 'min_adx': 15, 'allowed_hours': [], 'risk_pct': 0.01, 'max_hold_bars': 144, 'use_trail': True, 'trail_ema': 21, 'tp_atr_mult': 2.5, 'stop_extra': 0.002}",12,0.0833,-27.8931,0.0228,-2.3244,0.2568,-31.2848,0.0014,0.0017,2972.11,-1.3341723999999997
ETH-USDT,EMASTACK,"{'max_pb': 0.01, 'vol_thresh': 1.5, 'rsi_lo': 50, 'rsi_hi': 78, 'rsi_exit': 85, 'min_adx': 20, 'allowed_hours': [], 'risk_pct': 0.01, 'max_hold_bars': 144, 'use_trail': True, 'trail_ema': 21, 'tp_atr_mult': 2.5, 'stop_extra': 0.002}",12,0.0833,-27.8931,0.0228,-2.3244,0.2568,-31.2848,0.0014,0.0017,2972.11,-1.3341723999999997
ETH-USDT,EMASTACK,"{'max_pb': 0.015, 'vol_thresh': 1.5, 'rsi_lo': 50, 'rsi_hi': 78, 'rsi_exit': 85, 'min_adx': 20, 'allowed_hours': [], 'risk_pct': 0.01, 'max_hold_bars': 144, 'use_trail': True, 'trail_ema': 21, 'tp_atr_mult': 2.5, 'stop_extra': 0.002}",12,0.0833,-27.8931,0.0228,-2.3244,0.2568,-31.2848,0.0014,0.0017,2972.11,-1.3341723999999997
ETH-USDT,EMASTACK,"{'max_pb': 0.015, 'vol_thresh': 1.5, 'rsi_lo': 50, 'rsi_hi': 78, 'rsi_exit': 85, 'min_adx': 15, 'allowed_hours': [], 'risk_pct': 0.01, 'max_hold_bars': 144, 'use_trail': True, 'trail_ema': 21, 'tp_atr_mult': 2.5, 'stop_extra': 0.002}",12,0.0833,-27.8931,0.0228,-2.3244,0.2568,-31.2848,0.0014,0.0017,2972.11,-1.3341723999999997
ETH-USDT,MTALIGN,"{'pb_thresh': 0.003, 'vol_thresh': 1.5, 'allowed_hours': [8, 9, 10, 11, 14, 15, 16, 17, 18, 19, 20, 21], 'tp_atr_mult': 2.5, 'risk_pct': 0.01, 'max_hold_bars': 96, 'use_trail': True, 'trail_ema': 21, 'stop_extra': 0.002}",8,0.0,-19.9004,0.0,-2.4875,0.255,-76.9648,0.0007,0.0015,2980.1,-1.3346016
ETH-USDT,MTALIGN,"{'pb_thresh': 0.003, 'vol_thresh': 2.0, 'allowed_hours': [8, 9, 10, 11, 14, 15, 16, 17, 18, 19, 20, 21], 'tp_atr_mult': 2.5, 'risk_pct': 0.01, 'max_hold_bars': 96, 'use_trail': True, 'trail_ema': 21, 'stop_extra': 0.002}",8,0.0,-19.9004,0.0,-2.4875,0.255,-76.9648,0.0007,0.0015,2980.1,-1.3346016
XLM-USDT,MTALIGN,"{'pb_thresh': 0.008, 'vol_thresh': 1.3, 'allowed_hours': [], 'tp_atr_mult': 2.5, 'risk_pct': 0.01, 'max_hold_bars': 96, 'use_trail': True, 'trail_ema': 21, 'stop_extra': 0.002}",5,0.0,-20.0392,0.0,-4.0078,0.2548,-61.6847,0.0031,0.004,2979.96,-1.3349568
ETH-USDT,EMASTACK,"{'max_pb': 0.015, 'vol_thresh': 1.2, 'rsi_lo': 38, 'rsi_hi': 66, 'rsi_exit': 73, 'min_adx': 20, 'allowed_hours': [], 'risk_pct': 0.01, 'max_hold_bars': 144, 'use_trail': True, 'trail_ema': 21, 'tp_atr_mult': 2.5, 'stop_extra': 0.002}",12,0.0833,-29.319,0.0263,-2.4432,0.2574,-33.2557,0.0006,0.0017,2970.68,-1.335226
ETH-USDT,EMASTACK,"{'max_pb': 0.01, 'vol_thresh': 1.2, 'rsi_lo': 38, 'rsi_hi': 66, 'rsi_exit': 73, 'min_adx': 20, 'allowed_hours': [], 'risk_pct': 0.01, 'max_hold_bars': 144, 'use_trail': True, 'trail_ema': 21, 'tp_atr_mult': 2.5, 'stop_extra': 0.002}",12,0.0833,-29.319,0.0263,-2.4432,0.2574,-33.2557,0.0006,0.0017,2970.68,-1.335226
ETH-USDT,EMASTACK,"{'max_pb': 0.005, 'vol_thresh': 1.2, 'rsi_lo': 38, 'rsi_hi': 66, 'rsi_exit': 73, 'min_adx': 20, 'allowed_hours': [], 'risk_pct': 0.01, 'max_hold_bars': 144, 'use_trail': True, 'trail_ema': 21, 'tp_atr_mult': 2.5, 'stop_extra': 0.002}",12,0.0833,-29.319,0.0263,-2.4432,0.2574,-33.2557,0.0006,0.0017,2970.68,-1.335226
UNI-USDT,HVOL,"{'min_adx': 25, 'vol_thresh': 1.3, 'max_ext': 0.03, 'adx_exit': 20, 'allowed_hours': [], 'risk_pct': 0.01, 'max_hold_bars': 120, 'use_trail': False, 'tp_atr_mult': 2.5}",18,0.1111,-70.9825,0.1447,-3.9435,0.2686,-15.3703,0.0037,0.006,2929.02,-1.3354799999999998
UNI-USDT,HVOL,"{'min_adx': 25, 'vol_thresh': 1.3, 'max_ext': 0.02, 'adx_exit': 20, 'allowed_hours': [], 'risk_pct': 0.01, 'max_hold_bars': 120, 'use_trail': False, 'tp_atr_mult': 2.5}",18,0.1111,-70.9825,0.1447,-3.9435,0.2686,-15.3703,0.0037,0.006,2929.02,-1.3354799999999998
UNI-USDT,HVOL,"{'min_adx': 25, 'vol_thresh': 1.3, 'max_ext': 0.01, 'adx_exit': 20, 'allowed_hours': [], 'risk_pct': 0.01, 'max_hold_bars': 120, 'use_trail': False, 'tp_atr_mult': 2.5}",18,0.1111,-70.9825,0.1447,-3.9435,0.2686,-15.3703,0.0037,0.006,2929.02,-1.3354799999999998
UNI-USDT,HVOL,"{'min_adx': 20, 'vol_thresh': 1.3, 'max_ext': 0.02, 'adx_exit': 15, 'allowed_hours': [], 'risk_pct': 0.01, 'max_hold_bars': 120, 'use_trail': False, 'tp_atr_mult': 2.5}",18,0.1111,-70.472,0.1457,-3.9151,0.2722,-15.2904,0.0041,0.008,2929.53,-1.3355379999999997
UNI-USDT,HVOL,"{'min_adx': 20, 'vol_thresh': 1.3, 'max_ext': 0.03, 'adx_exit': 15, 'allowed_hours': [], 'risk_pct': 0.01, 'max_hold_bars': 120, 'use_trail': False, 'tp_atr_mult': 2.5}",18,0.1111,-70.472,0.1457,-3.9151,0.2722,-15.2904,0.0041,0.008,2929.53,-1.3355379999999997
UNI-USDT,HVOL,"{'min_adx': 20, 'vol_thresh': 1.3, 'max_ext': 0.01, 'adx_exit': 15, 'allowed_hours': [], 'risk_pct': 0.01, 'max_hold_bars': 120, 'use_trail': False, 'tp_atr_mult': 2.5}",18,0.1111,-70.472,0.1457,-3.9151,0.2722,-15.2904,0.0041,0.008,2929.53,-1.3355379999999997
HYPE-USDT,MTALIGN,"{'pb_thresh': 0.003, 'vol_thresh': 1.3, 'allowed_hours': [8, 9, 10, 11, 14, 15, 16, 17, 18, 19, 20, 21], 'tp_atr_mult': 2.5, 'risk_pct': 0.01, 'max_hold_bars': 96, 'use_trail': True, 'trail_ema': 21, 'stop_extra': 0.002}",7,0.0,-20.1606,0.0,-2.8801,0.2552,-43.8156,0.0015,0.0027,2979.84,-1.3358423999999998
LINK-USDT,HVOL,"{'min_adx': 25, 'vol_thresh': 2.0, 'max_ext': 0.02, 'adx_exit': 25, 'allowed_hours': [], 'risk_pct': 0.01, 'max_hold_bars': 120, 'use_trail': False, 'tp_atr_mult': 2.5}",12,0.0833,-44.8821,0.0702,-3.7402,0.2618,-20.6302,0.0037,0.0046,2955.12,-1.3360284
LINK-USDT,HVOL,"{'min_adx': 25, 'vol_thresh': 2.0, 'max_ext': 0.03, 'adx_exit': 25, 'allowed_hours': [], 'risk_pct': 0.01, 'max_hold_bars': 120, 'use_trail': False, 'tp_atr_mult': 2.5}",12,0.0833,-44.8821,0.0702,-3.7402,0.2618,-20.6302,0.0037,0.0046,2955.12,-1.3360284
LINK-USDT,HVOL,"{'min_adx': 25, 'vol_thresh': 2.0, 'max_ext': 0.01, 'adx_exit': 25, 'allowed_hours': [], 'risk_pct': 0.01, 'max_hold_bars': 120, 'use_trail': False, 'tp_atr_mult': 2.5}",12,0.0833,-44.8821,0.0702,-3.7402,0.2618,-20.6302,0.0037,0.0046,2955.12,-1.3360284
UNI-USDT,EMASTACK,"{'max_pb': 0.01, 'vol_thresh': 1.2, 'rsi_lo': 50, 'rsi_hi': 78, 'rsi_exit': 85, 'min_adx': 15, 'allowed_hours': [], 'risk_pct': 0.01, 'max_hold_bars': 144, 'use_trail': True, 'trail_ema': 21, 'tp_atr_mult': 2.5, 'stop_extra': 0.002}",6,0.0,-20.2672,0.0,-3.3779,0.2557,-54.0013,0.001,0.0034,2979.73,-1.3367688000000002
UNI-USDT,EMASTACK,"{'max_pb': 0.01, 'vol_thresh': 1.2, 'rsi_lo': 38, 'rsi_hi': 66, 'rsi_exit': 73, 'min_adx': 15, 'allowed_hours': [], 'risk_pct': 0.01, 'max_hold_bars': 144, 'use_trail': True, 'trail_ema': 21, 'tp_atr_mult': 2.5, 'stop_extra': 0.002}",6,0.0,-20.2672,0.0,-3.3779,0.2557,-54.0013,0.001,0.0034,2979.73,-1.3367688000000002
UNI-USDT,EMASTACK,"{'max_pb': 0.01, 'vol_thresh': 1.2, 'rsi_lo': 45, 'rsi_hi': 73, 'rsi_exit': 80, 'min_adx': 15, 'allowed_hours': [], 'risk_pct': 0.01, 'max_hold_bars': 144, 'use_trail': True, 'trail_ema': 21, 'tp_atr_mult': 2.5, 'stop_extra': 0.002}",6,0.0,-20.2672,0.0,-3.3779,0.2557,-54.0013,0.001,0.0034,2979.73,-1.3367688000000002
UNI-USDT,EMASTACK,"{'max_pb': 0.005, 'vol_thresh': 1.2, 'rsi_lo': 45, 'rsi_hi': 73, 'rsi_exit': 80, 'min_adx': 15, 'allowed_hours': [], 'risk_pct': 0.01, 'max_hold_bars': 144, 'use_trail': True, 'trail_ema': 21, 'tp_atr_mult': 2.5, 'stop_extra': 0.002}",6,0.0,-20.2672,0.0,-3.3779,0.2557,-54.0013,0.001,0.0034,2979.73,-1.3367688000000002
UNI-USDT,EMASTACK,"{'max_pb': 0.005, 'vol_thresh': 1.2, 'rsi_lo': 50, 'rsi_hi': 78, 'rsi_exit': 85, 'min_adx': 15, 'allowed_hours': [], 'risk_pct': 0.01, 'max_hold_bars': 144, 'use_trail': True, 'trail_ema': 21, 'tp_atr_mult': 2.5, 'stop_extra': 0.002}",6,0.0,-20.2672,0.0,-3.3779,0.2557,-54.0013,0.001,0.0034,2979.73,-1.3367688000000002
UNI-USDT,EMASTACK,"{'max_pb': 0.015, 'vol_thresh': 1.2, 'rsi_lo': 50, 'rsi_hi': 78, 'rsi_exit': 85, 'min_adx': 15, 'allowed_hours': [], 'risk_pct': 0.01, 'max_hold_bars': 144, 'use_trail': True, 'trail_ema': 21, 'tp_atr_mult': 2.5, 'stop_extra': 0.002}",6,0.0,-20.2672,0.0,-3.3779,0.2557,-54.0013,0.001,0.0034,2979.73,-1.3367688000000002
UNI-USDT,EMASTACK,"{'max_pb': 0.005, 'vol_thresh': 1.2, 'rsi_lo': 38, 'rsi_hi': 66, 'rsi_exit': 73, 'min_adx': 15, 'allowed_hours': [], 'risk_pct': 0.01, 'max_hold_bars': 144, 'use_trail': True, 'trail_ema': 21, 'tp_atr_mult': 2.5, 'stop_extra': 0.002}",6,0.0,-20.2672,0.0,-3.3779,0.2557,-54.0013,0.001,0.0034,2979.73,-1.3367688000000002
UNI-USDT,EMASTACK,"{'max_pb': 0.015, 'vol_thresh': 1.2, 'rsi_lo': 45, 'rsi_hi': 73, 'rsi_exit': 80, 'min_adx': 15, 'allowed_hours': [], 'risk_pct': 0.01, 'max_hold_bars': 144, 'use_trail': True, 'trail_ema': 21, 'tp_atr_mult': 2.5, 'stop_extra': 0.002}",6,0.0,-20.2672,0.0,-3.3779,0.2557,-54.0013,0.001,0.0034,2979.73,-1.3367688000000002
UNI-USDT,EMASTACK,"{'max_pb': 0.015, 'vol_thresh': 1.2, 'rsi_lo': 38, 'rsi_hi': 66, 'rsi_exit': 73, 'min_adx': 15, 'allowed_hours': [], 'risk_pct': 0.01, 'max_hold_bars': 144, 'use_trail': True, 'trail_ema': 21, 'tp_atr_mult': 2.5, 'stop_extra': 0.002}",6,0.0,-20.2672,0.0,-3.3779,0.2557,-54.0013,0.001,0.0034,2979.73,-1.3367688000000002
FIL-USDT,MTALIGN,"{'pb_thresh': 0.003, 'vol_thresh': 1.1, 'allowed_hours': [8, 9, 10, 11, 14, 15, 16, 17, 18, 19, 20, 21], 'tp_atr_mult': 2.5, 'risk_pct': 0.01, 'max_hold_bars': 96, 'use_trail': True, 'trail_ema': 21, 'stop_extra': 0.002}",7,0.0,-20.7314,0.0,-2.9616,0.2551,-72.8712,0.0009,0.0023,2979.27,-1.3380256
UNI-USDT,HVOL,"{'min_adx': 25, 'vol_thresh': 1.5, 'max_ext': 0.02, 'adx_exit': 15, 'allowed_hours': [], 'risk_pct': 0.01, 'max_hold_bars': 120, 'use_trail': False, 'tp_atr_mult': 2.5}",16,0.125,-71.178,0.1445,-4.4486,0.2706,-15.5445,0.004,0.008,2928.82,-1.338562
UNI-USDT,HVOL,"{'min_adx': 25, 'vol_thresh': 1.5, 'max_ext': 0.03, 'adx_exit': 15, 'allowed_hours': [], 'risk_pct': 0.01, 'max_hold_bars': 120, 'use_trail': False, 'tp_atr_mult': 2.5}",16,0.125,-71.178,0.1445,-4.4486,0.2706,-15.5445,0.004,0.008,2928.82,-1.338562
UNI-USDT,HVOL,"{'min_adx': 25, 'vol_thresh': 1.5, 'max_ext': 0.01, 'adx_exit': 15, 'allowed_hours': [], 'risk_pct': 0.01, 'max_hold_bars': 120, 'use_trail': False, 'tp_atr_mult': 2.5}",16,0.125,-71.178,0.1445,-4.4486,0.2706,-15.5445,0.004,0.008,2928.82,-1.338562
BTC-USDT,MTALIGN,"{'pb_thresh': 0.003, 'vol_thresh': 1.3, 'allowed_hours': [8, 9, 10, 11, 14, 15, 16, 17, 18, 19, 20, 21], 'tp_atr_mult': 2.5, 'risk_pct': 0.01, 'max_hold_bars': 96, 'use_trail': True, 'trail_ema': 21, 'stop_extra': 0.002}",9,0.0,-20.8911,0.0,-2.3212,0.2552,-80.7702,0.0009,0.0015,2979.11,-1.3387644
BTC-USDT,MTALIGN,"{'pb_thresh': 0.003, 'vol_thresh': 1.5, 'allowed_hours': [8, 9, 10, 11, 14, 15, 16, 17, 18, 19, 20, 21], 'tp_atr_mult': 2.5, 'risk_pct': 0.01, 'max_hold_bars': 96, 'use_trail': True, 'trail_ema': 21, 'stop_extra': 0.002}",9,0.0,-20.8911,0.0,-2.3212,0.2552,-80.7702,0.0009,0.0015,2979.11,-1.3387644
BTC-USDT,MTALIGN,"{'pb_thresh': 0.008, 'vol_thresh': 1.5, 'allowed_hours': [8, 9, 10, 11, 14, 15, 16, 17, 18, 19, 20, 21], 'tp_atr_mult': 2.5, 'risk_pct': 0.01, 'max_hold_bars': 96, 'use_trail': True, 'trail_ema': 21, 'stop_extra': 0.002}",9,0.0,-20.8911,0.0,-2.3212,0.2552,-80.7702,0.0009,0.0015,2979.11,-1.3387644
BTC-USDT,MTALIGN,"{'pb_thresh': 0.005, 'vol_thresh': 1.5, 'allowed_hours': [8, 9, 10, 11, 14, 15, 16, 17, 18, 19, 20, 21], 'tp_atr_mult': 2.5, 'risk_pct': 0.01, 'max_hold_bars': 96, 'use_trail': True, 'trail_ema': 21, 'stop_extra': 0.002}",9,0.0,-20.8911,0.0,-2.3212,0.2552,-80.7702,0.0009,0.0015,2979.11,-1.3387644
BTC-USDT,MTALIGN,"{'pb_thresh': 0.008, 'vol_thresh': 1.3, 'allowed_hours': [8, 9, 10, 11, 14, 15, 16, 17, 18, 19, 20, 21], 'tp_atr_mult': 2.5, 'risk_pct': 0.01, 'max_hold_bars': 96, 'use_trail': True, 'trail_ema': 21, 'stop_extra': 0.002}",9,0.0,-20.8911,0.0,-2.3212,0.2552,-80.7702,0.0009,0.0015,2979.11,-1.3387644
BTC-USDT,MTALIGN,"{'pb_thresh': 0.005, 'vol_thresh': 1.3, 'allowed_hours': [8, 9, 10, 11, 14, 15, 16, 17, 18, 19, 20, 21], 'tp_atr_mult': 2.5, 'risk_pct': 0.01, 'max_hold_bars': 96, 'use_trail': True, 'trail_ema': 21, 'stop_extra': 0.002}",9,0.0,-20.8911,0.0,-2.3212,0.2552,-80.7702,0.0009,0.0015,2979.11,-1.3387644
LINK-USDT,EMASTACK,"{'max_pb': 0.005, 'vol_thresh': 1.5, 'rsi_lo': 45, 'rsi_hi': 73, 'rsi_exit': 80, 'min_adx': 15, 'allowed_hours': [], 'risk_pct': 0.01, 'max_hold_bars': 144, 'use_trail': True, 'trail_ema': 21, 'tp_atr_mult': 2.5, 'stop_extra': 0.002}",6,0.0,-21.1198,0.0,-3.52,0.255,-41.0155,0.0009,0.0037,2978.88,-1.3394792
LINK-USDT,EMASTACK,"{'max_pb': 0.01, 'vol_thresh': 1.2, 'rsi_lo': 50, 'rsi_hi': 78, 'rsi_exit': 85, 'min_adx': 15, 'allowed_hours': [], 'risk_pct': 0.01, 'max_hold_bars': 144, 'use_trail': True, 'trail_ema': 21, 'tp_atr_mult': 2.5, 'stop_extra': 0.002}",6,0.0,-21.1198,0.0,-3.52,0.255,-41.0155,0.0009,0.0037,2978.88,-1.3394792
LINK-USDT,EMASTACK,"{'max_pb': 0.01, 'vol_thresh': 1.5, 'rsi_lo': 50, 'rsi_hi': 78, 'rsi_exit': 85, 'min_adx': 15, 'allowed_hours': [], 'risk_pct': 0.01, 'max_hold_bars': 144, 'use_trail': True, 'trail_ema': 21, 'tp_atr_mult': 2.5, 'stop_extra': 0.002}",6,0.0,-21.1198,0.0,-3.52,0.255,-41.0155,0.0009,0.0037,2978.88,-1.3394792
LINK-USDT,EMASTACK,"{'max_pb': 0.015, 'vol_thresh': 1.5, 'rsi_lo': 45, 'rsi_hi': 73, 'rsi_exit': 80, 'min_adx': 15, 'allowed_hours': [], 'risk_pct': 0.01, 'max_hold_bars': 144, 'use_trail': True, 'trail_ema': 21, 'tp_atr_mult': 2.5, 'stop_extra': 0.002}",6,0.0,-21.1198,0.0,-3.52,0.255,-41.0155,0.0009,0.0037,2978.88,-1.3394792
LINK-USDT,EMASTACK,"{'max_pb': 0.015, 'vol_thresh': 1.2, 'rsi_lo': 50, 'rsi_hi': 78, 'rsi_exit': 85, 'min_adx': 15, 'allowed_hours': [], 'risk_pct': 0.01, 'max_hold_bars': 144, 'use_trail': True, 'trail_ema': 21, 'tp_atr_mult': 2.5, 'stop_extra': 0.002}",6,0.0,-21.1198,0.0,-3.52,0.255,-41.0155,0.0009,0.0037,2978.88,-1.3394792
LINK-USDT,EMASTACK,"{'max_pb': 0.01, 'vol_thresh': 1.5, 'rsi_lo': 45, 'rsi_hi': 73, 'rsi_exit': 80, 'min_adx': 15, 'allowed_hours': [], 'risk_pct': 0.01, 'max_hold_bars': 144, 'use_trail': True, 'trail_ema': 21, 'tp_atr_mult': 2.5, 'stop_extra': 0.002}",6,0.0,-21.1198,0.0,-3.52,0.255,-41.0155,0.0009,0.0037,2978.88,-1.3394792
LINK-USDT,EMASTACK,"{'max_pb': 0.005, 'vol_thresh': 1.5, 'rsi_lo': 50, 'rsi_hi': 78, 'rsi_exit': 85, 'min_adx': 15, 'allowed_hours': [], 'risk_pct': 0.01, 'max_hold_bars': 144, 'use_trail': True, 'trail_ema': 21, 'tp_atr_mult': 2.5, 'stop_extra': 0.002}",6,0.0,-21.1198,0.0,-3.52,0.255,-41.0155,0.0009,0.0037,2978.88,-1.3394792
LINK-USDT,EMASTACK,"{'max_pb': 0.005, 'vol_thresh': 1.2, 'rsi_lo': 45, 'rsi_hi': 73, 'rsi_exit': 80, 'min_adx': 15, 'allowed_hours': [], 'risk_pct': 0.01, 'max_hold_bars': 144, 'use_trail': True, 'trail_ema': 21, 'tp_atr_mult': 2.5, 'stop_extra': 0.002}",6,0.0,-21.1198,0.0,-3.52,0.255,-41.0155,0.0009,0.0037,2978.88,-1.3394792
LINK-USDT,EMASTACK,"{'max_pb': 0.01, 'vol_thresh': 1.2, 'rsi_lo': 45, 'rsi_hi': 73, 'rsi_exit': 80, 'min_adx': 15, 'allowed_hours': [], 'risk_pct': 0.01, 'max_hold_bars': 144, 'use_trail': True, 'trail_ema': 21, 'tp_atr_mult': 2.5, 'stop_extra': 0.002}",6,0.0,-21.1198,0.0,-3.52,0.255,-41.0155,0.0009,0.0037,2978.88,-1.3394792
LINK-USDT,EMASTACK,"{'max_pb': 0.015, 'vol_thresh': 1.2, 'rsi_lo': 45, 'rsi_hi': 73, 'rsi_exit': 80, 'min_adx': 15, 'allowed_hours': [], 'risk_pct': 0.01, 'max_hold_bars': 144, 'use_trail': True, 'trail_ema': 21, 'tp_atr_mult': 2.5, 'stop_extra': 0.002}",6,0.0,-21.1198,0.0,-3.52,0.255,-41.0155,0.0009,0.0037,2978.88,-1.3394792
LINK-USDT,EMASTACK,"{'max_pb': 0.005, 'vol_thresh': 1.2, 'rsi_lo': 50, 'rsi_hi': 78, 'rsi_exit': 85, 'min_adx': 15, 'allowed_hours': [], 'risk_pct': 0.01, 'max_hold_bars': 144, 'use_trail': True, 'trail_ema': 21, 'tp_atr_mult': 2.5, 'stop_extra': 0.002}",6,0.0,-21.1198,0.0,-3.52,0.255,-41.0155,0.0009,0.0037,2978.88,-1.3394792
LINK-USDT,EMASTACK,"{'max_pb': 0.015, 'vol_thresh': 1.5, 'rsi_lo': 50, 'rsi_hi': 78, 'rsi_exit': 85, 'min_adx': 15, 'allowed_hours': [], 'risk_pct': 0.01, 'max_hold_bars': 144, 'use_trail': True, 'trail_ema': 21, 'tp_atr_mult': 2.5, 'stop_extra': 0.002}",6,0.0,-21.1198,0.0,-3.52,0.255,-41.0155,0.0009,0.0037,2978.88,-1.3394792
FIL-USDT,MTALIGN,"{'pb_thresh': 0.005, 'vol_thresh': 1.3, 'allowed_hours': [8, 9, 10, 11, 14, 15, 16, 17, 18, 19, 20, 21], 'tp_atr_mult': 2.5, 'risk_pct': 0.01, 'max_hold_bars': 96, 'use_trail': True, 'trail_ema': 21, 'stop_extra': 0.002}",7,0.0,-21.331,0.0,-3.0473,0.2552,-59.5519,0.001,0.0025,2978.67,-1.3405239999999998
FIL-USDT,MTALIGN,"{'pb_thresh': 0.008, 'vol_thresh': 1.3, 'allowed_hours': [8, 9, 10, 11, 14, 15, 16, 17, 18, 19, 20, 21], 'tp_atr_mult': 2.5, 'risk_pct': 0.01, 'max_hold_bars': 96, 'use_trail': True, 'trail_ema': 21, 'stop_extra': 0.002}",7,0.0,-21.331,0.0,-3.0473,0.2552,-59.5519,0.001,0.0025,2978.67,-1.3405239999999998
ONDO-USDT,HVOL,"{'min_adx': 25, 'vol_thresh': 1.3, 'max_ext': 0.01, 'adx_exit': 25, 'allowed_hours': [], 'risk_pct': 0.01, 'max_hold_bars': 120, 'use_trail': False, 'tp_atr_mult': 2.5}",30,0.1667,-101.6263,0.2277,-3.3875,0.2757,-10.1013,0.0061,0.0063,2898.37,-1.3406552
DOT-USDT,VSMO,"{'rsi_lo': 45, 'rsi_hi': 80, 'vol_thresh': 2.0, 'stop_atr_mult': 1.0, 'allowed_hours': [], 'tp_atr_mult': 3.0, 'risk_pct': 0.01, 'max_hold_bars': 144, 'use_trail': True, 'trail_ema': 21}",12,0.0,-21.2652,0.0,-1.7721,0.2562,-21.1523,0.0011,0.003,2978.73,-1.3412607999999997
DOT-USDT,VSMO,"{'rsi_lo': 45, 'rsi_hi': 80, 'vol_thresh': 2.0, 'stop_atr_mult': 2.0, 'allowed_hours': [], 'tp_atr_mult': 3.0, 'risk_pct': 0.01, 'max_hold_bars': 144, 'use_trail': True, 'trail_ema': 21}",12,0.0,-21.2652,0.0,-1.7721,0.2562,-21.1523,0.0011,0.003,2978.73,-1.3412607999999997
DOT-USDT,VSMO,"{'rsi_lo': 45, 'rsi_hi': 80, 'vol_thresh': 2.0, 'stop_atr_mult': 1.5, 'allowed_hours': [], 'tp_atr_mult': 3.0, 'risk_pct': 0.01, 'max_hold_bars': 144, 'use_trail': True, 'trail_ema': 21}",12,0.0,-21.2652,0.0,-1.7721,0.2562,-21.1523,0.0011,0.003,2978.73,-1.3412607999999997
SOL-USDT,MTALIGN,"{'pb_thresh': 0.003, 'vol_thresh': 2.0, 'allowed_hours': [], 'tp_atr_mult': 2.5, 'risk_pct': 0.01, 'max_hold_bars': 96, 'use_trail': True, 'trail_ema': 21, 'stop_extra': 0.002}",8,0.0,-21.4997,0.0,-2.6875,0.2554,-92.2381,0.0013,0.002,2978.5,-1.3413988
DOT-USDT,EMASTACK,"{'max_pb': 0.015, 'vol_thresh': 2.0, 'rsi_lo': 45, 'rsi_hi': 73, 'rsi_exit': 80, 'min_adx': 20, 'allowed_hours': [], 'risk_pct': 0.01, 'max_hold_bars': 144, 'use_trail': True, 'trail_ema': 21, 'tp_atr_mult': 2.5, 'stop_extra': 0.002}",6,0.0,-21.6188,0.0,-3.6031,0.255,-40.9448,0.0019,0.0035,2978.38,-1.3414752
DOT-USDT,EMASTACK,"{'max_pb': 0.01, 'vol_thresh': 2.0, 'rsi_lo': 45, 'rsi_hi': 73, 'rsi_exit': 80, 'min_adx': 15, 'allowed_hours': [], 'risk_pct': 0.01, 'max_hold_bars': 144, 'use_trail': True, 'trail_ema': 21, 'tp_atr_mult': 2.5, 'stop_extra': 0.002}",6,0.0,-21.6188,0.0,-3.6031,0.255,-40.9448,0.0019,0.0035,2978.38,-1.3414752
DOT-USDT,EMASTACK,"{'max_pb': 0.015, 'vol_thresh': 2.0, 'rsi_lo': 50, 'rsi_hi': 78, 'rsi_exit': 85, 'min_adx': 15, 'allowed_hours': [], 'risk_pct': 0.01, 'max_hold_bars': 144, 'use_trail': True, 'trail_ema': 21, 'tp_atr_mult': 2.5, 'stop_extra': 0.002}",6,0.0,-21.6188,0.0,-3.6031,0.255,-40.9448,0.0019,0.0035,2978.38,-1.3414752
DOT-USDT,EMASTACK,"{'max_pb': 0.01, 'vol_thresh': 2.0, 'rsi_lo': 50, 'rsi_hi': 78, 'rsi_exit': 85, 'min_adx': 20, 'allowed_hours': [], 'risk_pct': 0.01, 'max_hold_bars': 144, 'use_trail': True, 'trail_ema': 21, 'tp_atr_mult': 2.5, 'stop_extra': 0.002}",6,0.0,-21.6188,0.0,-3.6031,0.255,-40.9448,0.0019,0.0035,2978.38,-1.3414752
DOT-USDT,EMASTACK,"{'max_pb': 0.015, 'vol_thresh': 2.0, 'rsi_lo': 38, 'rsi_hi': 66, 'rsi_exit': 73, 'min_adx': 20, 'allowed_hours': [], 'risk_pct': 0.01, 'max_hold_bars': 144, 'use_trail': True, 'trail_ema': 21, 'tp_atr_mult': 2.5, 'stop_extra': 0.002}",6,0.0,-21.6188,0.0,-3.6031,0.255,-40.9448,0.0019,0.0035,2978.38,-1.3414752
DOT-USDT,EMASTACK,"{'max_pb': 0.01, 'vol_thresh': 2.0, 'rsi_lo': 50, 'rsi_hi': 78, 'rsi_exit': 85, 'min_adx': 15, 'allowed_hours': [], 'risk_pct': 0.01, 'max_hold_bars': 144, 'use_trail': True, 'trail_ema': 21, 'tp_atr_mult': 2.5, 'stop_extra': 0.002}",6,0.0,-21.6188,0.0,-3.6031,0.255,-40.9448,0.0019,0.0035,2978.38,-1.3414752
DOT-USDT,EMASTACK,"{'max_pb': 0.015, 'vol_thresh': 2.0, 'rsi_lo': 45, 'rsi_hi': 73, 'rsi_exit': 80, 'min_adx': 15, 'allowed_hours': [], 'risk_pct': 0.01, 'max_hold_bars': 144, 'use_trail': True, 'trail_ema': 21, 'tp_atr_mult': 2.5, 'stop_extra': 0.002}",6,0.0,-21.6188,0.0,-3.6031,0.255,-40.9448,0.0019,0.0035,2978.38,-1.3414752
DOT-USDT,EMASTACK,"{'max_pb': 0.01, 'vol_thresh': 2.0, 'rsi_lo': 45, 'rsi_hi': 73, 'rsi_exit': 80, 'min_adx': 20, 'allowed_hours': [], 'risk_pct': 0.01, 'max_hold_bars': 144, 'use_trail': True, 'trail_ema': 21, 'tp_atr_mult': 2.5, 'stop_extra': 0.002}",6,0.0,-21.6188,0.0,-3.6031,0.255,-40.9448,0.0019,0.0035,2978.38,-1.3414752
DOT-USDT,EMASTACK,"{'max_pb': 0.015, 'vol_thresh': 2.0, 'rsi_lo': 38, 'rsi_hi': 66, 'rsi_exit': 73, 'min_adx': 15, 'allowed_hours': [], 'risk_pct': 0.01, 'max_hold_bars': 144, 'use_trail': True, 'trail_ema': 21, 'tp_atr_mult': 2.5, 'stop_extra': 0.002}",6,0.0,-21.6188,0.0,-3.6031,0.255,-40.9448,0.0019,0.0035,2978.38,-1.3414752
DOT-USDT,EMASTACK,"{'max_pb': 0.005, 'vol_thresh': 2.0, 'rsi_lo': 45, 'rsi_hi': 73, 'rsi_exit': 80, 'min_adx': 15, 'allowed_hours': [], 'risk_pct': 0.01, 'max_hold_bars': 144, 'use_trail': True, 'trail_ema': 21, 'tp_atr_mult': 2.5, 'stop_extra': 0.002}",6,0.0,-21.6188,0.0,-3.6031,0.255,-40.9448,0.0019,0.0035,2978.38,-1.3414752
DOT-USDT,EMASTACK,"{'max_pb': 0.005, 'vol_thresh': 2.0, 'rsi_lo': 50, 'rsi_hi': 78, 'rsi_exit': 85, 'min_adx': 20, 'allowed_hours': [], 'risk_pct': 0.01, 'max_hold_bars': 144, 'use_trail': True, 'trail_ema': 21, 'tp_atr_mult': 2.5, 'stop_extra': 0.002}",6,0.0,-21.6188,0.0,-3.6031,0.255,-40.9448,0.0019,0.0035,2978.38,-1.3414752
DOT-USDT,EMASTACK,"{'max_pb': 0.01, 'vol_thresh': 2.0, 'rsi_lo': 38, 'rsi_hi': 66, 'rsi_exit': 73, 'min_adx': 15, 'allowed_hours': [], 'risk_pct': 0.01, 'max_hold_bars': 144, 'use_trail': True, 'trail_ema': 21, 'tp_atr_mult': 2.5, 'stop_extra': 0.002}",6,0.0,-21.6188,0.0,-3.6031,0.255,-40.9448,0.0019,0.0035,2978.38,-1.3414752
DOT-USDT,EMASTACK,"{'max_pb': 0.005, 'vol_thresh': 2.0, 'rsi_lo': 38, 'rsi_hi': 66, 'rsi_exit': 73, 'min_adx': 15, 'allowed_hours': [], 'risk_pct': 0.01, 'max_hold_bars': 144, 'use_trail': True, 'trail_ema': 21, 'tp_atr_mult': 2.5, 'stop_extra': 0.002}",6,0.0,-21.6188,0.0,-3.6031,0.255,-40.9448,0.0019,0.0035,2978.38,-1.3414752
DOT-USDT,EMASTACK,"{'max_pb': 0.005, 'vol_thresh': 2.0, 'rsi_lo': 38, 'rsi_hi': 66, 'rsi_exit': 73, 'min_adx': 20, 'allowed_hours': [], 'risk_pct': 0.01, 'max_hold_bars': 144, 'use_trail': True, 'trail_ema': 21, 'tp_atr_mult': 2.5, 'stop_extra': 0.002}",6,0.0,-21.6188,0.0,-3.6031,0.255,-40.9448,0.0019,0.0035,2978.38,-1.3414752
DOT-USDT,EMASTACK,"{'max_pb': 0.01, 'vol_thresh': 2.0, 'rsi_lo': 38, 'rsi_hi': 66, 'rsi_exit': 73, 'min_adx': 20, 'allowed_hours': [], 'risk_pct': 0.01, 'max_hold_bars': 144, 'use_trail': True, 'trail_ema': 21, 'tp_atr_mult': 2.5, 'stop_extra': 0.002}",6,0.0,-21.6188,0.0,-3.6031,0.255,-40.9448,0.0019,0.0035,2978.38,-1.3414752
DOT-USDT,EMASTACK,"{'max_pb': 0.005, 'vol_thresh': 2.0, 'rsi_lo': 45, 'rsi_hi': 73, 'rsi_exit': 80, 'min_adx': 20, 'allowed_hours': [], 'risk_pct': 0.01, 'max_hold_bars': 144, 'use_trail': True, 'trail_ema': 21, 'tp_atr_mult': 2.5, 'stop_extra': 0.002}",6,0.0,-21.6188,0.0,-3.6031,0.255,-40.9448,0.0019,0.0035,2978.38,-1.3414752
DOT-USDT,EMASTACK,"{'max_pb': 0.005, 'vol_thresh': 2.0, 'rsi_lo': 50, 'rsi_hi': 78, 'rsi_exit': 85, 'min_adx': 15, 'allowed_hours': [], 'risk_pct': 0.01, 'max_hold_bars': 144, 'use_trail': True, 'trail_ema': 21, 'tp_atr_mult': 2.5, 'stop_extra': 0.002}",6,0.0,-21.6188,0.0,-3.6031,0.255,-40.9448,0.0019,0.0035,2978.38,-1.3414752
DOT-USDT,EMASTACK,"{'max_pb': 0.015, 'vol_thresh': 2.0, 'rsi_lo': 50, 'rsi_hi': 78, 'rsi_exit': 85, 'min_adx': 20, 'allowed_hours': [], 'risk_pct': 0.01, 'max_hold_bars': 144, 'use_trail': True, 'trail_ema': 21, 'tp_atr_mult': 2.5, 'stop_extra': 0.002}",6,0.0,-21.6188,0.0,-3.6031,0.255,-40.9448,0.0019,0.0035,2978.38,-1.3414752
UNI-USDT,HVOL,"{'min_adx': 20, 'vol_thresh': 1.3, 'max_ext': 0.01, 'adx_exit': 20, 'allowed_hours': [], 'risk_pct': 0.01, 'max_hold_bars': 120, 'use_trail': False, 'tp_atr_mult': 2.5}",19,0.1053,-71.9279,0.1431,-3.7857,0.2689,-15.0148,0.0039,0.0059,2928.07,-1.3419615999999999
UNI-USDT,HVOL,"{'min_adx': 20, 'vol_thresh': 1.3, 'max_ext': 0.02, 'adx_exit': 20, 'allowed_hours': [], 'risk_pct': 0.01, 'max_hold_bars': 120, 'use_trail': False, 'tp_atr_mult': 2.5}",19,0.1053,-71.9279,0.1431,-3.7857,0.2689,-15.0148,0.0039,0.0059,2928.07,-1.3419615999999999
UNI-USDT,HVOL,"{'min_adx': 20, 'vol_thresh': 1.3, 'max_ext': 0.03, 'adx_exit': 20, 'allowed_hours': [], 'risk_pct': 0.01, 'max_hold_bars': 120, 'use_trail': False, 'tp_atr_mult': 2.5}",19,0.1053,-71.9279,0.1431,-3.7857,0.2689,-15.0148,0.0039,0.0059,2928.07,-1.3419615999999999
DOT-USDT,HVOL,"{'min_adx': 20, 'vol_thresh': 1.3, 'max_ext': 0.02, 'adx_exit': 25, 'allowed_hours': [], 'risk_pct': 0.01, 'max_hold_bars': 120, 'use_trail': False, 'tp_atr_mult': 2.5}",26,0.1538,-93.2769,0.2032,-3.5876,0.2737,-10.7574,0.0081,0.0063,2906.72,-1.3420075999999996
DOT-USDT,HVOL,"{'min_adx': 20, 'vol_thresh': 1.3, 'max_ext': 0.01, 'adx_exit': 25, 'allowed_hours': [], 'risk_pct': 0.01, 'max_hold_bars': 120, 'use_trail': False, 'tp_atr_mult': 2.5}",26,0.1538,-93.2769,0.2032,-3.5876,0.2737,-10.7574,0.0081,0.0063,2906.72,-1.3420075999999996
BTC-USDT,HVOL,"{'min_adx': 25, 'vol_thresh': 1.5, 'max_ext': 0.01, 'adx_exit': 25, 'allowed_hours': [], 'risk_pct': 0.01, 'max_hold_bars': 120, 'use_trail': False, 'tp_atr_mult': 2.5}",23,0.1739,-47.7648,0.0743,-2.0767,0.2626,-18.0809,0.0022,0.0024,2952.24,-1.3422092
BTC-USDT,HVOL,"{'min_adx': 25, 'vol_thresh': 1.5, 'max_ext': 0.03, 'adx_exit': 25, 'allowed_hours': [], 'risk_pct': 0.01, 'max_hold_bars': 120, 'use_trail': False, 'tp_atr_mult': 2.5}",23,0.1739,-47.7648,0.0743,-2.0767,0.2626,-18.0809,0.0022,0.0024,2952.24,-1.3422092
BTC-USDT,HVOL,"{'min_adx': 25, 'vol_thresh': 1.5, 'max_ext': 0.02, 'adx_exit': 25, 'allowed_hours': [], 'risk_pct': 0.01, 'max_hold_bars': 120, 'use_trail': False, 'tp_atr_mult': 2.5}",23,0.1739,-47.7648,0.0743,-2.0767,0.2626,-18.0809,0.0022,0.0024,2952.24,-1.3422092
UNI-USDT,VSMO,"{'rsi_lo': 45, 'rsi_hi': 80, 'vol_thresh': 2.0, 'stop_atr_mult': 1.5, 'allowed_hours': [], 'tp_atr_mult': 3.0, 'risk_pct': 0.01, 'max_hold_bars': 144, 'use_trail': True, 'trail_ema': 21}",7,0.0,-21.862,0.0,-3.1231,0.2558,-54.0739,0.0017,0.0036,2978.14,-1.343248
UNI-USDT,VSMO,"{'rsi_lo': 45, 'rsi_hi': 80, 'vol_thresh': 2.0, 'stop_atr_mult': 2.0, 'allowed_hours': [], 'tp_atr_mult': 3.0, 'risk_pct': 0.01, 'max_hold_bars': 144, 'use_trail': True, 'trail_ema': 21}",7,0.0,-21.862,0.0,-3.1231,0.2558,-54.0739,0.0017,0.0036,2978.14,-1.343248
UNI-USDT,VSMO,"{'rsi_lo': 45, 'rsi_hi': 80, 'vol_thresh': 2.0, 'stop_atr_mult': 1.0, 'allowed_hours': [], 'tp_atr_mult': 3.0, 'risk_pct': 0.01, 'max_hold_bars': 144, 'use_trail': True, 'trail_ema': 21}",7,0.0,-21.862,0.0,-3.1231,0.2558,-54.0739,0.0017,0.0036,2978.14,-1.343248
DOT-USDT,HVOL,"{'min_adx': 25, 'vol_thresh': 1.5, 'max_ext': 0.02, 'adx_exit': 15, 'allowed_hours': [], 'risk_pct': 0.01, 'max_hold_bars': 120, 'use_trail': False, 'tp_atr_mult': 2.5}",17,0.1176,-74.0666,0.1451,-4.3569,0.2665,-13.1106,0.0109,0.0058,2925.93,-1.3451163999999998
DOT-USDT,HVOL,"{'min_adx': 25, 'vol_thresh': 1.5, 'max_ext': 0.01, 'adx_exit': 15, 'allowed_hours': [], 'risk_pct': 0.01, 'max_hold_bars': 120, 'use_trail': False, 'tp_atr_mult': 2.5}",17,0.1176,-74.0666,0.1451,-4.3569,0.2665,-13.1106,0.0109,0.0058,2925.93,-1.3451163999999998
HYPE-USDT,MTALIGN,"{'pb_thresh': 0.005, 'vol_thresh': 2.0, 'allowed_hours': [8, 9, 10, 11, 14, 15, 16, 17, 18, 19, 20, 21], 'tp_atr_mult': 2.5, 'risk_pct': 0.01, 'max_hold_bars': 96, 'use_trail': True, 'trail_ema': 21, 'stop_extra': 0.002}",7,0.0,-22.3483,0.0,-3.1926,0.2558,-43.4807,0.001,0.0031,2977.65,-1.3451931999999998
ETH-USDT,EMASTACK,"{'max_pb': 0.005, 'vol_thresh': 1.2, 'rsi_lo': 38, 'rsi_hi': 66, 'rsi_exit': 73, 'min_adx': 15, 'allowed_hours': [], 'risk_pct': 0.01, 'max_hold_bars': 144, 'use_trail': True, 'trail_ema': 21, 'tp_atr_mult': 2.5, 'stop_extra': 0.002}",13,0.0769,-31.3503,0.0246,-2.4116,0.2577,-34.0019,0.0005,0.0017,2968.65,-1.3462011999999999
ETH-USDT,EMASTACK,"{'max_pb': 0.015, 'vol_thresh': 1.2, 'rsi_lo': 38, 'rsi_hi': 66, 'rsi_exit': 73, 'min_adx': 15, 'allowed_hours': [], 'risk_pct': 0.01, 'max_hold_bars': 144, 'use_trail': True, 'trail_ema': 21, 'tp_atr_mult': 2.5, 'stop_extra': 0.002}",13,0.0769,-31.3503,0.0246,-2.4116,0.2577,-34.0019,0.0005,0.0017,2968.65,-1.3462011999999999
ETH-USDT,EMASTACK,"{'max_pb': 0.01, 'vol_thresh': 1.2, 'rsi_lo': 38, 'rsi_hi': 66, 'rsi_exit': 73, 'min_adx': 15, 'allowed_hours': [], 'risk_pct': 0.01, 'max_hold_bars': 144, 'use_trail': True, 'trail_ema': 21, 'tp_atr_mult': 2.5, 'stop_extra': 0.002}",13,0.0769,-31.3503,0.0246,-2.4116,0.2577,-34.0019,0.0005,0.0017,2968.65,-1.3462011999999999
LINK-USDT,HVOL,"{'min_adx': 25, 'vol_thresh': 2.0, 'max_ext': 0.01, 'adx_exit': 15, 'allowed_hours': [], 'risk_pct': 0.01, 'max_hold_bars': 120, 'use_trail': False, 'tp_atr_mult': 2.5}",12,0.0833,-46.4677,0.0679,-3.8723,0.2623,-20.1235,0.0037,0.0048,2953.53,-1.3463207999999995
LINK-USDT,HVOL,"{'min_adx': 25, 'vol_thresh': 2.0, 'max_ext': 0.03, 'adx_exit': 15, 'allowed_hours': [], 'risk_pct': 0.01, 'max_hold_bars': 120, 'use_trail': False, 'tp_atr_mult': 2.5}",12,0.0833,-46.4677,0.0679,-3.8723,0.2623,-20.1235,0.0037,0.0048,2953.53,-1.3463207999999995
LINK-USDT,HVOL,"{'min_adx': 25, 'vol_thresh': 2.0, 'max_ext': 0.02, 'adx_exit': 15, 'allowed_hours': [], 'risk_pct': 0.01, 'max_hold_bars': 120, 'use_trail': False, 'tp_atr_mult': 2.5}",12,0.0833,-46.4677,0.0679,-3.8723,0.2623,-20.1235,0.0037,0.0048,2953.53,-1.3463207999999995
SUI-USDT,HVOL,"{'min_adx': 20, 'vol_thresh': 1.5, 'max_ext': 0.02, 'adx_exit': 25, 'allowed_hours': [], 'risk_pct': 0.01, 'max_hold_bars': 120, 'use_trail': False, 'tp_atr_mult': 2.5}",21,0.1905,-91.2351,0.195,-4.3445,0.2739,-11.0255,0.008,0.0072,2908.76,-1.3463404
SUI-USDT,HVOL,"{'min_adx': 20, 'vol_thresh': 1.5, 'max_ext': 0.03, 'adx_exit': 25, 'allowed_hours': [], 'risk_pct': 0.01, 'max_hold_bars': 120, 'use_trail': False, 'tp_atr_mult': 2.5}",21,0.1905,-91.2351,0.195,-4.3445,0.2739,-11.0255,0.008,0.0072,2908.76,-1.3463404
SUI-USDT,HVOL,"{'min_adx': 20, 'vol_thresh': 1.5, 'max_ext': 0.01, 'adx_exit': 25, 'allowed_hours': [], 'risk_pct': 0.01, 'max_hold_bars': 120, 'use_trail': False, 'tp_atr_mult': 2.5}",21,0.1905,-91.2351,0.195,-4.3445,0.2739,-11.0255,0.008,0.0072,2908.76,-1.3463404
LIT-USDT,EMASTACK,"{'max_pb': 0.015, 'vol_thresh': 1.2, 'rsi_lo': 38, 'rsi_hi': 66, 'rsi_exit': 73, 'min_adx': 20, 'allowed_hours': [], 'risk_pct': 0.01, 'max_hold_bars': 144, 'use_trail': True, 'trail_ema': 21, 'tp_atr_mult': 2.5, 'stop_extra': 0.002}",13,0.1538,-107.5211,0.245,-8.2709,0.284,-9.4142,0.0181,0.0193,2892.48,-1.3465843999999998
LINK-USDT,MTALIGN,"{'pb_thresh': 0.008, 'vol_thresh': 1.3, 'allowed_hours': [], 'tp_atr_mult': 2.5, 'risk_pct': 0.01, 'max_hold_bars': 96, 'use_trail': True, 'trail_ema': 21, 'stop_extra': 0.002}",7,0.0,-22.7644,0.0,-3.2521,0.2558,-57.9572,0.0007,0.0033,2977.24,-1.3468575999999999
LINK-USDT,MTALIGN,"{'pb_thresh': 0.005, 'vol_thresh': 1.3, 'allowed_hours': [], 'tp_atr_mult': 2.5, 'risk_pct': 0.01, 'max_hold_bars': 96, 'use_trail': True, 'trail_ema': 21, 'stop_extra': 0.002}",7,0.0,-22.7644,0.0,-3.2521,0.2558,-57.9572,0.0007,0.0033,2977.24,-1.3468575999999999
BTC-USDT,HVOL,"{'min_adx': 20, 'vol_thresh': 1.3, 'max_ext': 0.02, 'adx_exit': 25, 'allowed_hours': [], 'risk_pct': 0.01, 'max_hold_bars': 120, 'use_trail': False, 'tp_atr_mult': 2.5}",29,0.1034,-60.7603,0.107,-2.0952,0.2659,-16.8875,0.0022,0.0021,2939.24,-1.3484412000000001
BTC-USDT,HVOL,"{'min_adx': 20, 'vol_thresh': 1.3, 'max_ext': 0.03, 'adx_exit': 25, 'allowed_hours': [], 'risk_pct': 0.01, 'max_hold_bars': 120, 'use_trail': False, 'tp_atr_mult': 2.5}",29,0.1034,-60.7603,0.107,-2.0952,0.2659,-16.8875,0.0022,0.0021,2939.24,-1.3484412000000001
BTC-USDT,HVOL,"{'min_adx': 20, 'vol_thresh': 1.3, 'max_ext': 0.01, 'adx_exit': 25, 'allowed_hours': [], 'risk_pct': 0.01, 'max_hold_bars': 120, 'use_trail': False, 'tp_atr_mult': 2.5}",29,0.1034,-60.7603,0.107,-2.0952,0.2659,-16.8875,0.0022,0.0021,2939.24,-1.3484412000000001
XLM-USDT,MTALIGN,"{'pb_thresh': 0.005, 'vol_thresh': 1.1, 'allowed_hours': [], 'tp_atr_mult': 2.5, 'risk_pct': 0.01, 'max_hold_bars': 96, 'use_trail': True, 'trail_ema': 21, 'stop_extra': 0.002}",6,0.0,-23.2396,0.0,-3.8733,0.2556,-88.0694,0.0021,0.004,2976.76,-1.3485584000000002
SOL-USDT,MTALIGN,"{'pb_thresh': 0.003, 'vol_thresh': 1.3, 'allowed_hours': [8, 9, 10, 11, 14, 15, 16, 17, 18, 19, 20, 21], 'tp_atr_mult': 2.5, 'risk_pct': 0.01, 'max_hold_bars': 96, 'use_trail': True, 'trail_ema': 21, 'stop_extra': 0.002}",9,0.0,-23.1981,0.0,-2.5776,0.2558,-58.2917,0.0008,0.0017,2976.8,-1.3485923999999998
SOL-USDT,MTALIGN,"{'pb_thresh': 0.008, 'vol_thresh': 1.3, 'allowed_hours': [8, 9, 10, 11, 14, 15, 16, 17, 18, 19, 20, 21], 'tp_atr_mult': 2.5, 'risk_pct': 0.01, 'max_hold_bars': 96, 'use_trail': True, 'trail_ema': 21, 'stop_extra': 0.002}",9,0.0,-23.1981,0.0,-2.5776,0.2558,-58.2917,0.0008,0.0017,2976.8,-1.3485923999999998
SOL-USDT,MTALIGN,"{'pb_thresh': 0.005, 'vol_thresh': 1.3, 'allowed_hours': [8, 9, 10, 11, 14, 15, 16, 17, 18, 19, 20, 21], 'tp_atr_mult': 2.5, 'risk_pct': 0.01, 'max_hold_bars': 96, 'use_trail': True, 'trail_ema': 21, 'stop_extra': 0.002}",9,0.0,-23.1981,0.0,-2.5776,0.2558,-58.2917,0.0008,0.0017,2976.8,-1.3485923999999998
ETH-USDT,EMASTACK,"{'max_pb': 0.01, 'vol_thresh': 1.2, 'rsi_lo': 50, 'rsi_hi': 78, 'rsi_exit': 85, 'min_adx': 20, 'allowed_hours': [], 'risk_pct': 0.01, 'max_hold_bars': 144, 'use_trail': True, 'trail_ema': 21, 'tp_atr_mult': 2.5, 'stop_extra': 0.002}",13,0.0769,-30.6391,0.0208,-2.3569,0.2577,-32.8288,0.0012,0.0018,2969.36,-1.3490563999999998
ETH-USDT,EMASTACK,"{'max_pb': 0.005, 'vol_thresh': 1.2, 'rsi_lo': 50, 'rsi_hi': 78, 'rsi_exit': 85, 'min_adx': 20, 'allowed_hours': [], 'risk_pct': 0.01, 'max_hold_bars': 144, 'use_trail': True, 'trail_ema': 21, 'tp_atr_mult': 2.5, 'stop_extra': 0.002}",13,0.0769,-30.6391,0.0208,-2.3569,0.2577,-32.8288,0.0012,0.0018,2969.36,-1.3490563999999998
ETH-USDT,EMASTACK,"{'max_pb': 0.015, 'vol_thresh': 1.2, 'rsi_lo': 50, 'rsi_hi': 78, 'rsi_exit': 85, 'min_adx': 20, 'allowed_hours': [], 'risk_pct': 0.01, 'max_hold_bars': 144, 'use_trail': True, 'trail_ema': 21, 'tp_atr_mult': 2.5, 'stop_extra': 0.002}",13,0.0769,-30.6391,0.0208,-2.3569,0.2577,-32.8288,0.0012,0.0018,2969.36,-1.3490563999999998
ONDO-USDT,HVOL,"{'min_adx': 25, 'vol_thresh': 1.3, 'max_ext': 0.01, 'adx_exit': 15, 'allowed_hours': [], 'risk_pct': 0.01, 'max_hold_bars': 120, 'use_trail': False, 'tp_atr_mult': 2.5}",29,0.2069,-108.8533,0.2424,-3.7536,0.2775,-9.5699,0.0064,0.0071,2891.15,-1.3493132
NEAR-USDT,MTALIGN,"{'pb_thresh': 0.008, 'vol_thresh': 1.3, 'allowed_hours': [8, 9, 10, 11, 14, 15, 16, 17, 18, 19, 20, 21], 'tp_atr_mult': 2.5, 'risk_pct': 0.01, 'max_hold_bars': 96, 'use_trail': True, 'trail_ema': 21, 'stop_extra': 0.002}",6,0.0,-23.501,0.0,-3.9168,0.2557,-53.9018,0.0018,0.0044,2976.5,-1.349704
NEAR-USDT,MTALIGN,"{'pb_thresh': 0.008, 'vol_thresh': 1.5, 'allowed_hours': [8, 9, 10, 11, 14, 15, 16, 17, 18, 19, 20, 21], 'tp_atr_mult': 2.5, 'risk_pct': 0.01, 'max_hold_bars': 96, 'use_trail': True, 'trail_ema': 21, 'stop_extra': 0.002}",6,0.0,-23.501,0.0,-3.9168,0.2557,-53.9018,0.0018,0.0044,2976.5,-1.349704
SUI-USDT,VSMO,"{'rsi_lo': 45, 'rsi_hi': 80, 'vol_thresh': 1.5, 'stop_atr_mult': 1.0, 'allowed_hours': [], 'tp_atr_mult': 3.0, 'risk_pct': 0.01, 'max_hold_bars': 144, 'use_trail': True, 'trail_ema': 21}",12,0.0,-23.656,0.0,-1.9713,0.2558,-27.1937,0.0006,0.0026,2976.34,-1.3504239999999998
SUI-USDT,VSMO,"{'rsi_lo': 45, 'rsi_hi': 80, 'vol_thresh': 1.5, 'stop_atr_mult': 1.5, 'allowed_hours': [], 'tp_atr_mult': 3.0, 'risk_pct': 0.01, 'max_hold_bars': 144, 'use_trail': True, 'trail_ema': 21}",12,0.0,-23.656,0.0,-1.9713,0.2558,-27.1937,0.0006,0.0026,2976.34,-1.3504239999999998
SUI-USDT,VSMO,"{'rsi_lo': 45, 'rsi_hi': 80, 'vol_thresh': 1.5, 'stop_atr_mult': 2.0, 'allowed_hours': [], 'tp_atr_mult': 3.0, 'risk_pct': 0.01, 'max_hold_bars': 144, 'use_trail': True, 'trail_ema': 21}",12,0.0,-23.656,0.0,-1.9713,0.2558,-27.1937,0.0006,0.0026,2976.34,-1.3504239999999998
BTC-USDT,HVOL,"{'min_adx': 25, 'vol_thresh': 1.5, 'max_ext': 0.03, 'adx_exit': 15, 'allowed_hours': [], 'risk_pct': 0.01, 'max_hold_bars': 120, 'use_trail': False, 'tp_atr_mult': 2.5}",23,0.1739,-49.1411,0.0724,-2.1366,0.263,-17.9371,0.0022,0.0024,2950.86,-1.3509644
BTC-USDT,HVOL,"{'min_adx': 25, 'vol_thresh': 1.5, 'max_ext': 0.02, 'adx_exit': 15, 'allowed_hours': [], 'risk_pct': 0.01, 'max_hold_bars': 120, 'use_trail': False, 'tp_atr_mult': 2.5}",23,0.1739,-49.1411,0.0724,-2.1366,0.263,-17.9371,0.0022,0.0024,2950.86,-1.3509644
BTC-USDT,HVOL,"{'min_adx': 25, 'vol_thresh': 1.5, 'max_ext': 0.01, 'adx_exit': 20, 'allowed_hours': [], 'risk_pct': 0.01, 'max_hold_bars': 120, 'use_trail': False, 'tp_atr_mult': 2.5}",23,0.1739,-49.1411,0.0724,-2.1366,0.263,-17.9371,0.0022,0.0024,2950.86,-1.3509644
BTC-USDT,HVOL,"{'min_adx': 25, 'vol_thresh': 1.5, 'max_ext': 0.01, 'adx_exit': 15, 'allowed_hours': [], 'risk_pct': 0.01, 'max_hold_bars': 120, 'use_trail': False, 'tp_atr_mult': 2.5}",23,0.1739,-49.1411,0.0724,-2.1366,0.263,-17.9371,0.0022,0.0024,2950.86,-1.3509644
BTC-USDT,HVOL,"{'min_adx': 25, 'vol_thresh': 1.5, 'max_ext': 0.02, 'adx_exit': 20, 'allowed_hours': [], 'risk_pct': 0.01, 'max_hold_bars': 120, 'use_trail': False, 'tp_atr_mult': 2.5}",23,0.1739,-49.1411,0.0724,-2.1366,0.263,-17.9371,0.0022,0.0024,2950.86,-1.3509644
BTC-USDT,HVOL,"{'min_adx': 25, 'vol_thresh': 1.5, 'max_ext': 0.03, 'adx_exit': 20, 'allowed_hours': [], 'risk_pct': 0.01, 'max_hold_bars': 120, 'use_trail': False, 'tp_atr_mult': 2.5}",23,0.1739,-49.1411,0.0724,-2.1366,0.263,-17.9371,0.0022,0.0024,2950.86,-1.3509644
AVAX-USDT,VSMO,"{'rsi_lo': 45, 'rsi_hi': 80, 'vol_thresh': 1.5, 'stop_atr_mult': 1.5, 'allowed_hours': [], 'tp_atr_mult': 3.0, 'risk_pct': 0.01, 'max_hold_bars': 144, 'use_trail': True, 'trail_ema': 21}",11,0.0,-23.7935,0.0,-2.163,0.2559,-42.8639,0.0006,0.002,2976.21,-1.351074
AVAX-USDT,VSMO,"{'rsi_lo': 45, 'rsi_hi': 80, 'vol_thresh': 1.5, 'stop_atr_mult': 2.0, 'allowed_hours': [], 'tp_atr_mult': 3.0, 'risk_pct': 0.01, 'max_hold_bars': 144, 'use_trail': True, 'trail_ema': 21}",11,0.0,-23.7935,0.0,-2.163,0.2559,-42.8639,0.0006,0.002,2976.21,-1.351074
AVAX-USDT,VSMO,"{'rsi_lo': 45, 'rsi_hi': 80, 'vol_thresh': 1.5, 'stop_atr_mult': 1.0, 'allowed_hours': [], 'tp_atr_mult': 3.0, 'risk_pct': 0.01, 'max_hold_bars': 144, 'use_trail': True, 'trail_ema': 21}",11,0.0,-23.7935,0.0,-2.163,0.2559,-42.8639,0.0006,0.002,2976.21,-1.351074
BTC-USDT,MTALIGN,"{'pb_thresh': 0.005, 'vol_thresh': 2.0, 'allowed_hours': [], 'tp_atr_mult': 2.5, 'risk_pct': 0.01, 'max_hold_bars': 96, 'use_trail': True, 'trail_ema': 21, 'stop_extra': 0.002}",10,0.0,-23.9271,0.0,-2.3927,0.2559,-47.7174,0.0018,0.0026,2976.07,-1.3516084
BTC-USDT,MTALIGN,"{'pb_thresh': 0.008, 'vol_thresh': 2.0, 'allowed_hours': [], 'tp_atr_mult': 2.5, 'risk_pct': 0.01, 'max_hold_bars': 96, 'use_trail': True, 'trail_ema': 21, 'stop_extra': 0.002}",10,0.0,-23.9271,0.0,-2.3927,0.2559,-47.7174,0.0018,0.0026,2976.07,-1.3516084
APT-USDT,HVOL,"{'min_adx': 25, 'vol_thresh': 2.0, 'max_ext': 0.01, 'adx_exit': 20, 'allowed_hours': [], 'risk_pct': 0.01, 'max_hold_bars': 120, 'use_trail': False, 'tp_atr_mult': 2.5}",11,0.4545,-127.172,0.2968,-11.5611,0.2886,-7.6478,0.0383,0.0335,2872.83,-1.3520879999999997
DOT-USDT,HVOL,"{'min_adx': 30, 'vol_thresh': 1.5, 'max_ext': 0.01, 'adx_exit': 15, 'allowed_hours': [], 'risk_pct': 0.01, 'max_hold_bars': 120, 'use_trail': False, 'tp_atr_mult': 2.5}",15,0.1333,-75.1977,0.1431,-5.0132,0.2667,-13.0478,0.0103,0.0065,2924.8,-1.3528407999999998
DOT-USDT,HVOL,"{'min_adx': 30, 'vol_thresh': 1.5, 'max_ext': 0.02, 'adx_exit': 15, 'allowed_hours': [], 'risk_pct': 0.01, 'max_hold_bars': 120, 'use_trail': False, 'tp_atr_mult': 2.5}",15,0.1333,-75.1977,0.1431,-5.0132,0.2667,-13.0478,0.0103,0.0065,2924.8,-1.3528407999999998
FIL-USDT,MTALIGN,"{'pb_thresh': 0.005, 'vol_thresh': 1.1, 'allowed_hours': [], 'tp_atr_mult': 2.5, 'risk_pct': 0.01, 'max_hold_bars': 96, 'use_trail': True, 'trail_ema': 21, 'stop_extra': 0.002}",17,0.0588,-45.7237,0.0606,-2.6896,0.2613,-26.2657,0.0017,0.003,2954.28,-1.3532948
ETH-USDT,MTALIGN,"{'pb_thresh': 0.005, 'vol_thresh': 1.5, 'allowed_hours': [8, 9, 10, 11, 14, 15, 16, 17, 18, 19, 20, 21], 'tp_atr_mult': 2.5, 'risk_pct': 0.01, 'max_hold_bars': 96, 'use_trail': True, 'trail_ema': 21, 'stop_extra': 0.002}",9,0.0,-24.3065,0.0,-2.7007,0.2561,-55.3394,0.0006,0.0018,2975.69,-1.353326
ETH-USDT,MTALIGN,"{'pb_thresh': 0.008, 'vol_thresh': 1.5, 'allowed_hours': [8, 9, 10, 11, 14, 15, 16, 17, 18, 19, 20, 21], 'tp_atr_mult': 2.5, 'risk_pct': 0.01, 'max_hold_bars': 96, 'use_trail': True, 'trail_ema': 21, 'stop_extra': 0.002}",9,0.0,-24.3065,0.0,-2.7007,0.2561,-55.3394,0.0006,0.0018,2975.69,-1.353326
ETH-USDT,MTALIGN,"{'pb_thresh': 0.005, 'vol_thresh': 2.0, 'allowed_hours': [8, 9, 10, 11, 14, 15, 16, 17, 18, 19, 20, 21], 'tp_atr_mult': 2.5, 'risk_pct': 0.01, 'max_hold_bars': 96, 'use_trail': True, 'trail_ema': 21, 'stop_extra': 0.002}",9,0.0,-24.3065,0.0,-2.7007,0.2561,-55.3394,0.0006,0.0018,2975.69,-1.353326
ETH-USDT,MTALIGN,"{'pb_thresh': 0.008, 'vol_thresh': 2.0, 'allowed_hours': [8, 9, 10, 11, 14, 15, 16, 17, 18, 19, 20, 21], 'tp_atr_mult': 2.5, 'risk_pct': 0.01, 'max_hold_bars': 96, 'use_trail': True, 'trail_ema': 21, 'stop_extra': 0.002}",9,0.0,-24.3065,0.0,-2.7007,0.2561,-55.3394,0.0006,0.0018,2975.69,-1.353326
NEAR-USDT,MTALIGN,"{'pb_thresh': 0.005, 'vol_thresh': 1.5, 'allowed_hours': [], 'tp_atr_mult': 2.5, 'risk_pct': 0.01, 'max_hold_bars': 96, 'use_trail': True, 'trail_ema': 21, 'stop_extra': 0.002}",7,0.0,-24.3867,0.0,-3.4838,0.2559,-62.0803,0.0017,0.0046,2975.61,-1.3534468
NEAR-USDT,MTALIGN,"{'pb_thresh': 0.008, 'vol_thresh': 1.1, 'allowed_hours': [14, 15, 16, 17, 18, 19], 'tp_atr_mult': 2.5, 'risk_pct': 0.01, 'max_hold_bars': 96, 'use_trail': True, 'trail_ema': 21, 'stop_extra': 0.002}",5,0.0,-24.4516,0.0,-4.8903,0.2559,-103.3444,0.0018,0.0052,2975.55,-1.3537064
DOT-USDT,HVOL,"{'min_adx': 20, 'vol_thresh': 1.5, 'max_ext': 0.03, 'adx_exit': 20, 'allowed_hours': [], 'risk_pct': 0.01, 'max_hold_bars': 120, 'use_trail': False, 'tp_atr_mult': 2.5}",22,0.1818,-95.8018,0.2004,-4.3546,0.2711,-9.0757,0.0109,0.0057,2904.2,-1.3537072
DOT-USDT,HVOL,"{'min_adx': 30, 'vol_thresh': 1.3, 'max_ext': 0.01, 'adx_exit': 20, 'allowed_hours': [], 'risk_pct': 0.01, 'max_hold_bars': 120, 'use_trail': False, 'tp_atr_mult': 2.5}",18,0.1667,-76.2921,0.1472,-4.2384,0.271,-11.8057,0.0085,0.0072,2923.71,-1.3553684000000001
DOT-USDT,HVOL,"{'min_adx': 30, 'vol_thresh': 1.3, 'max_ext': 0.02, 'adx_exit': 20, 'allowed_hours': [], 'risk_pct': 0.01, 'max_hold_bars': 120, 'use_trail': False, 'tp_atr_mult': 2.5}",18,0.1667,-76.2921,0.1472,-4.2384,0.271,-11.8057,0.0085,0.0072,2923.71,-1.3553684000000001
SOL-USDT,MTALIGN,"{'pb_thresh': 0.008, 'vol_thresh': 2.0, 'allowed_hours': [], 'tp_atr_mult': 2.5, 'risk_pct': 0.01, 'max_hold_bars': 96, 'use_trail': True, 'trail_ema': 21, 'stop_extra': 0.002}",9,0.0,-24.9313,0.0,-2.7701,0.2562,-88.2003,0.0015,0.0021,2975.07,-1.3559251999999997
SOL-USDT,MTALIGN,"{'pb_thresh': 0.005, 'vol_thresh': 2.0, 'allowed_hours': [], 'tp_atr_mult': 2.5, 'risk_pct': 0.01, 'max_hold_bars': 96, 'use_trail': True, 'trail_ema': 21, 'stop_extra': 0.002}",9,0.0,-24.9313,0.0,-2.7701,0.2562,-88.2003,0.0015,0.0021,2975.07,-1.3559251999999997
SOL-USDT,HVOL,"{'min_adx': 25, 'vol_thresh': 1.3, 'max_ext': 0.01, 'adx_exit': 25, 'allowed_hours': [], 'risk_pct': 0.01, 'max_hold_bars': 120, 'use_trail': False, 'tp_atr_mult': 2.5}",21,0.0952,-59.1858,0.098,-2.8184,0.2668,-16.7168,0.0029,0.0033,2940.81,-1.3565432
SOL-USDT,HVOL,"{'min_adx': 25, 'vol_thresh': 1.3, 'max_ext': 0.02, 'adx_exit': 25, 'allowed_hours': [], 'risk_pct': 0.01, 'max_hold_bars': 120, 'use_trail': False, 'tp_atr_mult': 2.5}",21,0.0952,-59.1858,0.098,-2.8184,0.2668,-16.7168,0.0029,0.0033,2940.81,-1.3565432
SOL-USDT,HVOL,"{'min_adx': 25, 'vol_thresh': 1.3, 'max_ext': 0.03, 'adx_exit': 25, 'allowed_hours': [], 'risk_pct': 0.01, 'max_hold_bars': 120, 'use_trail': False, 'tp_atr_mult': 2.5}",21,0.0952,-59.1858,0.098,-2.8184,0.2668,-16.7168,0.0029,0.0033,2940.81,-1.3565432
UNI-USDT,HVOL,"{'min_adx': 20, 'vol_thresh': 1.3, 'max_ext': 0.03, 'adx_exit': 25, 'allowed_hours': [], 'risk_pct': 0.01, 'max_hold_bars': 120, 'use_trail': False, 'tp_atr_mult': 2.5}",20,0.1,-74.0715,0.1394,-3.7036,0.2694,-15.7526,0.0036,0.0057,2925.93,-1.356586
UNI-USDT,HVOL,"{'min_adx': 20, 'vol_thresh': 1.3, 'max_ext': 0.02, 'adx_exit': 25, 'allowed_hours': [], 'risk_pct': 0.01, 'max_hold_bars': 120, 'use_trail': False, 'tp_atr_mult': 2.5}",20,0.1,-74.0715,0.1394,-3.7036,0.2694,-15.7526,0.0036,0.0057,2925.93,-1.356586
UNI-USDT,HVOL,"{'min_adx': 20, 'vol_thresh': 1.3, 'max_ext': 0.01, 'adx_exit': 25, 'allowed_hours': [], 'risk_pct': 0.01, 'max_hold_bars': 120, 'use_trail': False, 'tp_atr_mult': 2.5}",20,0.1,-74.0715,0.1394,-3.7036,0.2694,-15.7526,0.0036,0.0057,2925.93,-1.356586
BTC-USDT,HVOL,"{'min_adx': 20, 'vol_thresh': 1.3, 'max_ext': 0.01, 'adx_exit': 15, 'allowed_hours': [], 'risk_pct': 0.01, 'max_hold_bars': 120, 'use_trail': False, 'tp_atr_mult': 2.5}",29,0.1034,-62.1305,0.1048,-2.1424,0.2662,-16.8499,0.0022,0.0022,2937.87,-1.357522
BTC-USDT,HVOL,"{'min_adx': 20, 'vol_thresh': 1.3, 'max_ext': 0.02, 'adx_exit': 20, 'allowed_hours': [], 'risk_pct': 0.01, 'max_hold_bars': 120, 'use_trail': False, 'tp_atr_mult': 2.5}",29,0.1034,-62.1305,0.1048,-2.1424,0.2662,-16.8499,0.0022,0.0022,2937.87,-1.357522
BTC-USDT,HVOL,"{'min_adx': 20, 'vol_thresh': 1.3, 'max_ext': 0.01, 'adx_exit': 20, 'allowed_hours': [], 'risk_pct': 0.01, 'max_hold_bars': 120, 'use_trail': False, 'tp_atr_mult': 2.5}",29,0.1034,-62.1305,0.1048,-2.1424,0.2662,-16.8499,0.0022,0.0022,2937.87,-1.357522
BTC-USDT,HVOL,"{'min_adx': 20, 'vol_thresh': 1.3, 'max_ext': 0.03, 'adx_exit': 15, 'allowed_hours': [], 'risk_pct': 0.01, 'max_hold_bars': 120, 'use_trail': False, 'tp_atr_mult': 2.5}",29,0.1034,-62.1305,0.1048,-2.1424,0.2662,-16.8499,0.0022,0.0022,2937.87,-1.357522
BTC-USDT,HVOL,"{'min_adx': 20, 'vol_thresh': 1.3, 'max_ext': 0.03, 'adx_exit': 20, 'allowed_hours': [], 'risk_pct': 0.01, 'max_hold_bars': 120, 'use_trail': False, 'tp_atr_mult': 2.5}",29,0.1034,-62.1305,0.1048,-2.1424,0.2662,-16.8499,0.0022,0.0022,2937.87,-1.357522
BTC-USDT,HVOL,"{'min_adx': 20, 'vol_thresh': 1.3, 'max_ext': 0.02, 'adx_exit': 15, 'allowed_hours': [], 'risk_pct': 0.01, 'max_hold_bars': 120, 'use_trail': False, 'tp_atr_mult': 2.5}",29,0.1034,-62.1305,0.1048,-2.1424,0.2662,-16.8499,0.0022,0.0022,2937.87,-1.357522
ETH-USDT,MTALIGN,"{'pb_thresh': 0.003, 'vol_thresh': 1.1, 'allowed_hours': [8, 9, 10, 11, 14, 15, 16, 17, 18, 19, 20, 21], 'tp_atr_mult': 2.5, 'risk_pct': 0.01, 'max_hold_bars': 96, 'use_trail': True, 'trail_ema': 21, 'stop_extra': 0.002}",11,0.0,-25.3414,0.0,-2.3038,0.2563,-84.6727,0.0008,0.0014,2974.66,-1.3576655999999998
UNI-USDT,HVOL,"{'min_adx': 25, 'vol_thresh': 2.0, 'max_ext': 0.02, 'adx_exit': 15, 'allowed_hours': [], 'risk_pct': 0.01, 'max_hold_bars': 120, 'use_trail': False, 'tp_atr_mult': 2.5}",12,0.1667,-58.9061,0.0969,-4.9088,0.2676,-18.2829,0.0046,0.0087,2941.09,-1.3578744
UNI-USDT,HVOL,"{'min_adx': 25, 'vol_thresh': 2.0, 'max_ext': 0.03, 'adx_exit': 15, 'allowed_hours': [], 'risk_pct': 0.01, 'max_hold_bars': 120, 'use_trail': False, 'tp_atr_mult': 2.5}",12,0.1667,-58.9061,0.0969,-4.9088,0.2676,-18.2829,0.0046,0.0087,2941.09,-1.3578744
UNI-USDT,HVOL,"{'min_adx': 25, 'vol_thresh': 2.0, 'max_ext': 0.01, 'adx_exit': 15, 'allowed_hours': [], 'risk_pct': 0.01, 'max_hold_bars': 120, 'use_trail': False, 'tp_atr_mult': 2.5}",12,0.1667,-58.9061,0.0969,-4.9088,0.2676,-18.2829,0.0046,0.0087,2941.09,-1.3578744
FIL-USDT,MTALIGN,"{'pb_thresh': 0.005, 'vol_thresh': 1.1, 'allowed_hours': [8, 9, 10, 11, 14, 15, 16, 17, 18, 19, 20, 21], 'tp_atr_mult': 2.5, 'risk_pct': 0.01, 'max_hold_bars': 96, 'use_trail': True, 'trail_ema': 21, 'stop_extra': 0.002}",8,0.0,-25.4203,0.0,-3.1775,0.2562,-60.3052,0.0009,0.0027,2974.58,-1.3578811999999996
LINK-USDT,MTALIGN,"{'pb_thresh': 0.008, 'vol_thresh': 1.1, 'allowed_hours': [], 'tp_atr_mult': 2.5, 'risk_pct': 0.01, 'max_hold_bars': 96, 'use_trail': True, 'trail_ema': 21, 'stop_extra': 0.002}",9,0.0,-25.5599,0.0,-2.84,0.2564,-40.9366,0.0012,0.0028,2974.44,-1.3586395999999998
LINK-USDT,MTALIGN,"{'pb_thresh': 0.005, 'vol_thresh': 1.1, 'allowed_hours': [], 'tp_atr_mult': 2.5, 'risk_pct': 0.01, 'max_hold_bars': 96, 'use_trail': True, 'trail_ema': 21, 'stop_extra': 0.002}",9,0.0,-25.5599,0.0,-2.84,0.2564,-40.9366,0.0012,0.0028,2974.44,-1.3586395999999998
DOT-USDT,MTALIGN,"{'pb_thresh': 0.003, 'vol_thresh': 1.5, 'allowed_hours': [], 'tp_atr_mult': 2.5, 'risk_pct': 0.01, 'max_hold_bars': 96, 'use_trail': True, 'trail_ema': 21, 'stop_extra': 0.002}",9,0.0,-25.5004,0.0,-2.8334,0.2567,-41.6219,0.0021,0.003,2974.5,-1.3587015999999998
ETH-USDT,EMASTACK,"{'max_pb': 0.015, 'vol_thresh': 1.2, 'rsi_lo': 50, 'rsi_hi': 78, 'rsi_exit': 85, 'min_adx': 15, 'allowed_hours': [], 'risk_pct': 0.01, 'max_hold_bars': 144, 'use_trail': True, 'trail_ema': 21, 'tp_atr_mult': 2.5, 'stop_extra': 0.002}",14,0.0714,-32.6695,0.0195,-2.3335,0.258,-33.6326,0.0011,0.0017,2967.33,-1.3594279999999999
ETH-USDT,EMASTACK,"{'max_pb': 0.005, 'vol_thresh': 1.2, 'rsi_lo': 50, 'rsi_hi': 78, 'rsi_exit': 85, 'min_adx': 15, 'allowed_hours': [], 'risk_pct': 0.01, 'max_hold_bars': 144, 'use_trail': True, 'trail_ema': 21, 'tp_atr_mult': 2.5, 'stop_extra': 0.002}",14,0.0714,-32.6695,0.0195,-2.3335,0.258,-33.6326,0.0011,0.0017,2967.33,-1.3594279999999999
ETH-USDT,EMASTACK,"{'max_pb': 0.01, 'vol_thresh': 1.2, 'rsi_lo': 50, 'rsi_hi': 78, 'rsi_exit': 85, 'min_adx': 15, 'allowed_hours': [], 'risk_pct': 0.01, 'max_hold_bars': 144, 'use_trail': True, 'trail_ema': 21, 'tp_atr_mult': 2.5, 'stop_extra': 0.002}",14,0.0714,-32.6695,0.0195,-2.3335,0.258,-33.6326,0.0011,0.0017,2967.33,-1.3594279999999999
LINK-USDT,VSMO,"{'rsi_lo': 45, 'rsi_hi': 80, 'vol_thresh': 2.0, 'stop_atr_mult': 1.0, 'allowed_hours': [], 'tp_atr_mult': 3.0, 'risk_pct': 0.01, 'max_hold_bars': 144, 'use_trail': True, 'trail_ema': 21}",14,0.0,-25.7584,0.0,-1.8399,0.2564,-48.1848,0.0003,0.0016,2974.24,-1.3594335999999998
LINK-USDT,VSMO,"{'rsi_lo': 45, 'rsi_hi': 80, 'vol_thresh': 2.0, 'stop_atr_mult': 2.0, 'allowed_hours': [], 'tp_atr_mult': 3.0, 'risk_pct': 0.01, 'max_hold_bars': 144, 'use_trail': True, 'trail_ema': 21}",14,0.0,-25.7584,0.0,-1.8399,0.2564,-48.1848,0.0003,0.0016,2974.24,-1.3594335999999998
LINK-USDT,VSMO,"{'rsi_lo': 45, 'rsi_hi': 80, 'vol_thresh': 2.0, 'stop_atr_mult': 1.5, 'allowed_hours': [], 'tp_atr_mult': 3.0, 'risk_pct': 0.01, 'max_hold_bars': 144, 'use_trail': True, 'trail_ema': 21}",14,0.0,-25.7584,0.0,-1.8399,0.2564,-48.1848,0.0003,0.0016,2974.24,-1.3594335999999998
BTC-USDT,MTALIGN,"{'pb_thresh': 0.003, 'vol_thresh': 2.0, 'allowed_hours': [], 'tp_atr_mult': 2.5, 'risk_pct': 0.01, 'max_hold_bars': 96, 'use_trail': True, 'trail_ema': 21, 'stop_extra': 0.002}",10,0.0,-25.9111,0.0,-2.5911,0.2564,-72.096,0.0016,0.0027,2974.09,-1.3600443999999998
ETH-USDT,MTALIGN,"{'pb_thresh': 0.003, 'vol_thresh': 1.3, 'allowed_hours': [8, 9, 10, 11, 14, 15, 16, 17, 18, 19, 20, 21], 'tp_atr_mult': 2.5, 'risk_pct': 0.01, 'max_hold_bars': 96, 'use_trail': True, 'trail_ema': 21, 'stop_extra': 0.002}",11,0.0,-25.9383,0.0,-2.358,0.2564,-115.5152,0.0007,0.0015,2974.06,-1.3601531999999998
NEAR-USDT,MTALIGN,"{'pb_thresh': 0.008, 'vol_thresh': 1.1, 'allowed_hours': [8, 9, 10, 11, 14, 15, 16, 17, 18, 19, 20, 21], 'tp_atr_mult': 2.5, 'risk_pct': 0.01, 'max_hold_bars': 96, 'use_trail': True, 'trail_ema': 21, 'stop_extra': 0.002}",8,0.125,-29.67,0.0104,-3.7087,0.2572,-31.4304,0.0017,0.0043,2970.33,-1.36028
DOT-USDT,VSMO,"{'rsi_lo': 45, 'rsi_hi': 80, 'vol_thresh': 1.5, 'stop_atr_mult': 1.5, 'allowed_hours': [], 'tp_atr_mult': 3.0, 'risk_pct': 0.01, 'max_hold_bars': 144, 'use_trail': True, 'trail_ema': 21}",15,0.0,-25.9013,0.0,-1.7268,0.2573,-22.9454,0.0011,0.0028,2974.1,-1.3609052
DOT-USDT,VSMO,"{'rsi_lo': 45, 'rsi_hi': 80, 'vol_thresh': 1.5, 'stop_atr_mult': 1.0, 'allowed_hours': [], 'tp_atr_mult': 3.0, 'risk_pct': 0.01, 'max_hold_bars': 144, 'use_trail': True, 'trail_ema': 21}",15,0.0,-25.9013,0.0,-1.7268,0.2573,-22.9454,0.0011,0.0028,2974.1,-1.3609052
DOT-USDT,VSMO,"{'rsi_lo': 45, 'rsi_hi': 80, 'vol_thresh': 1.5, 'stop_atr_mult': 2.0, 'allowed_hours': [], 'tp_atr_mult': 3.0, 'risk_pct': 0.01, 'max_hold_bars': 144, 'use_trail': True, 'trail_ema': 21}",15,0.0,-25.9013,0.0,-1.7268,0.2573,-22.9454,0.0011,0.0028,2974.1,-1.3609052
SOL-USDT,MTALIGN,"{'pb_thresh': 0.003, 'vol_thresh': 1.1, 'allowed_hours': [8, 9, 10, 11, 14, 15, 16, 17, 18, 19, 20, 21], 'tp_atr_mult': 2.5, 'risk_pct': 0.01, 'max_hold_bars': 96, 'use_trail': True, 'trail_ema': 21, 'stop_extra': 0.002}",11,0.0,-26.1885,0.0,-2.3808,0.2565,-72.3194,0.0009,0.0015,2973.81,-1.3612539999999997
SOL-USDT,MTALIGN,"{'pb_thresh': 0.008, 'vol_thresh': 1.1, 'allowed_hours': [8, 9, 10, 11, 14, 15, 16, 17, 18, 19, 20, 21], 'tp_atr_mult': 2.5, 'risk_pct': 0.01, 'max_hold_bars': 96, 'use_trail': True, 'trail_ema': 21, 'stop_extra': 0.002}",11,0.0,-26.1885,0.0,-2.3808,0.2565,-72.3194,0.0009,0.0015,2973.81,-1.3612539999999997
SOL-USDT,MTALIGN,"{'pb_thresh': 0.005, 'vol_thresh': 1.1, 'allowed_hours': [8, 9, 10, 11, 14, 15, 16, 17, 18, 19, 20, 21], 'tp_atr_mult': 2.5, 'risk_pct': 0.01, 'max_hold_bars': 96, 'use_trail': True, 'trail_ema': 21, 'stop_extra': 0.002}",11,0.0,-26.1885,0.0,-2.3808,0.2565,-72.3194,0.0009,0.0015,2973.81,-1.3612539999999997
PEPE-USDT,HVOL,"{'min_adx': 20, 'vol_thresh': 1.5, 'max_ext': 0.02, 'adx_exit': 25, 'allowed_hours': [], 'risk_pct': 0.01, 'max_hold_bars': 120, 'use_trail': False, 'tp_atr_mult': 2.5}",18,0.3333,-78.6466,0.1488,-4.3693,0.2713,-5.9609,0.0081,0.0042,2921.35,-1.3626864000000003
PEPE-USDT,HVOL,"{'min_adx': 20, 'vol_thresh': 1.5, 'max_ext': 0.01, 'adx_exit': 25, 'allowed_hours': [], 'risk_pct': 0.01, 'max_hold_bars': 120, 'use_trail': False, 'tp_atr_mult': 2.5}",18,0.3333,-78.6466,0.1488,-4.3693,0.2713,-5.9609,0.0081,0.0042,2921.35,-1.3626864000000003
PEPE-USDT,HVOL,"{'min_adx': 20, 'vol_thresh': 1.5, 'max_ext': 0.03, 'adx_exit': 25, 'allowed_hours': [], 'risk_pct': 0.01, 'max_hold_bars': 120, 'use_trail': False, 'tp_atr_mult': 2.5}",18,0.3333,-78.6466,0.1488,-4.3693,0.2713,-5.9609,0.0081,0.0042,2921.35,-1.3626864000000003
FIL-USDT,MTALIGN,"{'pb_thresh': 0.008, 'vol_thresh': 1.1, 'allowed_hours': [8, 9, 10, 11, 14, 15, 16, 17, 18, 19, 20, 21], 'tp_atr_mult': 2.5, 'risk_pct': 0.01, 'max_hold_bars': 96, 'use_trail': True, 'trail_ema': 21, 'stop_extra': 0.002}",9,0.0,-26.6267,0.0,-2.9585,0.2565,-46.8633,0.0018,0.0027,2973.37,-1.3630068
HYPE-USDT,HVOL,"{'min_adx': 20, 'vol_thresh': 1.5, 'max_ext': 0.02, 'adx_exit': 20, 'allowed_hours': [], 'risk_pct': 0.01, 'max_hold_bars': 120, 'use_trail': False, 'tp_atr_mult': 2.5}",28,0.1786,-79.6623,0.1502,-2.8451,0.2708,-13.7155,0.0036,0.0046,2920.34,-1.3641492
HYPE-USDT,HVOL,"{'min_adx': 20, 'vol_thresh': 1.5, 'max_ext': 0.01, 'adx_exit': 20, 'allowed_hours': [], 'risk_pct': 0.01, 'max_hold_bars': 120, 'use_trail': False, 'tp_atr_mult': 2.5}",28,0.1786,-79.6623,0.1502,-2.8451,0.2708,-13.7155,0.0036,0.0046,2920.34,-1.3641492
HYPE-USDT,HVOL,"{'min_adx': 20, 'vol_thresh': 1.5, 'max_ext': 0.03, 'adx_exit': 20, 'allowed_hours': [], 'risk_pct': 0.01, 'max_hold_bars': 120, 'use_trail': False, 'tp_atr_mult': 2.5}",28,0.1786,-79.6623,0.1502,-2.8451,0.2708,-13.7155,0.0036,0.0046,2920.34,-1.3641492
APT-USDT,HVOL,"{'min_adx': 25, 'vol_thresh': 2.0, 'max_ext': 0.01, 'adx_exit': 25, 'allowed_hours': [], 'risk_pct': 0.01, 'max_hold_bars': 120, 'use_trail': False, 'tp_atr_mult': 2.5}",12,0.3333,-127.8715,0.2902,-10.656,0.2888,-8.202,0.0344,0.0292,2872.13,-1.3649859999999998
PEPE-USDT,HVOL,"{'min_adx': 25, 'vol_thresh': 1.5, 'max_ext': 0.03, 'adx_exit': 25, 'allowed_hours': [], 'risk_pct': 0.01, 'max_hold_bars': 120, 'use_trail': False, 'tp_atr_mult': 2.5}",17,0.2941,-76.3104,0.1407,-4.4888,0.2708,-5.9857,0.0081,0.0042,2923.69,-1.3649915999999997
PEPE-USDT,HVOL,"{'min_adx': 25, 'vol_thresh': 1.5, 'max_ext': 0.01, 'adx_exit': 25, 'allowed_hours': [], 'risk_pct': 0.01, 'max_hold_bars': 120, 'use_trail': False, 'tp_atr_mult': 2.5}",17,0.2941,-76.3104,0.1407,-4.4888,0.2708,-5.9857,0.0081,0.0042,2923.69,-1.3649915999999997
PEPE-USDT,HVOL,"{'min_adx': 25, 'vol_thresh': 1.5, 'max_ext': 0.02, 'adx_exit': 25, 'allowed_hours': [], 'risk_pct': 0.01, 'max_hold_bars': 120, 'use_trail': False, 'tp_atr_mult': 2.5}",17,0.2941,-76.3104,0.1407,-4.4888,0.2708,-5.9857,0.0081,0.0042,2923.69,-1.3649915999999997
WLD-USDT,HVOL,"{'min_adx': 20, 'vol_thresh': 2.0, 'max_ext': 0.03, 'adx_exit': 25, 'allowed_hours': [], 'risk_pct': 0.01, 'max_hold_bars': 120, 'use_trail': False, 'tp_atr_mult': 2.5}",15,0.1333,-69.8884,0.1219,-4.6592,0.2684,-14.8043,0.0055,0.0069,2930.11,-1.3651035999999999
WLD-USDT,HVOL,"{'min_adx': 20, 'vol_thresh': 2.0, 'max_ext': 0.02, 'adx_exit': 25, 'allowed_hours': [], 'risk_pct': 0.01, 'max_hold_bars': 120, 'use_trail': False, 'tp_atr_mult': 2.5}",15,0.1333,-69.8884,0.1219,-4.6592,0.2684,-14.8043,0.0055,0.0069,2930.11,-1.3651035999999999
HYPE-USDT,HVOL,"{'min_adx': 25, 'vol_thresh': 1.5, 'max_ext': 0.01, 'adx_exit': 20, 'allowed_hours': [], 'risk_pct': 0.01, 'max_hold_bars': 120, 'use_trail': False, 'tp_atr_mult': 2.5}",24,0.1667,-69.5033,0.12,-2.896,0.2683,-15.4092,0.0035,0.0046,2930.5,-1.3663132
HYPE-USDT,HVOL,"{'min_adx': 25, 'vol_thresh': 1.5, 'max_ext': 0.02, 'adx_exit': 20, 'allowed_hours': [], 'risk_pct': 0.01, 'max_hold_bars': 120, 'use_trail': False, 'tp_atr_mult': 2.5}",24,0.1667,-69.5033,0.12,-2.896,0.2683,-15.4092,0.0035,0.0046,2930.5,-1.3663132
HYPE-USDT,HVOL,"{'min_adx': 25, 'vol_thresh': 1.5, 'max_ext': 0.03, 'adx_exit': 20, 'allowed_hours': [], 'risk_pct': 0.01, 'max_hold_bars': 120, 'use_trail': False, 'tp_atr_mult': 2.5}",24,0.1667,-69.5033,0.12,-2.896,0.2683,-15.4092,0.0035,0.0046,2930.5,-1.3663132
HYPE-USDT,MTALIGN,"{'pb_thresh': 0.008, 'vol_thresh': 2.0, 'allowed_hours': [8, 9, 10, 11, 14, 15, 16, 17, 18, 19, 20, 21], 'tp_atr_mult': 2.5, 'risk_pct': 0.01, 'max_hold_bars': 96, 'use_trail': True, 'trail_ema': 21, 'stop_extra': 0.002}",8,0.0,-27.5662,0.0,-3.4458,0.2571,-42.6828,0.0009,0.0034,2972.43,-1.3673647999999998
DOT-USDT,HVOL,"{'min_adx': 30, 'vol_thresh': 1.3, 'max_ext': 0.01, 'adx_exit': 25, 'allowed_hours': [], 'risk_pct': 0.01, 'max_hold_bars': 120, 'use_trail': False, 'tp_atr_mult': 2.5}",18,0.1667,-78.3807,0.144,-4.3545,0.27,-12.8619,0.0082,0.0071,2921.62,-1.3675228000000001
DOT-USDT,HVOL,"{'min_adx': 30, 'vol_thresh': 1.3, 'max_ext': 0.02, 'adx_exit': 25, 'allowed_hours': [], 'risk_pct': 0.01, 'max_hold_bars': 120, 'use_trail': False, 'tp_atr_mult': 2.5}",18,0.1667,-78.3807,0.144,-4.3545,0.27,-12.8619,0.0082,0.0071,2921.62,-1.3675228000000001
DOT-USDT,HVOL,"{'min_adx': 20, 'vol_thresh': 2.0, 'max_ext': 0.03, 'adx_exit': 20, 'allowed_hours': [], 'risk_pct': 0.01, 'max_hold_bars': 120, 'use_trail': False, 'tp_atr_mult': 2.5}",16,0.1875,-85.6984,0.1632,-5.3561,0.2696,-10.1403,0.0109,0.0063,2914.3,-1.3675936000000002
ONDO-USDT,HVOL,"{'min_adx': 30, 'vol_thresh': 1.3, 'max_ext': 0.01, 'adx_exit': 15, 'allowed_hours': [], 'risk_pct': 0.01, 'max_hold_bars': 120, 'use_trail': False, 'tp_atr_mult': 2.5}",22,0.1818,-95.1522,0.191,-4.3251,0.2741,-10.7971,0.0069,0.0072,2904.85,-1.3682087999999997
NEAR-USDT,MTALIGN,"{'pb_thresh': 0.005, 'vol_thresh': 1.3, 'allowed_hours': [], 'tp_atr_mult': 2.5, 'risk_pct': 0.01, 'max_hold_bars': 96, 'use_trail': True, 'trail_ema': 21, 'stop_extra': 0.002}",8,0.0,-28.1737,0.0,-3.5217,0.257,-66.5572,0.0022,0.0047,2971.83,-1.3696948
DOGE-USDT,HVOL,"{'min_adx': 20, 'vol_thresh': 2.0, 'max_ext': 0.01, 'adx_exit': 15, 'allowed_hours': [], 'risk_pct': 0.01, 'max_hold_bars': 120, 'use_trail': False, 'tp_atr_mult': 2.5}",17,0.1765,-45.1131,0.048,-2.6537,0.2614,-21.9852,0.0039,0.0032,2954.89,-1.3698524
DOGE-USDT,HVOL,"{'min_adx': 20, 'vol_thresh': 2.0, 'max_ext': 0.03, 'adx_exit': 15, 'allowed_hours': [], 'risk_pct': 0.01, 'max_hold_bars': 120, 'use_trail': False, 'tp_atr_mult': 2.5}",17,0.1765,-45.1131,0.048,-2.6537,0.2614,-21.9852,0.0039,0.0032,2954.89,-1.3698524
DOGE-USDT,HVOL,"{'min_adx': 20, 'vol_thresh': 2.0, 'max_ext': 0.02, 'adx_exit': 15, 'allowed_hours': [], 'risk_pct': 0.01, 'max_hold_bars': 120, 'use_trail': False, 'tp_atr_mult': 2.5}",17,0.1765,-45.1131,0.048,-2.6537,0.2614,-21.9852,0.0039,0.0032,2954.89,-1.3698524
DOGE-USDT,HVOL,"{'min_adx': 20, 'vol_thresh': 2.0, 'max_ext': 0.01, 'adx_exit': 25, 'allowed_hours': [], 'risk_pct': 0.01, 'max_hold_bars': 120, 'use_trail': False, 'tp_atr_mult': 2.5}",17,0.1765,-45.5332,0.0476,-2.6784,0.2614,-22.1444,0.0039,0.0032,2954.47,-1.3721328000000002
DOGE-USDT,HVOL,"{'min_adx': 20, 'vol_thresh': 2.0, 'max_ext': 0.02, 'adx_exit': 25, 'allowed_hours': [], 'risk_pct': 0.01, 'max_hold_bars': 120, 'use_trail': False, 'tp_atr_mult': 2.5}",17,0.1765,-45.5332,0.0476,-2.6784,0.2614,-22.1444,0.0039,0.0032,2954.47,-1.3721328000000002
DOGE-USDT,HVOL,"{'min_adx': 20, 'vol_thresh': 2.0, 'max_ext': 0.03, 'adx_exit': 20, 'allowed_hours': [], 'risk_pct': 0.01, 'max_hold_bars': 120, 'use_trail': False, 'tp_atr_mult': 2.5}",17,0.1765,-45.5332,0.0476,-2.6784,0.2614,-22.1444,0.0039,0.0032,2954.47,-1.3721328000000002
DOGE-USDT,HVOL,"{'min_adx': 20, 'vol_thresh': 2.0, 'max_ext': 0.01, 'adx_exit': 20, 'allowed_hours': [], 'risk_pct': 0.01, 'max_hold_bars': 120, 'use_trail': False, 'tp_atr_mult': 2.5}",17,0.1765,-45.5332,0.0476,-2.6784,0.2614,-22.1444,0.0039,0.0032,2954.47,-1.3721328000000002
DOGE-USDT,HVOL,"{'min_adx': 20, 'vol_thresh': 2.0, 'max_ext': 0.03, 'adx_exit': 25, 'allowed_hours': [], 'risk_pct': 0.01, 'max_hold_bars': 120, 'use_trail': False, 'tp_atr_mult': 2.5}",17,0.1765,-45.5332,0.0476,-2.6784,0.2614,-22.1444,0.0039,0.0032,2954.47,-1.3721328000000002
DOGE-USDT,HVOL,"{'min_adx': 20, 'vol_thresh': 2.0, 'max_ext': 0.02, 'adx_exit': 20, 'allowed_hours': [], 'risk_pct': 0.01, 'max_hold_bars': 120, 'use_trail': False, 'tp_atr_mult': 2.5}",17,0.1765,-45.5332,0.0476,-2.6784,0.2614,-22.1444,0.0039,0.0032,2954.47,-1.3721328000000002
HYPE-USDT,HVOL,"{'min_adx': 25, 'vol_thresh': 1.5, 'max_ext': 0.01, 'adx_exit': 15, 'allowed_hours': [], 'risk_pct': 0.01, 'max_hold_bars': 120, 'use_trail': False, 'tp_atr_mult': 2.5}",24,0.1667,-70.4344,0.1186,-2.9348,0.2685,-15.5955,0.0035,0.0046,2929.57,-1.3723375999999998
HYPE-USDT,HVOL,"{'min_adx': 25, 'vol_thresh': 1.5, 'max_ext': 0.02, 'adx_exit': 15, 'allowed_hours': [], 'risk_pct': 0.01, 'max_hold_bars': 120, 'use_trail': False, 'tp_atr_mult': 2.5}",24,0.1667,-70.4344,0.1186,-2.9348,0.2685,-15.5955,0.0035,0.0046,2929.57,-1.3723375999999998
HYPE-USDT,HVOL,"{'min_adx': 25, 'vol_thresh': 1.5, 'max_ext': 0.03, 'adx_exit': 15, 'allowed_hours': [], 'risk_pct': 0.01, 'max_hold_bars': 120, 'use_trail': False, 'tp_atr_mult': 2.5}",24,0.1667,-70.4344,0.1186,-2.9348,0.2685,-15.5955,0.0035,0.0046,2929.57,-1.3723375999999998
WLD-USDT,HVOL,"{'min_adx': 20, 'vol_thresh': 2.0, 'max_ext': 0.01, 'adx_exit': 20, 'allowed_hours': [], 'risk_pct': 0.01, 'max_hold_bars': 120, 'use_trail': False, 'tp_atr_mult': 2.5}",14,0.1429,-71.0011,0.1202,-5.0715,0.2687,-13.9634,0.0059,0.0078,2929.0,-1.3724043999999997
XLM-USDT,MTALIGN,"{'pb_thresh': 0.008, 'vol_thresh': 1.1, 'allowed_hours': [], 'tp_atr_mult': 2.5, 'risk_pct': 0.01, 'max_hold_bars': 96, 'use_trail': True, 'trail_ema': 21, 'stop_extra': 0.002}",7,0.0,-28.8618,0.0,-4.1231,0.257,-73.0735,0.0022,0.0042,2971.14,-1.3724472000000003
DOGE-USDT,HVOL,"{'min_adx': 20, 'vol_thresh': 1.5, 'max_ext': 0.01, 'adx_exit': 15, 'allowed_hours': [], 'risk_pct': 0.01, 'max_hold_bars': 120, 'use_trail': False, 'tp_atr_mult': 2.5}",27,0.1481,-73.612,0.1267,-2.7264,0.2683,-16.0285,0.0033,0.0034,2926.39,-1.3726979999999998
DOGE-USDT,HVOL,"{'min_adx': 20, 'vol_thresh': 1.5, 'max_ext': 0.02, 'adx_exit': 15, 'allowed_hours': [], 'risk_pct': 0.01, 'max_hold_bars': 120, 'use_trail': False, 'tp_atr_mult': 2.5}",27,0.1481,-73.612,0.1267,-2.7264,0.2683,-16.0285,0.0033,0.0034,2926.39,-1.3726979999999998
DOGE-USDT,HVOL,"{'min_adx': 20, 'vol_thresh': 1.5, 'max_ext': 0.03, 'adx_exit': 15, 'allowed_hours': [], 'risk_pct': 0.01, 'max_hold_bars': 120, 'use_trail': False, 'tp_atr_mult': 2.5}",27,0.1481,-73.612,0.1267,-2.7264,0.2683,-16.0285,0.0033,0.0034,2926.39,-1.3726979999999998
DOT-USDT,HVOL,"{'min_adx': 20, 'vol_thresh': 1.5, 'max_ext': 0.03, 'adx_exit': 25, 'allowed_hours': [], 'risk_pct': 0.01, 'max_hold_bars': 120, 'use_trail': False, 'tp_atr_mult': 2.5}",22,0.1364,-97.4449,0.192,-4.4293,0.2715,-9.4936,0.0103,0.0056,2902.56,-1.3732796
SOL-USDT,HVOL,"{'min_adx': 20, 'vol_thresh': 1.5, 'max_ext': 0.03, 'adx_exit': 25, 'allowed_hours': [], 'risk_pct': 0.01, 'max_hold_bars': 120, 'use_trail': False, 'tp_atr_mult': 2.5}",22,0.0909,-64.224,0.1006,-2.9193,0.268,-17.5736,0.0023,0.0032,2935.78,-1.373996
SOL-USDT,HVOL,"{'min_adx': 20, 'vol_thresh': 1.5, 'max_ext': 0.01, 'adx_exit': 25, 'allowed_hours': [], 'risk_pct': 0.01, 'max_hold_bars': 120, 'use_trail': False, 'tp_atr_mult': 2.5}",22,0.0909,-64.224,0.1006,-2.9193,0.268,-17.5736,0.0023,0.0032,2935.78,-1.373996
SOL-USDT,HVOL,"{'min_adx': 20, 'vol_thresh': 1.5, 'max_ext': 0.02, 'adx_exit': 25, 'allowed_hours': [], 'risk_pct': 0.01, 'max_hold_bars': 120, 'use_trail': False, 'tp_atr_mult': 2.5}",22,0.0909,-64.224,0.1006,-2.9193,0.268,-17.5736,0.0023,0.0032,2935.78,-1.373996
DOGE-USDT,HVOL,"{'min_adx': 20, 'vol_thresh': 1.5, 'max_ext': 0.02, 'adx_exit': 20, 'allowed_hours': [], 'risk_pct': 0.01, 'max_hold_bars': 120, 'use_trail': False, 'tp_atr_mult': 2.5}",27,0.1481,-74.028,0.1261,-2.7418,0.2684,-16.112,0.0033,0.0034,2925.97,-1.375362
DOGE-USDT,HVOL,"{'min_adx': 20, 'vol_thresh': 1.5, 'max_ext': 0.03, 'adx_exit': 20, 'allowed_hours': [], 'risk_pct': 0.01, 'max_hold_bars': 120, 'use_trail': False, 'tp_atr_mult': 2.5}",27,0.1481,-74.028,0.1261,-2.7418,0.2684,-16.112,0.0033,0.0034,2925.97,-1.375362
DOGE-USDT,HVOL,"{'min_adx': 20, 'vol_thresh': 1.5, 'max_ext': 0.01, 'adx_exit': 20, 'allowed_hours': [], 'risk_pct': 0.01, 'max_hold_bars': 120, 'use_trail': False, 'tp_atr_mult': 2.5}",27,0.1481,-74.028,0.1261,-2.7418,0.2684,-16.112,0.0033,0.0034,2925.97,-1.375362
DOT-USDT,HVOL,"{'min_adx': 20, 'vol_thresh': 1.5, 'max_ext': 0.03, 'adx_exit': 15, 'allowed_hours': [], 'risk_pct': 0.01, 'max_hold_bars': 120, 'use_trail': False, 'tp_atr_mult': 2.5}",22,0.1818,-99.1391,0.1948,-4.5063,0.2719,-9.3912,0.0109,0.0058,2900.86,-1.3762564
ETH-USDT,MTALIGN,"{'pb_thresh': 0.005, 'vol_thresh': 1.1, 'allowed_hours': [8, 9, 10, 11, 14, 15, 16, 17, 18, 19, 20, 21], 'tp_atr_mult': 2.5, 'risk_pct': 0.01, 'max_hold_bars': 96, 'use_trail': True, 'trail_ema': 21, 'stop_extra': 0.002}",12,0.0,-29.7394,0.0,-2.4783,0.2574,-55.1121,0.0007,0.0016,2970.26,-1.3763576
ETH-USDT,MTALIGN,"{'pb_thresh': 0.008, 'vol_thresh': 1.1, 'allowed_hours': [8, 9, 10, 11, 14, 15, 16, 17, 18, 19, 20, 21], 'tp_atr_mult': 2.5, 'risk_pct': 0.01, 'max_hold_bars': 96, 'use_trail': True, 'trail_ema': 21, 'stop_extra': 0.002}",12,0.0,-29.7394,0.0,-2.4783,0.2574,-55.1121,0.0007,0.0016,2970.26,-1.3763576
ONDO-USDT,HVOL,"{'min_adx': 20, 'vol_thresh': 1.5, 'max_ext': 0.03, 'adx_exit': 25, 'allowed_hours': [], 'risk_pct': 0.01, 'max_hold_bars': 120, 'use_trail': False, 'tp_atr_mult': 2.5}",31,0.0645,-110.5471,0.2314,-3.566,0.2821,-9.0778,0.0082,0.0058,2889.45,-1.3771883999999996
ONDO-USDT,HVOL,"{'min_adx': 20, 'vol_thresh': 1.5, 'max_ext': 0.02, 'adx_exit': 25, 'allowed_hours': [], 'risk_pct': 0.01, 'max_hold_bars': 120, 'use_trail': False, 'tp_atr_mult': 2.5}",31,0.0645,-110.5471,0.2314,-3.566,0.2821,-9.0778,0.0082,0.0058,2889.45,-1.3771883999999996
AVAX-USDT,HVOL,"{'min_adx': 25, 'vol_thresh': 1.5, 'max_ext': 0.01, 'adx_exit': 25, 'allowed_hours': [], 'risk_pct': 0.01, 'max_hold_bars': 120, 'use_trail': False, 'tp_atr_mult': 2.5}",19,0.1053,-73.0627,0.1226,-3.8454,0.2696,-14.0557,0.0048,0.0058,2926.94,-1.3779508000000003
AVAX-USDT,HVOL,"{'min_adx': 25, 'vol_thresh': 1.5, 'max_ext': 0.02, 'adx_exit': 25, 'allowed_hours': [], 'risk_pct': 0.01, 'max_hold_bars': 120, 'use_trail': False, 'tp_atr_mult': 2.5}",19,0.1053,-73.0627,0.1226,-3.8454,0.2696,-14.0557,0.0048,0.0058,2926.94,-1.3779508000000003
AVAX-USDT,HVOL,"{'min_adx': 25, 'vol_thresh': 1.5, 'max_ext': 0.03, 'adx_exit': 25, 'allowed_hours': [], 'risk_pct': 0.01, 'max_hold_bars': 120, 'use_trail': False, 'tp_atr_mult': 2.5}",19,0.1053,-73.0627,0.1226,-3.8454,0.2696,-14.0557,0.0048,0.0058,2926.94,-1.3779508000000003
LINK-USDT,VSMO,"{'rsi_lo': 45, 'rsi_hi': 80, 'vol_thresh': 1.5, 'stop_atr_mult': 1.0, 'allowed_hours': [], 'tp_atr_mult': 3.0, 'risk_pct': 0.01, 'max_hold_bars': 144, 'use_trail': True, 'trail_ema': 21}",17,0.0,-30.163,0.0,-1.7743,0.2575,-49.2248,0.0004,0.0015,2969.84,-1.3781520000000003
LINK-USDT,VSMO,"{'rsi_lo': 45, 'rsi_hi': 80, 'vol_thresh': 1.5, 'stop_atr_mult': 2.0, 'allowed_hours': [], 'tp_atr_mult': 3.0, 'risk_pct': 0.01, 'max_hold_bars': 144, 'use_trail': True, 'trail_ema': 21}",17,0.0,-30.163,0.0,-1.7743,0.2575,-49.2248,0.0004,0.0015,2969.84,-1.3781520000000003
LINK-USDT,VSMO,"{'rsi_lo': 45, 'rsi_hi': 80, 'vol_thresh': 1.5, 'stop_atr_mult': 1.5, 'allowed_hours': [], 'tp_atr_mult': 3.0, 'risk_pct': 0.01, 'max_hold_bars': 144, 'use_trail': True, 'trail_ema': 21}",17,0.0,-30.163,0.0,-1.7743,0.2575,-49.2248,0.0004,0.0015,2969.84,-1.3781520000000003
BTC-USDT,MTALIGN,"{'pb_thresh': 0.008, 'vol_thresh': 1.1, 'allowed_hours': [8, 9, 10, 11, 14, 15, 16, 17, 18, 19, 20, 21], 'tp_atr_mult': 2.5, 'risk_pct': 0.01, 'max_hold_bars': 96, 'use_trail': True, 'trail_ema': 21, 'stop_extra': 0.002}",13,0.0,-30.2025,0.0,-2.3233,0.2575,-96.5299,0.0008,0.0015,2969.8,-1.3783100000000001
BTC-USDT,MTALIGN,"{'pb_thresh': 0.005, 'vol_thresh': 1.1, 'allowed_hours': [8, 9, 10, 11, 14, 15, 16, 17, 18, 19, 20, 21], 'tp_atr_mult': 2.5, 'risk_pct': 0.01, 'max_hold_bars': 96, 'use_trail': True, 'trail_ema': 21, 'stop_extra': 0.002}",13,0.0,-30.2025,0.0,-2.3233,0.2575,-96.5299,0.0008,0.0015,2969.8,-1.3783100000000001
BTC-USDT,MTALIGN,"{'pb_thresh': 0.003, 'vol_thresh': 1.1, 'allowed_hours': [8, 9, 10, 11, 14, 15, 16, 17, 18, 19, 20, 21], 'tp_atr_mult': 2.5, 'risk_pct': 0.01, 'max_hold_bars': 96, 'use_trail': True, 'trail_ema': 21, 'stop_extra': 0.002}",13,0.0,-30.2025,0.0,-2.3233,0.2575,-96.5299,0.0008,0.0015,2969.8,-1.3783100000000001
ETH-USDT,MTALIGN,"{'pb_thresh': 0.005, 'vol_thresh': 1.3, 'allowed_hours': [8, 9, 10, 11, 14, 15, 16, 17, 18, 19, 20, 21], 'tp_atr_mult': 2.5, 'risk_pct': 0.01, 'max_hold_bars': 96, 'use_trail': True, 'trail_ema': 21, 'stop_extra': 0.002}",12,0.0,-30.3354,0.0,-2.528,0.2575,-62.1132,0.0006,0.0017,2969.66,-1.3788416000000001
ETH-USDT,MTALIGN,"{'pb_thresh': 0.008, 'vol_thresh': 1.3, 'allowed_hours': [8, 9, 10, 11, 14, 15, 16, 17, 18, 19, 20, 21], 'tp_atr_mult': 2.5, 'risk_pct': 0.01, 'max_hold_bars': 96, 'use_trail': True, 'trail_ema': 21, 'stop_extra': 0.002}",12,0.0,-30.3354,0.0,-2.528,0.2575,-62.1132,0.0006,0.0017,2969.66,-1.3788416000000001
DOGE-USDT,HVOL,"{'min_adx': 20, 'vol_thresh': 1.3, 'max_ext': 0.02, 'adx_exit': 25, 'allowed_hours': [], 'risk_pct': 0.01, 'max_hold_bars': 120, 'use_trail': False, 'tp_atr_mult': 2.5}",27,0.1852,-66.0741,0.1007,-2.4472,0.2665,-17.0727,0.0036,0.003,2933.93,-1.3797463999999997
DOGE-USDT,HVOL,"{'min_adx': 20, 'vol_thresh': 1.3, 'max_ext': 0.01, 'adx_exit': 25, 'allowed_hours': [], 'risk_pct': 0.01, 'max_hold_bars': 120, 'use_trail': False, 'tp_atr_mult': 2.5}",27,0.1852,-66.0741,0.1007,-2.4472,0.2665,-17.0727,0.0036,0.003,2933.93,-1.3797463999999997
DOGE-USDT,HVOL,"{'min_adx': 20, 'vol_thresh': 1.3, 'max_ext': 0.03, 'adx_exit': 25, 'allowed_hours': [], 'risk_pct': 0.01, 'max_hold_bars': 120, 'use_trail': False, 'tp_atr_mult': 2.5}",27,0.1852,-66.0741,0.1007,-2.4472,0.2665,-17.0727,0.0036,0.003,2933.93,-1.3797463999999997
HYPE-USDT,HVOL,"{'min_adx': 20, 'vol_thresh': 1.5, 'max_ext': 0.02, 'adx_exit': 15, 'allowed_hours': [], 'risk_pct': 0.01, 'max_hold_bars': 120, 'use_trail': False, 'tp_atr_mult': 2.5}",28,0.1786,-82.2798,0.1461,-2.9386,0.2715,-13.9801,0.0036,0.0048,2917.72,-1.3814692000000002
HYPE-USDT,HVOL,"{'min_adx': 20, 'vol_thresh': 1.5, 'max_ext': 0.01, 'adx_exit': 15, 'allowed_hours': [], 'risk_pct': 0.01, 'max_hold_bars': 120, 'use_trail': False, 'tp_atr_mult': 2.5}",28,0.1786,-82.2798,0.1461,-2.9386,0.2715,-13.9801,0.0036,0.0048,2917.72,-1.3814692000000002
HYPE-USDT,HVOL,"{'min_adx': 20, 'vol_thresh': 1.5, 'max_ext': 0.03, 'adx_exit': 15, 'allowed_hours': [], 'risk_pct': 0.01, 'max_hold_bars': 120, 'use_trail': False, 'tp_atr_mult': 2.5}",28,0.1786,-82.2798,0.1461,-2.9386,0.2715,-13.9801,0.0036,0.0048,2917.72,-1.3814692000000002
DOT-USDT,HVOL,"{'min_adx': 25, 'vol_thresh': 1.3, 'max_ext': 0.01, 'adx_exit': 15, 'allowed_hours': [], 'risk_pct': 0.01, 'max_hold_bars': 120, 'use_trail': False, 'tp_atr_mult': 2.5}",21,0.1429,-80.3077,0.1407,-3.8242,0.272,-12.3969,0.0092,0.0068,2919.69,-1.3821808000000002
DOT-USDT,HVOL,"{'min_adx': 25, 'vol_thresh': 1.3, 'max_ext': 0.02, 'adx_exit': 15, 'allowed_hours': [], 'risk_pct': 0.01, 'max_hold_bars': 120, 'use_trail': False, 'tp_atr_mult': 2.5}",21,0.1429,-80.3077,0.1407,-3.8242,0.272,-12.3969,0.0092,0.0068,2919.69,-1.3821808000000002
UNI-USDT,VSMO,"{'rsi_lo': 45, 'rsi_hi': 80, 'vol_thresh': 1.5, 'stop_atr_mult': 1.0, 'allowed_hours': [], 'tp_atr_mult': 3.0, 'risk_pct': 0.01, 'max_hold_bars': 144, 'use_trail': True, 'trail_ema': 21}",13,0.0,-31.3242,0.0,-2.4096,0.2585,-33.4323,0.0014,0.0032,2968.68,-1.3837967999999998
UNI-USDT,VSMO,"{'rsi_lo': 45, 'rsi_hi': 80, 'vol_thresh': 1.5, 'stop_atr_mult': 2.0, 'allowed_hours': [], 'tp_atr_mult': 3.0, 'risk_pct': 0.01, 'max_hold_bars': 144, 'use_trail': True, 'trail_ema': 21}",13,0.0,-31.3242,0.0,-2.4096,0.2585,-33.4323,0.0014,0.0032,2968.68,-1.3837967999999998
UNI-USDT,VSMO,"{'rsi_lo': 45, 'rsi_hi': 80, 'vol_thresh': 1.5, 'stop_atr_mult': 1.5, 'allowed_hours': [], 'tp_atr_mult': 3.0, 'risk_pct': 0.01, 'max_hold_bars': 144, 'use_trail': True, 'trail_ema': 21}",13,0.0,-31.3242,0.0,-2.4096,0.2585,-33.4323,0.0014,0.0032,2968.68,-1.3837967999999998
SOL-USDT,HVOL,"{'min_adx': 25, 'vol_thresh': 1.3, 'max_ext': 0.02, 'adx_exit': 20, 'allowed_hours': [], 'risk_pct': 0.01, 'max_hold_bars': 120, 'use_trail': False, 'tp_atr_mult': 2.5}",21,0.0952,-63.6583,0.0916,-3.0313,0.2679,-17.1838,0.0029,0.0034,2936.34,-1.3851331999999998
SOL-USDT,HVOL,"{'min_adx': 25, 'vol_thresh': 1.3, 'max_ext': 0.02, 'adx_exit': 15, 'allowed_hours': [], 'risk_pct': 0.01, 'max_hold_bars': 120, 'use_trail': False, 'tp_atr_mult': 2.5}",21,0.0952,-63.6583,0.0916,-3.0313,0.2679,-17.1838,0.0029,0.0034,2936.34,-1.3851331999999998
SOL-USDT,HVOL,"{'min_adx': 25, 'vol_thresh': 1.3, 'max_ext': 0.03, 'adx_exit': 15, 'allowed_hours': [], 'risk_pct': 0.01, 'max_hold_bars': 120, 'use_trail': False, 'tp_atr_mult': 2.5}",21,0.0952,-63.6583,0.0916,-3.0313,0.2679,-17.1838,0.0029,0.0034,2936.34,-1.3851331999999998
SOL-USDT,HVOL,"{'min_adx': 25, 'vol_thresh': 1.3, 'max_ext': 0.01, 'adx_exit': 20, 'allowed_hours': [], 'risk_pct': 0.01, 'max_hold_bars': 120, 'use_trail': False, 'tp_atr_mult': 2.5}",21,0.0952,-63.6583,0.0916,-3.0313,0.2679,-17.1838,0.0029,0.0034,2936.34,-1.3851331999999998
SOL-USDT,HVOL,"{'min_adx': 25, 'vol_thresh': 1.3, 'max_ext': 0.03, 'adx_exit': 20, 'allowed_hours': [], 'risk_pct': 0.01, 'max_hold_bars': 120, 'use_trail': False, 'tp_atr_mult': 2.5}",21,0.0952,-63.6583,0.0916,-3.0313,0.2679,-17.1838,0.0029,0.0034,2936.34,-1.3851331999999998
SOL-USDT,HVOL,"{'min_adx': 25, 'vol_thresh': 1.3, 'max_ext': 0.01, 'adx_exit': 15, 'allowed_hours': [], 'risk_pct': 0.01, 'max_hold_bars': 120, 'use_trail': False, 'tp_atr_mult': 2.5}",21,0.0952,-63.6583,0.0916,-3.0313,0.2679,-17.1838,0.0029,0.0034,2936.34,-1.3851331999999998
AVAX-USDT,HVOL,"{'min_adx': 30, 'vol_thresh': 1.5, 'max_ext': 0.01, 'adx_exit': 25, 'allowed_hours': [], 'risk_pct': 0.01, 'max_hold_bars': 120, 'use_trail': False, 'tp_atr_mult': 2.5}",16,0.125,-66.8718,0.1001,-4.1795,0.2681,-15.6466,0.0049,0.0061,2933.13,-1.3854372000000001
SOL-USDT,HVOL,"{'min_adx': 20, 'vol_thresh': 2.0, 'max_ext': 0.01, 'adx_exit': 25, 'allowed_hours': [], 'risk_pct': 0.01, 'max_hold_bars': 120, 'use_trail': False, 'tp_atr_mult': 2.5}",18,0.1667,-52.8695,0.0591,-2.9372,0.2641,-21.1796,0.0024,0.0033,2947.13,-1.3869280000000002
SOL-USDT,HVOL,"{'min_adx': 20, 'vol_thresh': 2.0, 'max_ext': 0.02, 'adx_exit': 25, 'allowed_hours': [], 'risk_pct': 0.01, 'max_hold_bars': 120, 'use_trail': False, 'tp_atr_mult': 2.5}",18,0.1667,-52.8695,0.0591,-2.9372,0.2641,-21.1796,0.0024,0.0033,2947.13,-1.3869280000000002
SOL-USDT,HVOL,"{'min_adx': 20, 'vol_thresh': 2.0, 'max_ext': 0.03, 'adx_exit': 25, 'allowed_hours': [], 'risk_pct': 0.01, 'max_hold_bars': 120, 'use_trail': False, 'tp_atr_mult': 2.5}",18,0.1667,-52.8695,0.0591,-2.9372,0.2641,-21.1796,0.0024,0.0033,2947.13,-1.3869280000000002
HYPE-USDT,HVOL,"{'min_adx': 30, 'vol_thresh': 1.5, 'max_ext': 0.03, 'adx_exit': 25, 'allowed_hours': [], 'risk_pct': 0.01, 'max_hold_bars': 120, 'use_trail': False, 'tp_atr_mult': 2.5}",19,0.1053,-58.8527,0.0749,-3.0975,0.2647,-18.9865,0.0034,0.0045,2941.15,-1.3877608000000001
HYPE-USDT,HVOL,"{'min_adx': 30, 'vol_thresh': 1.5, 'max_ext': 0.02, 'adx_exit': 25, 'allowed_hours': [], 'risk_pct': 0.01, 'max_hold_bars': 120, 'use_trail': False, 'tp_atr_mult': 2.5}",19,0.1053,-58.8527,0.0749,-3.0975,0.2647,-18.9865,0.0034,0.0045,2941.15,-1.3877608000000001
HYPE-USDT,HVOL,"{'min_adx': 30, 'vol_thresh': 1.5, 'max_ext': 0.01, 'adx_exit': 25, 'allowed_hours': [], 'risk_pct': 0.01, 'max_hold_bars': 120, 'use_trail': False, 'tp_atr_mult': 2.5}",19,0.1053,-58.8527,0.0749,-3.0975,0.2647,-18.9865,0.0034,0.0045,2941.15,-1.3877608000000001
BTC-USDT,HVOL,"{'min_adx': 20, 'vol_thresh': 2.0, 'max_ext': 0.02, 'adx_exit': 25, 'allowed_hours': [], 'risk_pct': 0.01, 'max_hold_bars': 120, 'use_trail': False, 'tp_atr_mult': 2.5}",24,0.125,-54.0656,0.0606,-2.2527,0.2642,-20.7804,0.0019,0.0023,2945.93,-1.3895624
BTC-USDT,HVOL,"{'min_adx': 20, 'vol_thresh': 2.0, 'max_ext': 0.03, 'adx_exit': 25, 'allowed_hours': [], 'risk_pct': 0.01, 'max_hold_bars': 120, 'use_trail': False, 'tp_atr_mult': 2.5}",24,0.125,-54.0656,0.0606,-2.2527,0.2642,-20.7804,0.0019,0.0023,2945.93,-1.3895624
BTC-USDT,HVOL,"{'min_adx': 20, 'vol_thresh': 2.0, 'max_ext': 0.01, 'adx_exit': 25, 'allowed_hours': [], 'risk_pct': 0.01, 'max_hold_bars': 120, 'use_trail': False, 'tp_atr_mult': 2.5}",24,0.125,-54.0656,0.0606,-2.2527,0.2642,-20.7804,0.0019,0.0023,2945.93,-1.3895624
DOT-USDT,HVOL,"{'min_adx': 20, 'vol_thresh': 2.0, 'max_ext': 0.03, 'adx_exit': 15, 'allowed_hours': [], 'risk_pct': 0.01, 'max_hold_bars': 120, 'use_trail': False, 'tp_atr_mult': 2.5}",16,0.1875,-89.0473,0.1579,-5.5655,0.2704,-10.567,0.0109,0.0064,2910.95,-1.3897392000000002
APT-USDT,EMASTACK,"{'max_pb': 0.015, 'vol_thresh': 1.5, 'rsi_lo': 38, 'rsi_hi': 66, 'rsi_exit': 73, 'min_adx': 15, 'allowed_hours': [], 'risk_pct': 0.01, 'max_hold_bars': 144, 'use_trail': True, 'trail_ema': 21, 'tp_atr_mult': 2.5, 'stop_extra': 0.002}",10,0.1,-88.2035,0.1618,-8.8203,0.28,-13.2964,0.0171,0.0207,2911.8,-1.3901140000000003
BTC-USDT,HVOL,"{'min_adx': 20, 'vol_thresh': 2.0, 'max_ext': 0.02, 'adx_exit': 15, 'allowed_hours': [], 'risk_pct': 0.01, 'max_hold_bars': 120, 'use_trail': False, 'tp_atr_mult': 2.5}",24,0.125,-54.2675,0.0604,-2.2611,0.2642,-20.7916,0.0019,0.0023,2945.73,-1.3906699999999996
BTC-USDT,HVOL,"{'min_adx': 20, 'vol_thresh': 2.0, 'max_ext': 0.01, 'adx_exit': 15, 'allowed_hours': [], 'risk_pct': 0.01, 'max_hold_bars': 120, 'use_trail': False, 'tp_atr_mult': 2.5}",24,0.125,-54.2675,0.0604,-2.2611,0.2642,-20.7916,0.0019,0.0023,2945.73,-1.3906699999999996
BTC-USDT,HVOL,"{'min_adx': 20, 'vol_thresh': 2.0, 'max_ext': 0.02, 'adx_exit': 20, 'allowed_hours': [], 'risk_pct': 0.01, 'max_hold_bars': 120, 'use_trail': False, 'tp_atr_mult': 2.5}",24,0.125,-54.2675,0.0604,-2.2611,0.2642,-20.7916,0.0019,0.0023,2945.73,-1.3906699999999996
BTC-USDT,HVOL,"{'min_adx': 20, 'vol_thresh': 2.0, 'max_ext': 0.01, 'adx_exit': 20, 'allowed_hours': [], 'risk_pct': 0.01, 'max_hold_bars': 120, 'use_trail': False, 'tp_atr_mult': 2.5}",24,0.125,-54.2675,0.0604,-2.2611,0.2642,-20.7916,0.0019,0.0023,2945.73,-1.3906699999999996
BTC-USDT,HVOL,"{'min_adx': 20, 'vol_thresh': 2.0, 'max_ext': 0.03, 'adx_exit': 15, 'allowed_hours': [], 'risk_pct': 0.01, 'max_hold_bars': 120, 'use_trail': False, 'tp_atr_mult': 2.5}",24,0.125,-54.2675,0.0604,-2.2611,0.2642,-20.7916,0.0019,0.0023,2945.73,-1.3906699999999996
BTC-USDT,HVOL,"{'min_adx': 20, 'vol_thresh': 2.0, 'max_ext': 0.03, 'adx_exit': 20, 'allowed_hours': [], 'risk_pct': 0.01, 'max_hold_bars': 120, 'use_trail': False, 'tp_atr_mult': 2.5}",24,0.125,-54.2675,0.0604,-2.2611,0.2642,-20.7916,0.0019,0.0023,2945.73,-1.3906699999999996
DOGE-USDT,HVOL,"{'min_adx': 25, 'vol_thresh': 2.0, 'max_ext': 0.01, 'adx_exit': 15, 'allowed_hours': [], 'risk_pct': 0.01, 'max_hold_bars': 120, 'use_trail': False, 'tp_atr_mult': 2.5}",15,0.2,-49.1996,0.044,-3.28,0.2625,-20.4104,0.0041,0.0036,2950.8,-1.3932984000000002
DOGE-USDT,HVOL,"{'min_adx': 25, 'vol_thresh': 2.0, 'max_ext': 0.03, 'adx_exit': 15, 'allowed_hours': [], 'risk_pct': 0.01, 'max_hold_bars': 120, 'use_trail': False, 'tp_atr_mult': 2.5}",15,0.2,-49.1996,0.044,-3.28,0.2625,-20.4104,0.0041,0.0036,2950.8,-1.3932984000000002
DOGE-USDT,HVOL,"{'min_adx': 25, 'vol_thresh': 2.0, 'max_ext': 0.02, 'adx_exit': 15, 'allowed_hours': [], 'risk_pct': 0.01, 'max_hold_bars': 120, 'use_trail': False, 'tp_atr_mult': 2.5}",15,0.2,-49.1996,0.044,-3.28,0.2625,-20.4104,0.0041,0.0036,2950.8,-1.3932984000000002
DOT-USDT,HVOL,"{'min_adx': 25, 'vol_thresh': 1.3, 'max_ext': 0.02, 'adx_exit': 25, 'allowed_hours': [], 'risk_pct': 0.01, 'max_hold_bars': 120, 'use_trail': False, 'tp_atr_mult': 2.5}",21,0.1429,-82.6038,0.1376,-3.9335,0.271,-13.4642,0.0085,0.0064,2917.4,-1.3950152
DOT-USDT,HVOL,"{'min_adx': 25, 'vol_thresh': 1.3, 'max_ext': 0.01, 'adx_exit': 25, 'allowed_hours': [], 'risk_pct': 0.01, 'max_hold_bars': 120, 'use_trail': False, 'tp_atr_mult': 2.5}",21,0.1429,-82.6038,0.1376,-3.9335,0.271,-13.4642,0.0085,0.0064,2917.4,-1.3950152
DOGE-USDT,HVOL,"{'min_adx': 25, 'vol_thresh': 2.0, 'max_ext': 0.01, 'adx_exit': 20, 'allowed_hours': [], 'risk_pct': 0.01, 'max_hold_bars': 120, 'use_trail': False, 'tp_atr_mult': 2.5}",15,0.2,-49.6183,0.0437,-3.3079,0.2625,-20.4661,0.0041,0.0036,2950.38,-1.3954232
DOGE-USDT,HVOL,"{'min_adx': 25, 'vol_thresh': 2.0, 'max_ext': 0.02, 'adx_exit': 25, 'allowed_hours': [], 'risk_pct': 0.01, 'max_hold_bars': 120, 'use_trail': False, 'tp_atr_mult': 2.5}",15,0.2,-49.6183,0.0437,-3.3079,0.2625,-20.4661,0.0041,0.0036,2950.38,-1.3954232
DOGE-USDT,HVOL,"{'min_adx': 25, 'vol_thresh': 2.0, 'max_ext': 0.02, 'adx_exit': 20, 'allowed_hours': [], 'risk_pct': 0.01, 'max_hold_bars': 120, 'use_trail': False, 'tp_atr_mult': 2.5}",15,0.2,-49.6183,0.0437,-3.3079,0.2625,-20.4661,0.0041,0.0036,2950.38,-1.3954232
DOGE-USDT,HVOL,"{'min_adx': 25, 'vol_thresh': 2.0, 'max_ext': 0.03, 'adx_exit': 25, 'allowed_hours': [], 'risk_pct': 0.01, 'max_hold_bars': 120, 'use_trail': False, 'tp_atr_mult': 2.5}",15,0.2,-49.6183,0.0437,-3.3079,0.2625,-20.4661,0.0041,0.0036,2950.38,-1.3954232
DOGE-USDT,HVOL,"{'min_adx': 25, 'vol_thresh': 2.0, 'max_ext': 0.03, 'adx_exit': 20, 'allowed_hours': [], 'risk_pct': 0.01, 'max_hold_bars': 120, 'use_trail': False, 'tp_atr_mult': 2.5}",15,0.2,-49.6183,0.0437,-3.3079,0.2625,-20.4661,0.0041,0.0036,2950.38,-1.3954232
DOGE-USDT,HVOL,"{'min_adx': 25, 'vol_thresh': 2.0, 'max_ext': 0.01, 'adx_exit': 25, 'allowed_hours': [], 'risk_pct': 0.01, 'max_hold_bars': 120, 'use_trail': False, 'tp_atr_mult': 2.5}",15,0.2,-49.6183,0.0437,-3.3079,0.2625,-20.4661,0.0041,0.0036,2950.38,-1.3954232
ETH-USDT,HVOL,"{'min_adx': 30, 'vol_thresh': 1.5, 'max_ext': 0.03, 'adx_exit': 25, 'allowed_hours': [], 'risk_pct': 0.01, 'max_hold_bars': 120, 'use_trail': False, 'tp_atr_mult': 2.5}",19,0.1053,-50.3792,0.0458,-2.6515,0.2627,-23.8724,0.0018,0.0027,2949.62,-1.3955167999999998
ETH-USDT,HVOL,"{'min_adx': 30, 'vol_thresh': 1.5, 'max_ext': 0.02, 'adx_exit': 25, 'allowed_hours': [], 'risk_pct': 0.01, 'max_hold_bars': 120, 'use_trail': False, 'tp_atr_mult': 2.5}",19,0.1053,-50.3792,0.0458,-2.6515,0.2627,-23.8724,0.0018,0.0027,2949.62,-1.3955167999999998
ETH-USDT,HVOL,"{'min_adx': 30, 'vol_thresh': 1.5, 'max_ext': 0.01, 'adx_exit': 25, 'allowed_hours': [], 'risk_pct': 0.01, 'max_hold_bars': 120, 'use_trail': False, 'tp_atr_mult': 2.5}",19,0.1053,-50.3792,0.0458,-2.6515,0.2627,-23.8724,0.0018,0.0027,2949.62,-1.3955167999999998
LIT-USDT,RVOL,"{'vol_thresh': 2.0, 'min_roc': 2.0, 'max_rsi': 70, 'min_adx': 18, 'stop_atr_mult': 2.0, 'rsi_exit': 75, 'allowed_hours': [14, 15, 16, 17, 18, 19, 20, 21], 'risk_pct': 0.01, 'max_hold_bars': 72, 'use_trail': True, 'trail_pct': 0.02, 'tp_atr_mult': 3.0}",6,0.1667,-51.5738,0.0529,-8.5956,0.2691,-21.2797,0.011,0.0282,2948.43,-1.3960452
LIT-USDT,RVOL,"{'vol_thresh': 2.0, 'min_roc': 2.5, 'max_rsi': 70, 'min_adx': 18, 'stop_atr_mult': 2.0, 'rsi_exit': 75, 'allowed_hours': [14, 15, 16, 17, 18, 19, 20, 21], 'risk_pct': 0.01, 'max_hold_bars': 72, 'use_trail': True, 'trail_pct': 0.02, 'tp_atr_mult': 3.0}",6,0.1667,-51.5738,0.0529,-8.5956,0.2691,-21.2797,0.011,0.0282,2948.43,-1.3960452
LIT-USDT,RVOL,"{'vol_thresh': 2.0, 'min_roc': 2.5, 'max_rsi': 70, 'min_adx': 18, 'stop_atr_mult': 1.5, 'rsi_exit': 75, 'allowed_hours': [14, 15, 16, 17, 18, 19, 20, 21], 'risk_pct': 0.01, 'max_hold_bars': 72, 'use_trail': True, 'trail_pct': 0.02, 'tp_atr_mult': 3.0}",6,0.1667,-51.5738,0.0529,-8.5956,0.2691,-21.2797,0.011,0.0282,2948.43,-1.3960452
LIT-USDT,RVOL,"{'vol_thresh': 2.0, 'min_roc': 2.0, 'max_rsi': 70, 'min_adx': 18, 'stop_atr_mult': 1.5, 'rsi_exit': 75, 'allowed_hours': [14, 15, 16, 17, 18, 19, 20, 21], 'risk_pct': 0.01, 'max_hold_bars': 72, 'use_trail': True, 'trail_pct': 0.02, 'tp_atr_mult': 3.0}",6,0.1667,-51.5738,0.0529,-8.5956,0.2691,-21.2797,0.011,0.0282,2948.43,-1.3960452
AVAX-USDT,HVOL,"{'min_adx': 30, 'vol_thresh': 1.3, 'max_ext': 0.01, 'adx_exit': 25, 'allowed_hours': [], 'risk_pct': 0.01, 'max_hold_bars': 120, 'use_trail': False, 'tp_atr_mult': 2.5}",17,0.1176,-68.5768,0.0978,-4.0339,0.2685,-15.4495,0.0049,0.0059,2931.42,-1.3961071999999999
ETH-USDT,HVOL,"{'min_adx': 25, 'vol_thresh': 1.5, 'max_ext': 0.03, 'adx_exit': 25, 'allowed_hours': [], 'risk_pct': 0.01, 'max_hold_bars': 120, 'use_trail': False, 'tp_atr_mult': 2.5}",24,0.125,-58.3247,0.0674,-2.4302,0.2647,-22.1389,0.0018,0.0024,2941.68,-1.3968987999999998
ETH-USDT,HVOL,"{'min_adx': 25, 'vol_thresh': 1.5, 'max_ext': 0.02, 'adx_exit': 25, 'allowed_hours': [], 'risk_pct': 0.01, 'max_hold_bars': 120, 'use_trail': False, 'tp_atr_mult': 2.5}",24,0.125,-58.3247,0.0674,-2.4302,0.2647,-22.1389,0.0018,0.0024,2941.68,-1.3968987999999998
ETH-USDT,HVOL,"{'min_adx': 25, 'vol_thresh': 1.5, 'max_ext': 0.01, 'adx_exit': 25, 'allowed_hours': [], 'risk_pct': 0.01, 'max_hold_bars': 120, 'use_trail': False, 'tp_atr_mult': 2.5}",24,0.125,-58.3247,0.0674,-2.4302,0.2647,-22.1389,0.0018,0.0024,2941.68,-1.3968987999999998
PEPE-USDT,HVOL,"{'min_adx': 20, 'vol_thresh': 1.3, 'max_ext': 0.02, 'adx_exit': 25, 'allowed_hours': [], 'risk_pct': 0.01, 'max_hold_bars': 120, 'use_trail': False, 'tp_atr_mult': 2.5}",19,0.3158,-84.1041,0.1403,-4.4265,0.2715,-6.2143,0.0077,0.0042,2915.9,-1.3974664000000003
PEPE-USDT,HVOL,"{'min_adx': 20, 'vol_thresh': 1.3, 'max_ext': 0.01, 'adx_exit': 25, 'allowed_hours': [], 'risk_pct': 0.01, 'max_hold_bars': 120, 'use_trail': False, 'tp_atr_mult': 2.5}",19,0.3158,-84.1041,0.1403,-4.4265,0.2715,-6.2143,0.0077,0.0042,2915.9,-1.3974664000000003
PEPE-USDT,HVOL,"{'min_adx': 20, 'vol_thresh': 1.3, 'max_ext': 0.03, 'adx_exit': 25, 'allowed_hours': [], 'risk_pct': 0.01, 'max_hold_bars': 120, 'use_trail': False, 'tp_atr_mult': 2.5}",19,0.3158,-84.1041,0.1403,-4.4265,0.2715,-6.2143,0.0077,0.0042,2915.9,-1.3974664000000003
ETH-USDT,HVOL,"{'min_adx': 30, 'vol_thresh': 1.5, 'max_ext': 0.01, 'adx_exit': 20, 'allowed_hours': [], 'risk_pct': 0.01, 'max_hold_bars': 120, 'use_trail': False, 'tp_atr_mult': 2.5}",19,0.1053,-50.8282,0.0454,-2.6752,0.2628,-23.9727,0.0018,0.0029,2949.17,-1.3980128
ETH-USDT,HVOL,"{'min_adx': 30, 'vol_thresh': 1.5, 'max_ext': 0.02, 'adx_exit': 20, 'allowed_hours': [], 'risk_pct': 0.01, 'max_hold_bars': 120, 'use_trail': False, 'tp_atr_mult': 2.5}",19,0.1053,-50.8282,0.0454,-2.6752,0.2628,-23.9727,0.0018,0.0029,2949.17,-1.3980128
ETH-USDT,HVOL,"{'min_adx': 30, 'vol_thresh': 1.5, 'max_ext': 0.03, 'adx_exit': 20, 'allowed_hours': [], 'risk_pct': 0.01, 'max_hold_bars': 120, 'use_trail': False, 'tp_atr_mult': 2.5}",19,0.1053,-50.8282,0.0454,-2.6752,0.2628,-23.9727,0.0018,0.0029,2949.17,-1.3980128
ONDO-USDT,HVOL,"{'min_adx': 25, 'vol_thresh': 2.0, 'max_ext': 0.01, 'adx_exit': 20, 'allowed_hours': [], 'risk_pct': 0.01, 'max_hold_bars': 120, 'use_trail': False, 'tp_atr_mult': 2.5}",18,0.1111,-86.4613,0.1455,-4.8034,0.2719,-13.2337,0.006,0.0084,2913.54,-1.3994952
LINK-USDT,HVOL,"{'min_adx': 20, 'vol_thresh': 2.0, 'max_ext': 0.01, 'adx_exit': 20, 'allowed_hours': [], 'risk_pct': 0.01, 'max_hold_bars': 120, 'use_trail': False, 'tp_atr_mult': 2.5}",15,0.0667,-55.3196,0.0575,-3.688,0.2645,-22.0495,0.0032,0.0044,2944.68,-1.3995284
LINK-USDT,HVOL,"{'min_adx': 20, 'vol_thresh': 2.0, 'max_ext': 0.03, 'adx_exit': 20, 'allowed_hours': [], 'risk_pct': 0.01, 'max_hold_bars': 120, 'use_trail': False, 'tp_atr_mult': 2.5}",15,0.0667,-55.3196,0.0575,-3.688,0.2645,-22.0495,0.0032,0.0044,2944.68,-1.3995284
LINK-USDT,HVOL,"{'min_adx': 20, 'vol_thresh': 2.0, 'max_ext': 0.02, 'adx_exit': 20, 'allowed_hours': [], 'risk_pct': 0.01, 'max_hold_bars': 120, 'use_trail': False, 'tp_atr_mult': 2.5}",15,0.0667,-55.3196,0.0575,-3.688,0.2645,-22.0495,0.0032,0.0044,2944.68,-1.3995284
PEPE-USDT,HVOL,"{'min_adx': 25, 'vol_thresh': 1.3, 'max_ext': 0.02, 'adx_exit': 25, 'allowed_hours': [], 'risk_pct': 0.01, 'max_hold_bars': 120, 'use_trail': False, 'tp_atr_mult': 2.5}",18,0.2778,-81.7723,0.1323,-4.5429,0.2709,-6.2435,0.0077,0.0042,2918.23,-1.3995391999999998
PEPE-USDT,HVOL,"{'min_adx': 25, 'vol_thresh': 1.3, 'max_ext': 0.01, 'adx_exit': 25, 'allowed_hours': [], 'risk_pct': 0.01, 'max_hold_bars': 120, 'use_trail': False, 'tp_atr_mult': 2.5}",18,0.2778,-81.7723,0.1323,-4.5429,0.2709,-6.2435,0.0077,0.0042,2918.23,-1.3995391999999998
PEPE-USDT,HVOL,"{'min_adx': 25, 'vol_thresh': 1.3, 'max_ext': 0.03, 'adx_exit': 25, 'allowed_hours': [], 'risk_pct': 0.01, 'max_hold_bars': 120, 'use_trail': False, 'tp_atr_mult': 2.5}",18,0.2778,-81.7723,0.1323,-4.5429,0.2709,-6.2435,0.0077,0.0042,2918.23,-1.3995391999999998
ETH-USDT,HVOL,"{'min_adx': 25, 'vol_thresh': 1.5, 'max_ext': 0.03, 'adx_exit': 20, 'allowed_hours': [], 'risk_pct': 0.01, 'max_hold_bars': 120, 'use_trail': False, 'tp_atr_mult': 2.5}",24,0.125,-58.7739,0.0669,-2.4489,0.2648,-22.658,0.0018,0.0026,2941.23,-1.3995456
ETH-USDT,HVOL,"{'min_adx': 25, 'vol_thresh': 1.5, 'max_ext': 0.01, 'adx_exit': 20, 'allowed_hours': [], 'risk_pct': 0.01, 'max_hold_bars': 120, 'use_trail': False, 'tp_atr_mult': 2.5}",24,0.125,-58.7739,0.0669,-2.4489,0.2648,-22.658,0.0018,0.0026,2941.23,-1.3995456
ETH-USDT,HVOL,"{'min_adx': 25, 'vol_thresh': 1.5, 'max_ext': 0.02, 'adx_exit': 20, 'allowed_hours': [], 'risk_pct': 0.01, 'max_hold_bars': 120, 'use_trail': False, 'tp_atr_mult': 2.5}",24,0.125,-58.7739,0.0669,-2.4489,0.2648,-22.658,0.0018,0.0026,2941.23,-1.3995456
APT-USDT,RVOL,"{'vol_thresh': 2.0, 'min_roc': 2.0, 'max_rsi': 65, 'min_adx': 18, 'stop_atr_mult': 2.0, 'rsi_exit': 70, 'allowed_hours': [14, 15, 16, 17, 18, 19, 20, 21], 'risk_pct': 0.01, 'max_hold_bars': 72, 'use_trail': True, 'trail_pct': 0.02, 'tp_atr_mult': 3.0}",5,0.0,-34.8101,0.0,-6.962,0.2616,-28.6783,0.013,0.0188,2965.19,-1.4008403999999999
APT-USDT,RVOL,"{'vol_thresh': 2.0, 'min_roc': 1.0, 'max_rsi': 65, 'min_adx': 18, 'stop_atr_mult': 1.5, 'rsi_exit': 70, 'allowed_hours': [14, 15, 16, 17, 18, 19, 20, 21], 'risk_pct': 0.01, 'max_hold_bars': 72, 'use_trail': True, 'trail_pct': 0.02, 'tp_atr_mult': 3.0}",5,0.0,-34.8101,0.0,-6.962,0.2616,-28.6783,0.013,0.0188,2965.19,-1.4008403999999999
APT-USDT,RVOL,"{'vol_thresh': 2.0, 'min_roc': 1.5, 'max_rsi': 65, 'min_adx': 18, 'stop_atr_mult': 1.5, 'rsi_exit': 70, 'allowed_hours': [14, 15, 16, 17, 18, 19, 20, 21], 'risk_pct': 0.01, 'max_hold_bars': 72, 'use_trail': True, 'trail_pct': 0.02, 'tp_atr_mult': 3.0}",5,0.0,-34.8101,0.0,-6.962,0.2616,-28.6783,0.013,0.0188,2965.19,-1.4008403999999999
APT-USDT,RVOL,"{'vol_thresh': 2.0, 'min_roc': 1.5, 'max_rsi': 65, 'min_adx': 18, 'stop_atr_mult': 2.0, 'rsi_exit': 70, 'allowed_hours': [14, 15, 16, 17, 18, 19, 20, 21], 'risk_pct': 0.01, 'max_hold_bars': 72, 'use_trail': True, 'trail_pct': 0.02, 'tp_atr_mult': 3.0}",5,0.0,-34.8101,0.0,-6.962,0.2616,-28.6783,0.013,0.0188,2965.19,-1.4008403999999999
APT-USDT,RVOL,"{'vol_thresh': 2.0, 'min_roc': 2.0, 'max_rsi': 65, 'min_adx': 18, 'stop_atr_mult': 1.5, 'rsi_exit': 70, 'allowed_hours': [14, 15, 16, 17, 18, 19, 20, 21], 'risk_pct': 0.01, 'max_hold_bars': 72, 'use_trail': True, 'trail_pct': 0.02, 'tp_atr_mult': 3.0}",5,0.0,-34.8101,0.0,-6.962,0.2616,-28.6783,0.013,0.0188,2965.19,-1.4008403999999999
APT-USDT,RVOL,"{'vol_thresh': 2.0, 'min_roc': 1.0, 'max_rsi': 65, 'min_adx': 18, 'stop_atr_mult': 2.0, 'rsi_exit': 70, 'allowed_hours': [14, 15, 16, 17, 18, 19, 20, 21], 'risk_pct': 0.01, 'max_hold_bars': 72, 'use_trail': True, 'trail_pct': 0.02, 'tp_atr_mult': 3.0}",5,0.0,-34.8101,0.0,-6.962,0.2616,-28.6783,0.013,0.0188,2965.19,-1.4008403999999999
LINK-USDT,HVOL,"{'min_adx': 20, 'vol_thresh': 2.0, 'max_ext': 0.03, 'adx_exit': 25, 'allowed_hours': [], 'risk_pct': 0.01, 'max_hold_bars': 120, 'use_trail': False, 'tp_atr_mult': 2.5}",15,0.0667,-55.6519,0.0572,-3.7101,0.2645,-22.4092,0.0032,0.0043,2944.35,-1.4013076
LINK-USDT,HVOL,"{'min_adx': 20, 'vol_thresh': 2.0, 'max_ext': 0.02, 'adx_exit': 25, 'allowed_hours': [], 'risk_pct': 0.01, 'max_hold_bars': 120, 'use_trail': False, 'tp_atr_mult': 2.5}",15,0.0667,-55.6519,0.0572,-3.7101,0.2645,-22.4092,0.0032,0.0043,2944.35,-1.4013076
LINK-USDT,HVOL,"{'min_adx': 20, 'vol_thresh': 2.0, 'max_ext': 0.01, 'adx_exit': 25, 'allowed_hours': [], 'risk_pct': 0.01, 'max_hold_bars': 120, 'use_trail': False, 'tp_atr_mult': 2.5}",15,0.0667,-55.6519,0.0572,-3.7101,0.2645,-22.4092,0.0032,0.0043,2944.35,-1.4013076
XLM-USDT,HVOL,"{'min_adx': 20, 'vol_thresh': 2.0, 'max_ext': 0.03, 'adx_exit': 25, 'allowed_hours': [], 'risk_pct': 0.01, 'max_hold_bars': 120, 'use_trail': False, 'tp_atr_mult': 2.5}",26,0.1154,-76.9409,0.1172,-2.9593,0.2694,-16.8704,0.0037,0.0036,2923.06,-1.4013636000000003
XLM-USDT,HVOL,"{'min_adx': 20, 'vol_thresh': 2.0, 'max_ext': 0.02, 'adx_exit': 25, 'allowed_hours': [], 'risk_pct': 0.01, 'max_hold_bars': 120, 'use_trail': False, 'tp_atr_mult': 2.5}",26,0.1154,-76.9409,0.1172,-2.9593,0.2694,-16.8704,0.0037,0.0036,2923.06,-1.4013636000000003
XLM-USDT,HVOL,"{'min_adx': 20, 'vol_thresh': 2.0, 'max_ext': 0.01, 'adx_exit': 25, 'allowed_hours': [], 'risk_pct': 0.01, 'max_hold_bars': 120, 'use_trail': False, 'tp_atr_mult': 2.5}",26,0.1154,-76.9409,0.1172,-2.9593,0.2694,-16.8704,0.0037,0.0036,2923.06,-1.4013636000000003
DOT-USDT,HVOL,"{'min_adx': 25, 'vol_thresh': 1.3, 'max_ext': 0.02, 'adx_exit': 20, 'allowed_hours': [], 'risk_pct': 0.01, 'max_hold_bars': 120, 'use_trail': False, 'tp_atr_mult': 2.5}",21,0.1429,-83.4038,0.1362,-3.9716,0.2728,-12.8626,0.0087,0.0067,2916.6,-1.4021152000000001
DOT-USDT,HVOL,"{'min_adx': 25, 'vol_thresh': 1.3, 'max_ext': 0.01, 'adx_exit': 20, 'allowed_hours': [], 'risk_pct': 0.01, 'max_hold_bars': 120, 'use_trail': False, 'tp_atr_mult': 2.5}",21,0.1429,-83.4038,0.1362,-3.9716,0.2728,-12.8626,0.0087,0.0067,2916.6,-1.4021152000000001
DOT-USDT,HVOL,"{'min_adx': 20, 'vol_thresh': 2.0, 'max_ext': 0.03, 'adx_exit': 25, 'allowed_hours': [], 'risk_pct': 0.01, 'max_hold_bars': 120, 'use_trail': False, 'tp_atr_mult': 2.5}",16,0.125,-89.4583,0.1505,-5.5911,0.2705,-10.9179,0.0102,0.006,2910.54,-1.4025831999999998
NEAR-USDT,MTALIGN,"{'pb_thresh': 0.005, 'vol_thresh': 1.1, 'allowed_hours': [], 'tp_atr_mult': 2.5, 'risk_pct': 0.01, 'max_hold_bars': 96, 'use_trail': True, 'trail_ema': 21, 'stop_extra': 0.002}",12,0.0833,-38.8439,0.008,-3.237,0.26,-39.4932,0.0018,0.0043,2961.16,-1.4033756
APT-USDT,EMASTACK,"{'max_pb': 0.015, 'vol_thresh': 1.2, 'rsi_lo': 50, 'rsi_hi': 78, 'rsi_exit': 85, 'min_adx': 15, 'allowed_hours': [], 'risk_pct': 0.01, 'max_hold_bars': 144, 'use_trail': True, 'trail_ema': 21, 'tp_atr_mult': 2.5, 'stop_extra': 0.002}",15,0.0667,-107.0013,0.2054,-7.1334,0.2837,-10.3534,0.0159,0.0192,2893.0,-1.4036052000000003
APT-USDT,EMASTACK,"{'max_pb': 0.015, 'vol_thresh': 1.2, 'rsi_lo': 45, 'rsi_hi': 73, 'rsi_exit': 80, 'min_adx': 15, 'allowed_hours': [], 'risk_pct': 0.01, 'max_hold_bars': 144, 'use_trail': True, 'trail_ema': 21, 'tp_atr_mult': 2.5, 'stop_extra': 0.002}",15,0.0667,-107.0013,0.2054,-7.1334,0.2837,-10.3534,0.0159,0.0192,2893.0,-1.4036052000000003
PEPE-USDT,HVOL,"{'min_adx': 20, 'vol_thresh': 1.5, 'max_ext': 0.02, 'adx_exit': 20, 'allowed_hours': [], 'risk_pct': 0.01, 'max_hold_bars': 120, 'use_trail': False, 'tp_atr_mult': 2.5}",18,0.3333,-84.9526,0.1392,-4.7196,0.2729,-6.4041,0.0081,0.0045,2915.05,-1.4039104
PEPE-USDT,HVOL,"{'min_adx': 20, 'vol_thresh': 1.5, 'max_ext': 0.03, 'adx_exit': 20, 'allowed_hours': [], 'risk_pct': 0.01, 'max_hold_bars': 120, 'use_trail': False, 'tp_atr_mult': 2.5}",18,0.3333,-84.9526,0.1392,-4.7196,0.2729,-6.4041,0.0081,0.0045,2915.05,-1.4039104
PEPE-USDT,HVOL,"{'min_adx': 20, 'vol_thresh': 1.5, 'max_ext': 0.01, 'adx_exit': 20, 'allowed_hours': [], 'risk_pct': 0.01, 'max_hold_bars': 120, 'use_trail': False, 'tp_atr_mult': 2.5}",18,0.3333,-84.9526,0.1392,-4.7196,0.2729,-6.4041,0.0081,0.0045,2915.05,-1.4039104
NEAR-USDT,MTALIGN,"{'pb_thresh': 0.008, 'vol_thresh': 1.5, 'allowed_hours': [], 'tp_atr_mult': 2.5, 'risk_pct': 0.01, 'max_hold_bars': 96, 'use_trail': True, 'trail_ema': 21, 'stop_extra': 0.002}",9,0.0,-36.3907,0.0,-4.0434,0.2589,-47.7041,0.0017,0.0054,2963.61,-1.4044628000000001
HYPE-USDT,MTALIGN,"{'pb_thresh': 0.005, 'vol_thresh': 1.1, 'allowed_hours': [8, 9, 10, 11, 14, 15, 16, 17, 18, 19, 20, 21], 'tp_atr_mult': 2.5, 'risk_pct': 0.01, 'max_hold_bars': 96, 'use_trail': True, 'trail_ema': 21, 'stop_extra': 0.002}",16,0.0625,-47.0312,0.0302,-2.9395,0.2619,-31.4781,0.0016,0.0036,2952.97,-1.4047247999999999
HYPE-USDT,MTALIGN,"{'pb_thresh': 0.005, 'vol_thresh': 2.0, 'allowed_hours': [], 'tp_atr_mult': 2.5, 'risk_pct': 0.01, 'max_hold_bars': 96, 'use_trail': True, 'trail_ema': 21, 'stop_extra': 0.002}",13,0.0769,-36.3726,0.0,-2.7979,0.2593,-30.7673,0.0024,0.0028,2963.63,-1.4047904
HYPE-USDT,MTALIGN,"{'pb_thresh': 0.005, 'vol_thresh': 1.3, 'allowed_hours': [], 'tp_atr_mult': 2.5, 'risk_pct': 0.01, 'max_hold_bars': 96, 'use_trail': True, 'trail_ema': 21, 'stop_extra': 0.002}",24,0.0833,-61.5807,0.0713,-2.5659,0.2656,-21.0853,0.0024,0.0029,2938.42,-1.4049728
DOT-USDT,MTALIGN,"{'pb_thresh': 0.003, 'vol_thresh': 1.3, 'allowed_hours': [], 'tp_atr_mult': 2.5, 'risk_pct': 0.01, 'max_hold_bars': 96, 'use_trail': True, 'trail_ema': 21, 'stop_extra': 0.002}",13,0.0,-36.5649,0.0,-2.8127,0.2595,-46.1668,0.0019,0.0034,2963.44,-1.4057596
ETH-USDT,HVOL,"{'min_adx': 30, 'vol_thresh': 1.5, 'max_ext': 0.02, 'adx_exit': 15, 'allowed_hours': [], 'risk_pct': 0.01, 'max_hold_bars': 120, 'use_trail': False, 'tp_atr_mult': 2.5}",19,0.1053,-52.251,0.0442,-2.7501,0.2631,-22.9952,0.0018,0.0029,2947.75,-1.4058040000000003
ETH-USDT,HVOL,"{'min_adx': 30, 'vol_thresh': 1.5, 'max_ext': 0.03, 'adx_exit': 15, 'allowed_hours': [], 'risk_pct': 0.01, 'max_hold_bars': 120, 'use_trail': False, 'tp_atr_mult': 2.5}",19,0.1053,-52.251,0.0442,-2.7501,0.2631,-22.9952,0.0018,0.0029,2947.75,-1.4058040000000003
ETH-USDT,HVOL,"{'min_adx': 30, 'vol_thresh': 1.5, 'max_ext': 0.01, 'adx_exit': 15, 'allowed_hours': [], 'risk_pct': 0.01, 'max_hold_bars': 120, 'use_trail': False, 'tp_atr_mult': 2.5}",19,0.1053,-52.251,0.0442,-2.7501,0.2631,-22.9952,0.0018,0.0029,2947.75,-1.4058040000000003
PEPE-USDT,HVOL,"{'min_adx': 25, 'vol_thresh': 1.5, 'max_ext': 0.01, 'adx_exit': 20, 'allowed_hours': [], 'risk_pct': 0.01, 'max_hold_bars': 120, 'use_trail': False, 'tp_atr_mult': 2.5}",17,0.2941,-82.6215,0.1313,-4.8601,0.2723,-6.4474,0.0081,0.0045,2917.38,-1.4058359999999999
PEPE-USDT,HVOL,"{'min_adx': 25, 'vol_thresh': 1.5, 'max_ext': 0.03, 'adx_exit': 20, 'allowed_hours': [], 'risk_pct': 0.01, 'max_hold_bars': 120, 'use_trail': False, 'tp_atr_mult': 2.5}",17,0.2941,-82.6215,0.1313,-4.8601,0.2723,-6.4474,0.0081,0.0045,2917.38,-1.4058359999999999
PEPE-USDT,HVOL,"{'min_adx': 25, 'vol_thresh': 1.5, 'max_ext': 0.02, 'adx_exit': 20, 'allowed_hours': [], 'risk_pct': 0.01, 'max_hold_bars': 120, 'use_trail': False, 'tp_atr_mult': 2.5}",17,0.2941,-82.6215,0.1313,-4.8601,0.2723,-6.4474,0.0081,0.0045,2917.38,-1.4058359999999999
WLD-USDT,HVOL,"{'min_adx': 20, 'vol_thresh': 2.0, 'max_ext': 0.01, 'adx_exit': 15, 'allowed_hours': [], 'risk_pct': 0.01, 'max_hold_bars': 120, 'use_trail': False, 'tp_atr_mult': 2.5}",14,0.1429,-76.23,0.1128,-5.445,0.2706,-14.0807,0.0067,0.0084,2923.77,-1.40632
LIT-USDT,RVOL,"{'vol_thresh': 2.0, 'min_roc': 1.5, 'max_rsi': 70, 'min_adx': 18, 'stop_atr_mult': 2.0, 'rsi_exit': 75, 'allowed_hours': [14, 15, 16, 17, 18, 19, 20, 21], 'risk_pct': 0.01, 'max_hold_bars': 72, 'use_trail': True, 'trail_pct': 0.02, 'tp_atr_mult': 3.0}",7,0.1429,-53.5585,0.051,-7.6512,0.2691,-19.0654,0.0122,0.0255,2946.44,-1.406834
LIT-USDT,RVOL,"{'vol_thresh': 2.0, 'min_roc': 1.5, 'max_rsi': 70, 'min_adx': 18, 'stop_atr_mult': 1.5, 'rsi_exit': 75, 'allowed_hours': [14, 15, 16, 17, 18, 19, 20, 21], 'risk_pct': 0.01, 'max_hold_bars': 72, 'use_trail': True, 'trail_pct': 0.02, 'tp_atr_mult': 3.0}",7,0.1429,-53.5585,0.051,-7.6512,0.2691,-19.0654,0.0122,0.0255,2946.44,-1.406834
HYPE-USDT,MTALIGN,"{'pb_thresh': 0.003, 'vol_thresh': 1.5, 'allowed_hours': [], 'tp_atr_mult': 2.5, 'risk_pct': 0.01, 'max_hold_bars': 96, 'use_trail': True, 'trail_ema': 21, 'stop_extra': 0.002}",14,0.0714,-36.859,0.0,-2.6328,0.2594,-35.8523,0.0018,0.0028,2963.14,-1.406836
ONDO-USDT,HVOL,"{'min_adx': 30, 'vol_thresh': 1.5, 'max_ext': 0.01, 'adx_exit': 25, 'allowed_hours': [], 'risk_pct': 0.01, 'max_hold_bars': 120, 'use_trail': False, 'tp_atr_mult': 2.5}",22,0.0909,-92.4535,0.1574,-4.2024,0.2735,-12.4234,0.006,0.007,2907.55,-1.407214
ETH-USDT,HVOL,"{'min_adx': 25, 'vol_thresh': 1.5, 'max_ext': 0.02, 'adx_exit': 15, 'allowed_hours': [], 'risk_pct': 0.01, 'max_hold_bars': 120, 'use_trail': False, 'tp_atr_mult': 2.5}",24,0.125,-60.1929,0.0654,-2.508,0.2652,-21.7856,0.0018,0.0026,2939.81,-1.4078716
ETH-USDT,HVOL,"{'min_adx': 25, 'vol_thresh': 1.5, 'max_ext': 0.01, 'adx_exit': 15, 'allowed_hours': [], 'risk_pct': 0.01, 'max_hold_bars': 120, 'use_trail': False, 'tp_atr_mult': 2.5}",24,0.125,-60.1929,0.0654,-2.508,0.2652,-21.7856,0.0018,0.0026,2939.81,-1.4078716
ETH-USDT,HVOL,"{'min_adx': 25, 'vol_thresh': 1.5, 'max_ext': 0.03, 'adx_exit': 15, 'allowed_hours': [], 'risk_pct': 0.01, 'max_hold_bars': 120, 'use_trail': False, 'tp_atr_mult': 2.5}",24,0.125,-60.1929,0.0654,-2.508,0.2652,-21.7856,0.0018,0.0026,2939.81,-1.4078716
SOL-USDT,MTALIGN,"{'pb_thresh': 0.003, 'vol_thresh': 1.5, 'allowed_hours': [], 'tp_atr_mult': 2.5, 'risk_pct': 0.01, 'max_hold_bars': 96, 'use_trail': True, 'trail_ema': 21, 'stop_extra': 0.002}",13,0.0,-37.1746,0.0,-2.8596,0.2593,-73.0904,0.001,0.0022,2962.83,-1.4079983999999999
AVAX-USDT,HVOL,"{'min_adx': 30, 'vol_thresh': 1.5, 'max_ext': 0.01, 'adx_exit': 20, 'allowed_hours': [], 'risk_pct': 0.01, 'max_hold_bars': 120, 'use_trail': False, 'tp_atr_mult': 2.5}",16,0.125,-70.7508,0.0951,-4.4219,0.2691,-15.41,0.0049,0.0062,2929.25,-1.4094531999999997
AVAX-USDT,HVOL,"{'min_adx': 30, 'vol_thresh': 1.5, 'max_ext': 0.01, 'adx_exit': 15, 'allowed_hours': [], 'risk_pct': 0.01, 'max_hold_bars': 120, 'use_trail': False, 'tp_atr_mult': 2.5}",16,0.125,-70.7508,0.0951,-4.4219,0.2691,-15.41,0.0049,0.0062,2929.25,-1.4094531999999997
ETH-USDT,MTALIGN,"{'pb_thresh': 0.003, 'vol_thresh': 2.0, 'allowed_hours': [], 'tp_atr_mult': 2.5, 'risk_pct': 0.01, 'max_hold_bars': 96, 'use_trail': True, 'trail_ema': 21, 'stop_extra': 0.002}",15,0.0,-37.6054,0.0,-2.507,0.2594,-95.411,0.0008,0.0018,2962.39,-1.4098216000000001
PEPE-USDT,HVOL,"{'min_adx': 30, 'vol_thresh': 1.3, 'max_ext': 0.01, 'adx_exit': 25, 'allowed_hours': [], 'risk_pct': 0.01, 'max_hold_bars': 120, 'use_trail': False, 'tp_atr_mult': 2.5}",14,0.2857,-78.1919,0.1159,-5.5851,0.272,-6.7537,0.009,0.0053,2921.81,-1.4109176
PEPE-USDT,HVOL,"{'min_adx': 30, 'vol_thresh': 1.5, 'max_ext': 0.02, 'adx_exit': 25, 'allowed_hours': [], 'risk_pct': 0.01, 'max_hold_bars': 120, 'use_trail': False, 'tp_atr_mult': 2.5}",14,0.2857,-78.1919,0.1159,-5.5851,0.272,-6.7537,0.009,0.0053,2921.81,-1.4109176
PEPE-USDT,HVOL,"{'min_adx': 30, 'vol_thresh': 1.5, 'max_ext': 0.01, 'adx_exit': 25, 'allowed_hours': [], 'risk_pct': 0.01, 'max_hold_bars': 120, 'use_trail': False, 'tp_atr_mult': 2.5}",14,0.2857,-78.1919,0.1159,-5.5851,0.272,-6.7537,0.009,0.0053,2921.81,-1.4109176
PEPE-USDT,HVOL,"{'min_adx': 30, 'vol_thresh': 1.3, 'max_ext': 0.02, 'adx_exit': 25, 'allowed_hours': [], 'risk_pct': 0.01, 'max_hold_bars': 120, 'use_trail': False, 'tp_atr_mult': 2.5}",14,0.2857,-78.1919,0.1159,-5.5851,0.272,-6.7537,0.009,0.0053,2921.81,-1.4109176
PEPE-USDT,HVOL,"{'min_adx': 30, 'vol_thresh': 1.3, 'max_ext': 0.03, 'adx_exit': 25, 'allowed_hours': [], 'risk_pct': 0.01, 'max_hold_bars': 120, 'use_trail': False, 'tp_atr_mult': 2.5}",14,0.2857,-78.1919,0.1159,-5.5851,0.272,-6.7537,0.009,0.0053,2921.81,-1.4109176
PEPE-USDT,HVOL,"{'min_adx': 30, 'vol_thresh': 1.5, 'max_ext': 0.03, 'adx_exit': 25, 'allowed_hours': [], 'risk_pct': 0.01, 'max_hold_bars': 120, 'use_trail': False, 'tp_atr_mult': 2.5}",14,0.2857,-78.1919,0.1159,-5.5851,0.272,-6.7537,0.009,0.0053,2921.81,-1.4109176
SOL-USDT,HVOL,"{'min_adx': 20, 'vol_thresh': 1.5, 'max_ext': 0.01, 'adx_exit': 15, 'allowed_hours': [], 'risk_pct': 0.01, 'max_hold_bars': 120, 'use_trail': False, 'tp_atr_mult': 2.5}",22,0.0909,-70.203,0.0927,-3.191,0.2695,-18.4321,0.0023,0.0034,2929.8,-1.4112619999999998
SOL-USDT,HVOL,"{'min_adx': 20, 'vol_thresh': 1.5, 'max_ext': 0.01, 'adx_exit': 20, 'allowed_hours': [], 'risk_pct': 0.01, 'max_hold_bars': 120, 'use_trail': False, 'tp_atr_mult': 2.5}",22,0.0909,-70.203,0.0927,-3.191,0.2695,-18.4321,0.0023,0.0034,2929.8,-1.4112619999999998
SOL-USDT,HVOL,"{'min_adx': 20, 'vol_thresh': 1.5, 'max_ext': 0.03, 'adx_exit': 20, 'allowed_hours': [], 'risk_pct': 0.01, 'max_hold_bars': 120, 'use_trail': False, 'tp_atr_mult': 2.5}",22,0.0909,-70.203,0.0927,-3.191,0.2695,-18.4321,0.0023,0.0034,2929.8,-1.4112619999999998
SOL-USDT,HVOL,"{'min_adx': 20, 'vol_thresh': 1.5, 'max_ext': 0.02, 'adx_exit': 20, 'allowed_hours': [], 'risk_pct': 0.01, 'max_hold_bars': 120, 'use_trail': False, 'tp_atr_mult': 2.5}",22,0.0909,-70.203,0.0927,-3.191,0.2695,-18.4321,0.0023,0.0034,2929.8,-1.4112619999999998
SOL-USDT,HVOL,"{'min_adx': 20, 'vol_thresh': 1.5, 'max_ext': 0.03, 'adx_exit': 15, 'allowed_hours': [], 'risk_pct': 0.01, 'max_hold_bars': 120, 'use_trail': False, 'tp_atr_mult': 2.5}",22,0.0909,-70.203,0.0927,-3.191,0.2695,-18.4321,0.0023,0.0034,2929.8,-1.4112619999999998
SOL-USDT,HVOL,"{'min_adx': 20, 'vol_thresh': 1.5, 'max_ext': 0.02, 'adx_exit': 15, 'allowed_hours': [], 'risk_pct': 0.01, 'max_hold_bars': 120, 'use_trail': False, 'tp_atr_mult': 2.5}",22,0.0909,-70.203,0.0927,-3.191,0.2695,-18.4321,0.0023,0.0034,2929.8,-1.4112619999999998
LIT-USDT,RVOL,"{'vol_thresh': 2.5, 'min_roc': 2.0, 'max_rsi': 75, 'min_adx': 18, 'stop_atr_mult': 1.5, 'rsi_exit': 80, 'allowed_hours': [14, 15, 16, 17, 18, 19, 20, 21], 'risk_pct': 0.01, 'max_hold_bars': 72, 'use_trail': True, 'trail_pct': 0.02, 'tp_atr_mult': 3.0}",8,0.125,-58.8386,0.0632,-7.3548,0.2709,-19.5786,0.0125,0.0239,2941.16,-1.4114544
LIT-USDT,RVOL,"{'vol_thresh': 2.5, 'min_roc': 2.5, 'max_rsi': 75, 'min_adx': 18, 'stop_atr_mult': 1.5, 'rsi_exit': 80, 'allowed_hours': [14, 15, 16, 17, 18, 19, 20, 21], 'risk_pct': 0.01, 'max_hold_bars': 72, 'use_trail': True, 'trail_pct': 0.02, 'tp_atr_mult': 3.0}",8,0.125,-58.8386,0.0632,-7.3548,0.2709,-19.5786,0.0125,0.0239,2941.16,-1.4114544
LIT-USDT,RVOL,"{'vol_thresh': 2.5, 'min_roc': 2.5, 'max_rsi': 75, 'min_adx': 18, 'stop_atr_mult': 2.0, 'rsi_exit': 80, 'allowed_hours': [14, 15, 16, 17, 18, 19, 20, 21], 'risk_pct': 0.01, 'max_hold_bars': 72, 'use_trail': True, 'trail_pct': 0.02, 'tp_atr_mult': 3.0}",8,0.125,-58.8386,0.0632,-7.3548,0.2709,-19.5786,0.0125,0.0239,2941.16,-1.4114544
LIT-USDT,RVOL,"{'vol_thresh': 2.5, 'min_roc': 2.0, 'max_rsi': 75, 'min_adx': 18, 'stop_atr_mult': 2.0, 'rsi_exit': 80, 'allowed_hours': [14, 15, 16, 17, 18, 19, 20, 21], 'risk_pct': 0.01, 'max_hold_bars': 72, 'use_trail': True, 'trail_pct': 0.02, 'tp_atr_mult': 3.0}",8,0.125,-58.8386,0.0632,-7.3548,0.2709,-19.5786,0.0125,0.0239,2941.16,-1.4114544
LIT-USDT,EMASTACK,"{'max_pb': 0.005, 'vol_thresh': 1.5, 'rsi_lo': 50, 'rsi_hi': 78, 'rsi_exit': 85, 'min_adx': 20, 'allowed_hours': [8, 9, 10, 14, 15, 16, 17, 18, 19, 20, 21], 'risk_pct': 0.01, 'max_hold_bars': 144, 'use_trail': True, 'trail_ema': 21, 'tp_atr_mult': 2.5, 'stop_extra': 0.002}",5,0.0,-37.8529,0.0,-7.5706,0.2601,-21.6263,0.0218,0.0136,2962.15,-1.4115115999999999
LIT-USDT,EMASTACK,"{'max_pb': 0.005, 'vol_thresh': 1.2, 'rsi_lo': 45, 'rsi_hi': 73, 'rsi_exit': 80, 'min_adx': 20, 'allowed_hours': [8, 9, 10, 14, 15, 16, 17, 18, 19, 20, 21], 'risk_pct': 0.01, 'max_hold_bars': 144, 'use_trail': True, 'trail_ema': 21, 'tp_atr_mult': 2.5, 'stop_extra': 0.002}",5,0.0,-37.8529,0.0,-7.5706,0.2601,-21.6263,0.0218,0.0136,2962.15,-1.4115115999999999
LIT-USDT,EMASTACK,"{'max_pb': 0.005, 'vol_thresh': 1.5, 'rsi_lo': 50, 'rsi_hi': 78, 'rsi_exit': 85, 'min_adx': 15, 'allowed_hours': [8, 9, 10, 14, 15, 16, 17, 18, 19, 20, 21], 'risk_pct': 0.01, 'max_hold_bars': 144, 'use_trail': True, 'trail_ema': 21, 'tp_atr_mult': 2.5, 'stop_extra': 0.002}",5,0.0,-37.8529,0.0,-7.5706,0.2601,-21.6263,0.0218,0.0136,2962.15,-1.4115115999999999
LIT-USDT,EMASTACK,"{'max_pb': 0.005, 'vol_thresh': 1.2, 'rsi_lo': 45, 'rsi_hi': 73, 'rsi_exit': 80, 'min_adx': 15, 'allowed_hours': [8, 9, 10, 14, 15, 16, 17, 18, 19, 20, 21], 'risk_pct': 0.01, 'max_hold_bars': 144, 'use_trail': True, 'trail_ema': 21, 'tp_atr_mult': 2.5, 'stop_extra': 0.002}",5,0.0,-37.8529,0.0,-7.5706,0.2601,-21.6263,0.0218,0.0136,2962.15,-1.4115115999999999
LIT-USDT,EMASTACK,"{'max_pb': 0.005, 'vol_thresh': 1.5, 'rsi_lo': 45, 'rsi_hi': 73, 'rsi_exit': 80, 'min_adx': 20, 'allowed_hours': [8, 9, 10, 14, 15, 16, 17, 18, 19, 20, 21], 'risk_pct': 0.01, 'max_hold_bars': 144, 'use_trail': True, 'trail_ema': 21, 'tp_atr_mult': 2.5, 'stop_extra': 0.002}",5,0.0,-37.8529,0.0,-7.5706,0.2601,-21.6263,0.0218,0.0136,2962.15,-1.4115115999999999
LIT-USDT,EMASTACK,"{'max_pb': 0.005, 'vol_thresh': 1.2, 'rsi_lo': 50, 'rsi_hi': 78, 'rsi_exit': 85, 'min_adx': 15, 'allowed_hours': [8, 9, 10, 14, 15, 16, 17, 18, 19, 20, 21], 'risk_pct': 0.01, 'max_hold_bars': 144, 'use_trail': True, 'trail_ema': 21, 'tp_atr_mult': 2.5, 'stop_extra': 0.002}",5,0.0,-37.8529,0.0,-7.5706,0.2601,-21.6263,0.0218,0.0136,2962.15,-1.4115115999999999
LIT-USDT,EMASTACK,"{'max_pb': 0.005, 'vol_thresh': 1.5, 'rsi_lo': 45, 'rsi_hi': 73, 'rsi_exit': 80, 'min_adx': 15, 'allowed_hours': [8, 9, 10, 14, 15, 16, 17, 18, 19, 20, 21], 'risk_pct': 0.01, 'max_hold_bars': 144, 'use_trail': True, 'trail_ema': 21, 'tp_atr_mult': 2.5, 'stop_extra': 0.002}",5,0.0,-37.8529,0.0,-7.5706,0.2601,-21.6263,0.0218,0.0136,2962.15,-1.4115115999999999
LIT-USDT,EMASTACK,"{'max_pb': 0.005, 'vol_thresh': 1.2, 'rsi_lo': 50, 'rsi_hi': 78, 'rsi_exit': 85, 'min_adx': 20, 'allowed_hours': [8, 9, 10, 14, 15, 16, 17, 18, 19, 20, 21], 'risk_pct': 0.01, 'max_hold_bars': 144, 'use_trail': True, 'trail_ema': 21, 'tp_atr_mult': 2.5, 'stop_extra': 0.002}",5,0.0,-37.8529,0.0,-7.5706,0.2601,-21.6263,0.0218,0.0136,2962.15,-1.4115115999999999
ONDO-USDT,HVOL,"{'min_adx': 20, 'vol_thresh': 1.5, 'max_ext': 0.03, 'adx_exit': 15, 'allowed_hours': [], 'risk_pct': 0.01, 'max_hold_bars': 120, 'use_trail': False, 'tp_atr_mult': 2.5}",30,0.1,-121.3012,0.2389,-4.0434,0.2848,-9.0644,0.0085,0.0065,2878.7,-1.4116547999999995
ONDO-USDT,HVOL,"{'min_adx': 20, 'vol_thresh': 1.5, 'max_ext': 0.02, 'adx_exit': 15, 'allowed_hours': [], 'risk_pct': 0.01, 'max_hold_bars': 120, 'use_trail': False, 'tp_atr_mult': 2.5}",30,0.1,-121.3012,0.2389,-4.0434,0.2848,-9.0644,0.0085,0.0065,2878.7,-1.4116547999999995
UNI-USDT,HVOL,"{'min_adx': 25, 'vol_thresh': 1.3, 'max_ext': 0.02, 'adx_exit': 15, 'allowed_hours': [], 'risk_pct': 0.01, 'max_hold_bars': 120, 'use_trail': False, 'tp_atr_mult': 2.5}",18,0.1111,-82.4188,0.1271,-4.5788,0.2734,-17.0215,0.0037,0.0079,2917.58,-1.4124252
UNI-USDT,HVOL,"{'min_adx': 25, 'vol_thresh': 1.3, 'max_ext': 0.01, 'adx_exit': 15, 'allowed_hours': [], 'risk_pct': 0.01, 'max_hold_bars': 120, 'use_trail': False, 'tp_atr_mult': 2.5}",18,0.1111,-82.4188,0.1271,-4.5788,0.2734,-17.0215,0.0037,0.0079,2917.58,-1.4124252
UNI-USDT,HVOL,"{'min_adx': 25, 'vol_thresh': 1.3, 'max_ext': 0.03, 'adx_exit': 15, 'allowed_hours': [], 'risk_pct': 0.01, 'max_hold_bars': 120, 'use_trail': False, 'tp_atr_mult': 2.5}",18,0.1111,-82.4188,0.1271,-4.5788,0.2734,-17.0215,0.0037,0.0079,2917.58,-1.4124252
LINK-USDT,HVOL,"{'min_adx': 20, 'vol_thresh': 2.0, 'max_ext': 0.01, 'adx_exit': 15, 'allowed_hours': [], 'risk_pct': 0.01, 'max_hold_bars': 120, 'use_trail': False, 'tp_atr_mult': 2.5}",15,0.0667,-57.6975,0.0553,-3.8465,0.2651,-21.9965,0.0032,0.0045,2942.3,-1.4129399999999999
LINK-USDT,HVOL,"{'min_adx': 20, 'vol_thresh': 2.0, 'max_ext': 0.02, 'adx_exit': 15, 'allowed_hours': [], 'risk_pct': 0.01, 'max_hold_bars': 120, 'use_trail': False, 'tp_atr_mult': 2.5}",15,0.0667,-57.6975,0.0553,-3.8465,0.2651,-21.9965,0.0032,0.0045,2942.3,-1.4129399999999999
LINK-USDT,HVOL,"{'min_adx': 20, 'vol_thresh': 2.0, 'max_ext': 0.03, 'adx_exit': 15, 'allowed_hours': [], 'risk_pct': 0.01, 'max_hold_bars': 120, 'use_trail': False, 'tp_atr_mult': 2.5}",15,0.0667,-57.6975,0.0553,-3.8465,0.2651,-21.9965,0.0032,0.0045,2942.3,-1.4129399999999999
ONDO-USDT,HVOL,"{'min_adx': 30, 'vol_thresh': 2.0, 'max_ext': 0.01, 'adx_exit': 25, 'allowed_hours': [], 'risk_pct': 0.01, 'max_hold_bars': 120, 'use_trail': False, 'tp_atr_mult': 2.5}",15,0.0667,-77.6821,0.1123,-5.1788,0.2714,-14.2044,0.0059,0.0084,2922.32,-1.4136783999999998
WLD-USDT,HVOL,"{'min_adx': 20, 'vol_thresh': 2.0, 'max_ext': 0.02, 'adx_exit': 20, 'allowed_hours': [], 'risk_pct': 0.01, 'max_hold_bars': 120, 'use_trail': False, 'tp_atr_mult': 2.5}",15,0.1333,-77.5717,0.1112,-5.1714,0.2703,-14.7079,0.0059,0.0078,2922.43,-1.4137868
WLD-USDT,HVOL,"{'min_adx': 20, 'vol_thresh': 2.0, 'max_ext': 0.03, 'adx_exit': 20, 'allowed_hours': [], 'risk_pct': 0.01, 'max_hold_bars': 120, 'use_trail': False, 'tp_atr_mult': 2.5}",15,0.1333,-77.5717,0.1112,-5.1714,0.2703,-14.7079,0.0059,0.0078,2922.43,-1.4137868
PEPE-USDT,HVOL,"{'min_adx': 20, 'vol_thresh': 1.5, 'max_ext': 0.03, 'adx_exit': 15, 'allowed_hours': [], 'risk_pct': 0.01, 'max_hold_bars': 120, 'use_trail': False, 'tp_atr_mult': 2.5}",18,0.3333,-86.9576,0.1364,-4.831,0.2734,-6.5498,0.0081,0.0046,2913.04,-1.4166304000000003
PEPE-USDT,HVOL,"{'min_adx': 20, 'vol_thresh': 1.5, 'max_ext': 0.01, 'adx_exit': 15, 'allowed_hours': [], 'risk_pct': 0.01, 'max_hold_bars': 120, 'use_trail': False, 'tp_atr_mult': 2.5}",18,0.3333,-86.9576,0.1364,-4.831,0.2734,-6.5498,0.0081,0.0046,2913.04,-1.4166304000000003
PEPE-USDT,HVOL,"{'min_adx': 20, 'vol_thresh': 1.5, 'max_ext': 0.02, 'adx_exit': 15, 'allowed_hours': [], 'risk_pct': 0.01, 'max_hold_bars': 120, 'use_trail': False, 'tp_atr_mult': 2.5}",18,0.3333,-86.9576,0.1364,-4.831,0.2734,-6.5498,0.0081,0.0046,2913.04,-1.4166304000000003
SOL-USDT,HVOL,"{'min_adx': 20, 'vol_thresh': 2.0, 'max_ext': 0.02, 'adx_exit': 20, 'allowed_hours': [], 'risk_pct': 0.01, 'max_hold_bars': 120, 'use_trail': False, 'tp_atr_mult': 2.5}",18,0.1667,-58.3246,0.0538,-3.2403,0.2655,-21.8259,0.0024,0.0036,2941.68,-1.4180984
SOL-USDT,HVOL,"{'min_adx': 20, 'vol_thresh': 2.0, 'max_ext': 0.03, 'adx_exit': 20, 'allowed_hours': [], 'risk_pct': 0.01, 'max_hold_bars': 120, 'use_trail': False, 'tp_atr_mult': 2.5}",18,0.1667,-58.3246,0.0538,-3.2403,0.2655,-21.8259,0.0024,0.0036,2941.68,-1.4180984
SOL-USDT,HVOL,"{'min_adx': 20, 'vol_thresh': 2.0, 'max_ext': 0.02, 'adx_exit': 15, 'allowed_hours': [], 'risk_pct': 0.01, 'max_hold_bars': 120, 'use_trail': False, 'tp_atr_mult': 2.5}",18,0.1667,-58.3246,0.0538,-3.2403,0.2655,-21.8259,0.0024,0.0036,2941.68,-1.4180984
SOL-USDT,HVOL,"{'min_adx': 20, 'vol_thresh': 2.0, 'max_ext': 0.01, 'adx_exit': 20, 'allowed_hours': [], 'risk_pct': 0.01, 'max_hold_bars': 120, 'use_trail': False, 'tp_atr_mult': 2.5}",18,0.1667,-58.3246,0.0538,-3.2403,0.2655,-21.8259,0.0024,0.0036,2941.68,-1.4180984
SOL-USDT,HVOL,"{'min_adx': 20, 'vol_thresh': 2.0, 'max_ext': 0.01, 'adx_exit': 15, 'allowed_hours': [], 'risk_pct': 0.01, 'max_hold_bars': 120, 'use_trail': False, 'tp_atr_mult': 2.5}",18,0.1667,-58.3246,0.0538,-3.2403,0.2655,-21.8259,0.0024,0.0036,2941.68,-1.4180984
SOL-USDT,HVOL,"{'min_adx': 20, 'vol_thresh': 2.0, 'max_ext': 0.03, 'adx_exit': 15, 'allowed_hours': [], 'risk_pct': 0.01, 'max_hold_bars': 120, 'use_trail': False, 'tp_atr_mult': 2.5}",18,0.1667,-58.3246,0.0538,-3.2403,0.2655,-21.8259,0.0024,0.0036,2941.68,-1.4180984
PEPE-USDT,HVOL,"{'min_adx': 25, 'vol_thresh': 1.5, 'max_ext': 0.03, 'adx_exit': 15, 'allowed_hours': [], 'risk_pct': 0.01, 'max_hold_bars': 120, 'use_trail': False, 'tp_atr_mult': 2.5}",17,0.2941,-84.628,0.1286,-4.9781,0.2728,-6.5991,0.0081,0.0046,2915.37,-1.4184119999999998
PEPE-USDT,HVOL,"{'min_adx': 25, 'vol_thresh': 1.5, 'max_ext': 0.02, 'adx_exit': 15, 'allowed_hours': [], 'risk_pct': 0.01, 'max_hold_bars': 120, 'use_trail': False, 'tp_atr_mult': 2.5}",17,0.2941,-84.628,0.1286,-4.9781,0.2728,-6.5991,0.0081,0.0046,2915.37,-1.4184119999999998
PEPE-USDT,HVOL,"{'min_adx': 25, 'vol_thresh': 1.5, 'max_ext': 0.01, 'adx_exit': 15, 'allowed_hours': [], 'risk_pct': 0.01, 'max_hold_bars': 120, 'use_trail': False, 'tp_atr_mult': 2.5}",17,0.2941,-84.628,0.1286,-4.9781,0.2728,-6.5991,0.0081,0.0046,2915.37,-1.4184119999999998
AVAX-USDT,HVOL,"{'min_adx': 25, 'vol_thresh': 1.5, 'max_ext': 0.03, 'adx_exit': 15, 'allowed_hours': [], 'risk_pct': 0.01, 'max_hold_bars': 120, 'use_trail': False, 'tp_atr_mult': 2.5}",19,0.1053,-79.4511,0.1137,-4.1816,0.2712,-14.1848,0.0048,0.006,2920.55,-1.4184544
AVAX-USDT,HVOL,"{'min_adx': 25, 'vol_thresh': 1.5, 'max_ext': 0.01, 'adx_exit': 15, 'allowed_hours': [], 'risk_pct': 0.01, 'max_hold_bars': 120, 'use_trail': False, 'tp_atr_mult': 2.5}",19,0.1053,-79.4511,0.1137,-4.1816,0.2712,-14.1848,0.0048,0.006,2920.55,-1.4184544
AVAX-USDT,HVOL,"{'min_adx': 25, 'vol_thresh': 1.5, 'max_ext': 0.03, 'adx_exit': 20, 'allowed_hours': [], 'risk_pct': 0.01, 'max_hold_bars': 120, 'use_trail': False, 'tp_atr_mult': 2.5}",19,0.1053,-79.4511,0.1137,-4.1816,0.2712,-14.1848,0.0048,0.006,2920.55,-1.4184544
AVAX-USDT,HVOL,"{'min_adx': 25, 'vol_thresh': 1.5, 'max_ext': 0.02, 'adx_exit': 20, 'allowed_hours': [], 'risk_pct': 0.01, 'max_hold_bars': 120, 'use_trail': False, 'tp_atr_mult': 2.5}",19,0.1053,-79.4511,0.1137,-4.1816,0.2712,-14.1848,0.0048,0.006,2920.55,-1.4184544
AVAX-USDT,HVOL,"{'min_adx': 25, 'vol_thresh': 1.5, 'max_ext': 0.02, 'adx_exit': 15, 'allowed_hours': [], 'risk_pct': 0.01, 'max_hold_bars': 120, 'use_trail': False, 'tp_atr_mult': 2.5}",19,0.1053,-79.4511,0.1137,-4.1816,0.2712,-14.1848,0.0048,0.006,2920.55,-1.4184544
AVAX-USDT,HVOL,"{'min_adx': 25, 'vol_thresh': 1.5, 'max_ext': 0.01, 'adx_exit': 20, 'allowed_hours': [], 'risk_pct': 0.01, 'max_hold_bars': 120, 'use_trail': False, 'tp_atr_mult': 2.5}",19,0.1053,-79.4511,0.1137,-4.1816,0.2712,-14.1848,0.0048,0.006,2920.55,-1.4184544
HYPE-USDT,HVOL,"{'min_adx': 25, 'vol_thresh': 1.3, 'max_ext': 0.02, 'adx_exit': 20, 'allowed_hours': [], 'risk_pct': 0.01, 'max_hold_bars': 120, 'use_trail': False, 'tp_atr_mult': 2.5}",26,0.1538,-77.7929,0.1084,-2.992,0.2704,-16.155,0.0035,0.0044,2922.21,-1.4189715999999999
HYPE-USDT,HVOL,"{'min_adx': 25, 'vol_thresh': 1.3, 'max_ext': 0.01, 'adx_exit': 20, 'allowed_hours': [], 'risk_pct': 0.01, 'max_hold_bars': 120, 'use_trail': False, 'tp_atr_mult': 2.5}",26,0.1538,-77.7929,0.1084,-2.992,0.2704,-16.155,0.0035,0.0044,2922.21,-1.4189715999999999
HYPE-USDT,HVOL,"{'min_adx': 25, 'vol_thresh': 1.3, 'max_ext': 0.03, 'adx_exit': 20, 'allowed_hours': [], 'risk_pct': 0.01, 'max_hold_bars': 120, 'use_trail': False, 'tp_atr_mult': 2.5}",26,0.1538,-77.7929,0.1084,-2.992,0.2704,-16.155,0.0035,0.0044,2922.21,-1.4189715999999999
AVAX-USDT,HVOL,"{'min_adx': 30, 'vol_thresh': 1.3, 'max_ext': 0.01, 'adx_exit': 15, 'allowed_hours': [], 'risk_pct': 0.01, 'max_hold_bars': 120, 'use_trail': False, 'tp_atr_mult': 2.5}",17,0.1176,-72.4535,0.093,-4.262,0.2695,-15.1827,0.0049,0.006,2927.55,-1.4198139999999997
AVAX-USDT,HVOL,"{'min_adx': 30, 'vol_thresh': 1.3, 'max_ext': 0.01, 'adx_exit': 20, 'allowed_hours': [], 'risk_pct': 0.01, 'max_hold_bars': 120, 'use_trail': False, 'tp_atr_mult': 2.5}",17,0.1176,-72.4535,0.093,-4.262,0.2695,-15.1827,0.0049,0.006,2927.55,-1.4198139999999997
AVAX-USDT,HVOL,"{'min_adx': 30, 'vol_thresh': 2.0, 'max_ext': 0.01, 'adx_exit': 25, 'allowed_hours': [], 'risk_pct': 0.01, 'max_hold_bars': 120, 'use_trail': False, 'tp_atr_mult': 2.5}",12,0.0833,-52.0426,0.0339,-4.3369,0.2644,-20.6819,0.0053,0.0059,2947.96,-1.4217204
LIT-USDT,RVOL,"{'vol_thresh': 2.5, 'min_roc': 1.0, 'max_rsi': 70, 'min_adx': 18, 'stop_atr_mult': 2.0, 'rsi_exit': 75, 'allowed_hours': [14, 15, 16, 17, 18, 19, 20, 21], 'risk_pct': 0.01, 'max_hold_bars': 72, 'use_trail': True, 'trail_pct': 0.02, 'tp_atr_mult': 3.0}",5,0.0,-39.1552,0.0,-7.831,0.2655,-30.4339,0.0118,0.0284,2960.84,-1.4221207999999999
LIT-USDT,RVOL,"{'vol_thresh': 2.5, 'min_roc': 1.0, 'max_rsi': 70, 'min_adx': 18, 'stop_atr_mult': 1.5, 'rsi_exit': 75, 'allowed_hours': [14, 15, 16, 17, 18, 19, 20, 21], 'risk_pct': 0.01, 'max_hold_bars': 72, 'use_trail': True, 'trail_pct': 0.02, 'tp_atr_mult': 3.0}",5,0.0,-39.1552,0.0,-7.831,0.2655,-30.4339,0.0118,0.0284,2960.84,-1.4221207999999999
LIT-USDT,RVOL,"{'vol_thresh': 2.5, 'min_roc': 1.5, 'max_rsi': 70, 'min_adx': 18, 'stop_atr_mult': 2.0, 'rsi_exit': 75, 'allowed_hours': [14, 15, 16, 17, 18, 19, 20, 21], 'risk_pct': 0.01, 'max_hold_bars': 72, 'use_trail': True, 'trail_pct': 0.02, 'tp_atr_mult': 3.0}",5,0.0,-39.1552,0.0,-7.831,0.2655,-30.4339,0.0118,0.0284,2960.84,-1.4221207999999999
LIT-USDT,RVOL,"{'vol_thresh': 2.5, 'min_roc': 1.5, 'max_rsi': 70, 'min_adx': 18, 'stop_atr_mult': 1.5, 'rsi_exit': 75, 'allowed_hours': [14, 15, 16, 17, 18, 19, 20, 21], 'risk_pct': 0.01, 'max_hold_bars': 72, 'use_trail': True, 'trail_pct': 0.02, 'tp_atr_mult': 3.0}",5,0.0,-39.1552,0.0,-7.831,0.2655,-30.4339,0.0118,0.0284,2960.84,-1.4221207999999999
LIT-USDT,RVOL,"{'vol_thresh': 2.5, 'min_roc': 1.0, 'max_rsi': 75, 'min_adx': 18, 'stop_atr_mult': 2.0, 'rsi_exit': 80, 'allowed_hours': [14, 15, 16, 17, 18, 19, 20, 21], 'risk_pct': 0.01, 'max_hold_bars': 72, 'use_trail': True, 'trail_pct': 0.02, 'tp_atr_mult': 3.0}",9,0.1111,-60.8184,0.0613,-6.7576,0.2709,-18.2751,0.0133,0.0223,2939.18,-1.4222236
LIT-USDT,RVOL,"{'vol_thresh': 2.5, 'min_roc': 1.0, 'max_rsi': 75, 'min_adx': 18, 'stop_atr_mult': 1.5, 'rsi_exit': 80, 'allowed_hours': [14, 15, 16, 17, 18, 19, 20, 21], 'risk_pct': 0.01, 'max_hold_bars': 72, 'use_trail': True, 'trail_pct': 0.02, 'tp_atr_mult': 3.0}",9,0.1111,-60.8184,0.0613,-6.7576,0.2709,-18.2751,0.0133,0.0223,2939.18,-1.4222236
LIT-USDT,RVOL,"{'vol_thresh': 2.5, 'min_roc': 1.5, 'max_rsi': 75, 'min_adx': 18, 'stop_atr_mult': 1.5, 'rsi_exit': 80, 'allowed_hours': [14, 15, 16, 17, 18, 19, 20, 21], 'risk_pct': 0.01, 'max_hold_bars': 72, 'use_trail': True, 'trail_pct': 0.02, 'tp_atr_mult': 3.0}",9,0.1111,-60.8184,0.0613,-6.7576,0.2709,-18.2751,0.0133,0.0223,2939.18,-1.4222236
LIT-USDT,RVOL,"{'vol_thresh': 2.5, 'min_roc': 1.5, 'max_rsi': 75, 'min_adx': 18, 'stop_atr_mult': 2.0, 'rsi_exit': 80, 'allowed_hours': [14, 15, 16, 17, 18, 19, 20, 21], 'risk_pct': 0.01, 'max_hold_bars': 72, 'use_trail': True, 'trail_pct': 0.02, 'tp_atr_mult': 3.0}",9,0.1111,-60.8184,0.0613,-6.7576,0.2709,-18.2751,0.0133,0.0223,2939.18,-1.4222236
ETH-USDT,HVOL,"{'min_adx': 25, 'vol_thresh': 1.3, 'max_ext': 0.02, 'adx_exit': 25, 'allowed_hours': [], 'risk_pct': 0.01, 'max_hold_bars': 120, 'use_trail': False, 'tp_atr_mult': 2.5}",26,0.1154,-62.7274,0.0629,-2.4126,0.2658,-22.6431,0.0018,0.0024,2937.27,-1.4223596
ETH-USDT,HVOL,"{'min_adx': 25, 'vol_thresh': 1.3, 'max_ext': 0.01, 'adx_exit': 25, 'allowed_hours': [], 'risk_pct': 0.01, 'max_hold_bars': 120, 'use_trail': False, 'tp_atr_mult': 2.5}",26,0.1154,-62.7274,0.0629,-2.4126,0.2658,-22.6431,0.0018,0.0024,2937.27,-1.4223596
ETH-USDT,HVOL,"{'min_adx': 25, 'vol_thresh': 1.3, 'max_ext': 0.03, 'adx_exit': 25, 'allowed_hours': [], 'risk_pct': 0.01, 'max_hold_bars': 120, 'use_trail': False, 'tp_atr_mult': 2.5}",26,0.1154,-62.7274,0.0629,-2.4126,0.2658,-22.6431,0.0018,0.0024,2937.27,-1.4223596
SOL-USDT,MTALIGN,"{'pb_thresh': 0.008, 'vol_thresh': 1.5, 'allowed_hours': [], 'tp_atr_mult': 2.5, 'risk_pct': 0.01, 'max_hold_bars': 96, 'use_trail': True, 'trail_ema': 21, 'stop_extra': 0.002}",14,0.0,-40.5881,0.0,-2.8991,0.2601,-74.5373,0.0012,0.0023,2959.41,-1.4224524
SOL-USDT,MTALIGN,"{'pb_thresh': 0.005, 'vol_thresh': 1.5, 'allowed_hours': [], 'tp_atr_mult': 2.5, 'risk_pct': 0.01, 'max_hold_bars': 96, 'use_trail': True, 'trail_ema': 21, 'stop_extra': 0.002}",14,0.0,-40.5881,0.0,-2.8991,0.2601,-74.5373,0.0012,0.0023,2959.41,-1.4224524
HYPE-USDT,HVOL,"{'min_adx': 25, 'vol_thresh': 1.3, 'max_ext': 0.01, 'adx_exit': 15, 'allowed_hours': [], 'risk_pct': 0.01, 'max_hold_bars': 120, 'use_trail': False, 'tp_atr_mult': 2.5}",26,0.1538,-78.7213,0.1073,-3.0277,0.2706,-16.3346,0.0035,0.0044,2921.28,-1.4245351999999998
HYPE-USDT,HVOL,"{'min_adx': 25, 'vol_thresh': 1.3, 'max_ext': 0.02, 'adx_exit': 15, 'allowed_hours': [], 'risk_pct': 0.01, 'max_hold_bars': 120, 'use_trail': False, 'tp_atr_mult': 2.5}",26,0.1538,-78.7213,0.1073,-3.0277,0.2706,-16.3346,0.0035,0.0044,2921.28,-1.4245351999999998
HYPE-USDT,HVOL,"{'min_adx': 25, 'vol_thresh': 1.3, 'max_ext': 0.03, 'adx_exit': 15, 'allowed_hours': [], 'risk_pct': 0.01, 'max_hold_bars': 120, 'use_trail': False, 'tp_atr_mult': 2.5}",26,0.1538,-78.7213,0.1073,-3.0277,0.2706,-16.3346,0.0035,0.0044,2921.28,-1.4245351999999998
ETH-USDT,HVOL,"{'min_adx': 25, 'vol_thresh': 1.3, 'max_ext': 0.01, 'adx_exit': 20, 'allowed_hours': [], 'risk_pct': 0.01, 'max_hold_bars': 120, 'use_trail': False, 'tp_atr_mult': 2.5}",26,0.1154,-63.176,0.0625,-2.4298,0.2659,-23.1517,0.0018,0.0025,2936.82,-1.424854
ETH-USDT,HVOL,"{'min_adx': 25, 'vol_thresh': 1.3, 'max_ext': 0.02, 'adx_exit': 20, 'allowed_hours': [], 'risk_pct': 0.01, 'max_hold_bars': 120, 'use_trail': False, 'tp_atr_mult': 2.5}",26,0.1154,-63.176,0.0625,-2.4298,0.2659,-23.1517,0.0018,0.0025,2936.82,-1.424854
ETH-USDT,HVOL,"{'min_adx': 25, 'vol_thresh': 1.3, 'max_ext': 0.03, 'adx_exit': 20, 'allowed_hours': [], 'risk_pct': 0.01, 'max_hold_bars': 120, 'use_trail': False, 'tp_atr_mult': 2.5}",26,0.1154,-63.176,0.0625,-2.4298,0.2659,-23.1517,0.0018,0.0025,2936.82,-1.424854
HYPE-USDT,MTALIGN,"{'pb_thresh': 0.005, 'vol_thresh': 1.5, 'allowed_hours': [], 'tp_atr_mult': 2.5, 'risk_pct': 0.01, 'max_hold_bars': 96, 'use_trail': True, 'trail_ema': 21, 'stop_extra': 0.002}",24,0.0833,-65.2381,0.0675,-2.7183,0.2665,-21.7202,0.0021,0.0031,2934.76,-1.4262023999999998
HYPE-USDT,MTALIGN,"{'pb_thresh': 0.003, 'vol_thresh': 1.3, 'allowed_hours': [], 'tp_atr_mult': 2.5, 'risk_pct': 0.01, 'max_hold_bars': 96, 'use_trail': True, 'trail_ema': 21, 'stop_extra': 0.002}",16,0.0625,-41.4793,0.0,-2.5925,0.2605,-37.6013,0.0019,0.0026,2958.52,-1.4264172
DOT-USDT,HVOL,"{'min_adx': 25, 'vol_thresh': 1.5, 'max_ext': 0.03, 'adx_exit': 25, 'allowed_hours': [], 'risk_pct': 0.01, 'max_hold_bars': 120, 'use_trail': False, 'tp_atr_mult': 2.5}",17,0.1176,-86.7871,0.1262,-5.1051,0.2688,-11.06,0.0114,0.0055,2913.21,-1.4266484
HYPE-USDT,MTALIGN,"{'pb_thresh': 0.008, 'vol_thresh': 2.0, 'allowed_hours': [], 'tp_atr_mult': 2.5, 'risk_pct': 0.01, 'max_hold_bars': 96, 'use_trail': True, 'trail_ema': 21, 'stop_extra': 0.002}",14,0.0714,-41.5659,0.0,-2.969,0.2606,-30.9422,0.0022,0.0029,2958.43,-1.4268636000000001
ETH-USDT,HVOL,"{'min_adx': 30, 'vol_thresh': 1.3, 'max_ext': 0.03, 'adx_exit': 25, 'allowed_hours': [], 'risk_pct': 0.01, 'max_hold_bars': 120, 'use_trail': False, 'tp_atr_mult': 2.5}",21,0.0952,-56.1968,0.0412,-2.676,0.2641,-25.0418,0.0017,0.0027,2943.8,-1.4270872
ETH-USDT,HVOL,"{'min_adx': 30, 'vol_thresh': 1.3, 'max_ext': 0.02, 'adx_exit': 25, 'allowed_hours': [], 'risk_pct': 0.01, 'max_hold_bars': 120, 'use_trail': False, 'tp_atr_mult': 2.5}",21,0.0952,-56.1968,0.0412,-2.676,0.2641,-25.0418,0.0017,0.0027,2943.8,-1.4270872
ETH-USDT,HVOL,"{'min_adx': 30, 'vol_thresh': 1.3, 'max_ext': 0.01, 'adx_exit': 25, 'allowed_hours': [], 'risk_pct': 0.01, 'max_hold_bars': 120, 'use_trail': False, 'tp_atr_mult': 2.5}",21,0.0952,-56.1968,0.0412,-2.676,0.2641,-25.0418,0.0017,0.0027,2943.8,-1.4270872
ETH-USDT,MTALIGN,"{'pb_thresh': 0.005, 'vol_thresh': 2.0, 'allowed_hours': [], 'tp_atr_mult': 2.5, 'risk_pct': 0.01, 'max_hold_bars': 96, 'use_trail': True, 'trail_ema': 21, 'stop_extra': 0.002}",16,0.0,-41.9853,0.0,-2.6241,0.2605,-68.235,0.0007,0.002,2958.01,-1.4284412
ETH-USDT,MTALIGN,"{'pb_thresh': 0.008, 'vol_thresh': 2.0, 'allowed_hours': [], 'tp_atr_mult': 2.5, 'risk_pct': 0.01, 'max_hold_bars': 96, 'use_trail': True, 'trail_ema': 21, 'stop_extra': 0.002}",16,0.0,-41.9853,0.0,-2.6241,0.2605,-68.235,0.0007,0.002,2958.01,-1.4284412
APT-USDT,EMASTACK,"{'max_pb': 0.015, 'vol_thresh': 1.2, 'rsi_lo': 45, 'rsi_hi': 73, 'rsi_exit': 80, 'min_adx': 20, 'allowed_hours': [8, 9, 10, 14, 15, 16, 17, 18, 19, 20, 21], 'risk_pct': 0.01, 'max_hold_bars': 144, 'use_trail': True, 'trail_ema': 21, 'tp_atr_mult': 2.5, 'stop_extra': 0.002}",5,0.0,-41.5751,0.0,-8.315,0.2623,-23.2642,0.0208,0.021,2958.42,-1.4286003999999997
APT-USDT,EMASTACK,"{'max_pb': 0.01, 'vol_thresh': 1.2, 'rsi_lo': 50, 'rsi_hi': 78, 'rsi_exit': 85, 'min_adx': 20, 'allowed_hours': [8, 9, 10, 14, 15, 16, 17, 18, 19, 20, 21], 'risk_pct': 0.01, 'max_hold_bars': 144, 'use_trail': True, 'trail_ema': 21, 'tp_atr_mult': 2.5, 'stop_extra': 0.002}",5,0.0,-41.5751,0.0,-8.315,0.2623,-23.2642,0.0208,0.021,2958.42,-1.4286003999999997
APT-USDT,EMASTACK,"{'max_pb': 0.01, 'vol_thresh': 1.2, 'rsi_lo': 45, 'rsi_hi': 73, 'rsi_exit': 80, 'min_adx': 20, 'allowed_hours': [8, 9, 10, 14, 15, 16, 17, 18, 19, 20, 21], 'risk_pct': 0.01, 'max_hold_bars': 144, 'use_trail': True, 'trail_ema': 21, 'tp_atr_mult': 2.5, 'stop_extra': 0.002}",5,0.0,-41.5751,0.0,-8.315,0.2623,-23.2642,0.0208,0.021,2958.42,-1.4286003999999997
APT-USDT,EMASTACK,"{'max_pb': 0.015, 'vol_thresh': 1.2, 'rsi_lo': 50, 'rsi_hi': 78, 'rsi_exit': 85, 'min_adx': 20, 'allowed_hours': [8, 9, 10, 14, 15, 16, 17, 18, 19, 20, 21], 'risk_pct': 0.01, 'max_hold_bars': 144, 'use_trail': True, 'trail_ema': 21, 'tp_atr_mult': 2.5, 'stop_extra': 0.002}",5,0.0,-41.5751,0.0,-8.315,0.2623,-23.2642,0.0208,0.021,2958.42,-1.4286003999999997
ETH-USDT,HVOL,"{'min_adx': 30, 'vol_thresh': 1.3, 'max_ext': 0.02, 'adx_exit': 20, 'allowed_hours': [], 'risk_pct': 0.01, 'max_hold_bars': 120, 'use_trail': False, 'tp_atr_mult': 2.5}",21,0.0952,-56.6449,0.0409,-2.6974,0.2642,-25.1313,0.0017,0.0029,2943.36,-1.4294295999999997
ETH-USDT,HVOL,"{'min_adx': 30, 'vol_thresh': 1.3, 'max_ext': 0.01, 'adx_exit': 20, 'allowed_hours': [], 'risk_pct': 0.01, 'max_hold_bars': 120, 'use_trail': False, 'tp_atr_mult': 2.5}",21,0.0952,-56.6449,0.0409,-2.6974,0.2642,-25.1313,0.0017,0.0029,2943.36,-1.4294295999999997
ETH-USDT,HVOL,"{'min_adx': 30, 'vol_thresh': 1.3, 'max_ext': 0.03, 'adx_exit': 20, 'allowed_hours': [], 'risk_pct': 0.01, 'max_hold_bars': 120, 'use_trail': False, 'tp_atr_mult': 2.5}",21,0.0952,-56.6449,0.0409,-2.6974,0.2642,-25.1313,0.0017,0.0029,2943.36,-1.4294295999999997
ONDO-USDT,HVOL,"{'min_adx': 30, 'vol_thresh': 1.5, 'max_ext': 0.01, 'adx_exit': 20, 'allowed_hours': [], 'risk_pct': 0.01, 'max_hold_bars': 120, 'use_trail': False, 'tp_atr_mult': 2.5}",22,0.0909,-95.9835,0.1523,-4.3629,0.2744,-12.9944,0.006,0.0072,2904.02,-1.429884
ETH-USDT,HVOL,"{'min_adx': 25, 'vol_thresh': 1.3, 'max_ext': 0.02, 'adx_exit': 15, 'allowed_hours': [], 'risk_pct': 0.01, 'max_hold_bars': 120, 'use_trail': False, 'tp_atr_mult': 2.5}",26,0.1154,-64.5929,0.0612,-2.4843,0.2663,-22.2439,0.0018,0.0025,2935.41,-1.4328716000000001
ETH-USDT,HVOL,"{'min_adx': 25, 'vol_thresh': 1.3, 'max_ext': 0.01, 'adx_exit': 15, 'allowed_hours': [], 'risk_pct': 0.01, 'max_hold_bars': 120, 'use_trail': False, 'tp_atr_mult': 2.5}",26,0.1154,-64.5929,0.0612,-2.4843,0.2663,-22.2439,0.0018,0.0025,2935.41,-1.4328716000000001
ETH-USDT,HVOL,"{'min_adx': 25, 'vol_thresh': 1.3, 'max_ext': 0.03, 'adx_exit': 15, 'allowed_hours': [], 'risk_pct': 0.01, 'max_hold_bars': 120, 'use_trail': False, 'tp_atr_mult': 2.5}",26,0.1154,-64.5929,0.0612,-2.4843,0.2663,-22.2439,0.0018,0.0025,2935.41,-1.4328716000000001
BTC-USDT,HVOL,"{'min_adx': 20, 'vol_thresh': 1.5, 'max_ext': 0.01, 'adx_exit': 25, 'allowed_hours': [], 'risk_pct': 0.01, 'max_hold_bars': 120, 'use_trail': False, 'tp_atr_mult': 2.5}",28,0.1429,-63.0978,0.0572,-2.2535,0.2664,-20.7382,0.0019,0.0023,2936.9,-1.4329912
BTC-USDT,HVOL,"{'min_adx': 20, 'vol_thresh': 1.5, 'max_ext': 0.02, 'adx_exit': 25, 'allowed_hours': [], 'risk_pct': 0.01, 'max_hold_bars': 120, 'use_trail': False, 'tp_atr_mult': 2.5}",28,0.1429,-63.0978,0.0572,-2.2535,0.2664,-20.7382,0.0019,0.0023,2936.9,-1.4329912
BTC-USDT,HVOL,"{'min_adx': 20, 'vol_thresh': 1.5, 'max_ext': 0.03, 'adx_exit': 25, 'allowed_hours': [], 'risk_pct': 0.01, 'max_hold_bars': 120, 'use_trail': False, 'tp_atr_mult': 2.5}",28,0.1429,-63.0978,0.0572,-2.2535,0.2664,-20.7382,0.0019,0.0023,2936.9,-1.4329912
ETH-USDT,MTALIGN,"{'pb_thresh': 0.003, 'vol_thresh': 1.5, 'allowed_hours': [], 'tp_atr_mult': 2.5, 'risk_pct': 0.01, 'max_hold_bars': 96, 'use_trail': True, 'trail_ema': 21, 'stop_extra': 0.002}",17,0.0,-43.2164,0.0,-2.5421,0.2608,-95.0355,0.0008,0.0019,2956.78,-1.4336655999999999
DOT-USDT,HVOL,"{'min_adx': 30, 'vol_thresh': 1.5, 'max_ext': 0.03, 'adx_exit': 25, 'allowed_hours': [], 'risk_pct': 0.01, 'max_hold_bars': 120, 'use_trail': False, 'tp_atr_mult': 2.5}",15,0.1333,-87.927,0.1247,-5.8618,0.2691,-11.6778,0.011,0.0062,2912.07,-1.433758
DOT-USDT,HVOL,"{'min_adx': 20, 'vol_thresh': 1.3, 'max_ext': 0.03, 'adx_exit': 20, 'allowed_hours': [], 'risk_pct': 0.01, 'max_hold_bars': 120, 'use_trail': False, 'tp_atr_mult': 2.5}",26,0.1923,-108.2822,0.1849,-4.1647,0.279,-10.4158,0.0092,0.0066,2891.72,-1.4347787999999997
ONDO-USDT,HVOL,"{'min_adx': 30, 'vol_thresh': 2.0, 'max_ext': 0.01, 'adx_exit': 20, 'allowed_hours': [], 'risk_pct': 0.01, 'max_hold_bars': 120, 'use_trail': False, 'tp_atr_mult': 2.5}",15,0.0667,-81.216,0.1078,-5.4144,0.2723,-15.0834,0.0059,0.0086,2918.78,-1.435464
BTC-USDT,MTALIGN,"{'pb_thresh': 0.005, 'vol_thresh': 1.5, 'allowed_hours': [], 'tp_atr_mult': 2.5, 'risk_pct': 0.01, 'max_hold_bars': 96, 'use_trail': True, 'trail_ema': 21, 'stop_extra': 0.002}",19,0.0,-43.7334,0.0,-2.3018,0.2609,-56.1694,0.0013,0.002,2956.27,-1.4358336
BTC-USDT,MTALIGN,"{'pb_thresh': 0.008, 'vol_thresh': 1.5, 'allowed_hours': [], 'tp_atr_mult': 2.5, 'risk_pct': 0.01, 'max_hold_bars': 96, 'use_trail': True, 'trail_ema': 21, 'stop_extra': 0.002}",19,0.0,-43.7334,0.0,-2.3018,0.2609,-56.1694,0.0013,0.002,2956.27,-1.4358336
HYPE-USDT,HVOL,"{'min_adx': 30, 'vol_thresh': 1.3, 'max_ext': 0.02, 'adx_exit': 25, 'allowed_hours': [], 'risk_pct': 0.01, 'max_hold_bars': 120, 'use_trail': False, 'tp_atr_mult': 2.5}",21,0.0952,-67.1724,0.0662,-3.1987,0.2668,-19.8073,0.0034,0.0043,2932.83,-1.4361896
HYPE-USDT,HVOL,"{'min_adx': 30, 'vol_thresh': 1.3, 'max_ext': 0.03, 'adx_exit': 25, 'allowed_hours': [], 'risk_pct': 0.01, 'max_hold_bars': 120, 'use_trail': False, 'tp_atr_mult': 2.5}",21,0.0952,-67.1724,0.0662,-3.1987,0.2668,-19.8073,0.0034,0.0043,2932.83,-1.4361896
HYPE-USDT,HVOL,"{'min_adx': 30, 'vol_thresh': 1.3, 'max_ext': 0.01, 'adx_exit': 25, 'allowed_hours': [], 'risk_pct': 0.01, 'max_hold_bars': 120, 'use_trail': False, 'tp_atr_mult': 2.5}",21,0.0952,-67.1724,0.0662,-3.1987,0.2668,-19.8073,0.0034,0.0043,2932.83,-1.4361896
ETH-USDT,HVOL,"{'min_adx': 30, 'vol_thresh': 1.3, 'max_ext': 0.01, 'adx_exit': 15, 'allowed_hours': [], 'risk_pct': 0.01, 'max_hold_bars': 120, 'use_trail': False, 'tp_atr_mult': 2.5}",21,0.0952,-58.0649,0.04,-2.765,0.2646,-24.0851,0.0017,0.0029,2941.94,-1.4368595999999996
ETH-USDT,HVOL,"{'min_adx': 30, 'vol_thresh': 1.3, 'max_ext': 0.03, 'adx_exit': 15, 'allowed_hours': [], 'risk_pct': 0.01, 'max_hold_bars': 120, 'use_trail': False, 'tp_atr_mult': 2.5}",21,0.0952,-58.0649,0.04,-2.765,0.2646,-24.0851,0.0017,0.0029,2941.94,-1.4368595999999996
ETH-USDT,HVOL,"{'min_adx': 30, 'vol_thresh': 1.3, 'max_ext': 0.02, 'adx_exit': 15, 'allowed_hours': [], 'risk_pct': 0.01, 'max_hold_bars': 120, 'use_trail': False, 'tp_atr_mult': 2.5}",21,0.0952,-58.0649,0.04,-2.765,0.2646,-24.0851,0.0017,0.0029,2941.94,-1.4368595999999996
PEPE-USDT,HVOL,"{'min_adx': 20, 'vol_thresh': 1.3, 'max_ext': 0.02, 'adx_exit': 20, 'allowed_hours': [], 'risk_pct': 0.01, 'max_hold_bars': 120, 'use_trail': False, 'tp_atr_mult': 2.5}",19,0.3158,-90.3983,0.1317,-4.7578,0.2731,-6.6443,0.0077,0.0046,2909.6,-1.4371432
PEPE-USDT,HVOL,"{'min_adx': 20, 'vol_thresh': 1.3, 'max_ext': 0.03, 'adx_exit': 20, 'allowed_hours': [], 'risk_pct': 0.01, 'max_hold_bars': 120, 'use_trail': False, 'tp_atr_mult': 2.5}",19,0.3158,-90.3983,0.1317,-4.7578,0.2731,-6.6443,0.0077,0.0046,2909.6,-1.4371432
PEPE-USDT,HVOL,"{'min_adx': 20, 'vol_thresh': 1.3, 'max_ext': 0.01, 'adx_exit': 20, 'allowed_hours': [], 'risk_pct': 0.01, 'max_hold_bars': 120, 'use_trail': False, 'tp_atr_mult': 2.5}",19,0.3158,-90.3983,0.1317,-4.7578,0.2731,-6.6443,0.0077,0.0046,2909.6,-1.4371432
XLM-USDT,HVOL,"{'min_adx': 20, 'vol_thresh': 2.0, 'max_ext': 0.01, 'adx_exit': 20, 'allowed_hours': [], 'risk_pct': 0.01, 'max_hold_bars': 120, 'use_trail': False, 'tp_atr_mult': 2.5}",26,0.1154,-82.8512,0.1097,-3.1866,0.2709,-16.9764,0.0037,0.0038,2917.15,-1.4377547999999998
XLM-USDT,HVOL,"{'min_adx': 20, 'vol_thresh': 2.0, 'max_ext': 0.03, 'adx_exit': 20, 'allowed_hours': [], 'risk_pct': 0.01, 'max_hold_bars': 120, 'use_trail': False, 'tp_atr_mult': 2.5}",26,0.1154,-82.8512,0.1097,-3.1866,0.2709,-16.9764,0.0037,0.0038,2917.15,-1.4377547999999998
XLM-USDT,HVOL,"{'min_adx': 20, 'vol_thresh': 2.0, 'max_ext': 0.02, 'adx_exit': 20, 'allowed_hours': [], 'risk_pct': 0.01, 'max_hold_bars': 120, 'use_trail': False, 'tp_atr_mult': 2.5}",26,0.1154,-82.8512,0.1097,-3.1866,0.2709,-16.9764,0.0037,0.0038,2917.15,-1.4377547999999998
PEPE-USDT,HVOL,"{'min_adx': 25, 'vol_thresh': 1.3, 'max_ext': 0.01, 'adx_exit': 20, 'allowed_hours': [], 'risk_pct': 0.01, 'max_hold_bars': 120, 'use_trail': False, 'tp_atr_mult': 2.5}",18,0.2778,-88.0715,0.124,-4.8929,0.2725,-6.6909,0.0077,0.0046,2911.93,-1.438786
PEPE-USDT,HVOL,"{'min_adx': 25, 'vol_thresh': 1.3, 'max_ext': 0.03, 'adx_exit': 20, 'allowed_hours': [], 'risk_pct': 0.01, 'max_hold_bars': 120, 'use_trail': False, 'tp_atr_mult': 2.5}",18,0.2778,-88.0715,0.124,-4.8929,0.2725,-6.6909,0.0077,0.0046,2911.93,-1.438786
PEPE-USDT,HVOL,"{'min_adx': 25, 'vol_thresh': 1.3, 'max_ext': 0.02, 'adx_exit': 20, 'allowed_hours': [], 'risk_pct': 0.01, 'max_hold_bars': 120, 'use_trail': False, 'tp_atr_mult': 2.5}",18,0.2778,-88.0715,0.124,-4.8929,0.2725,-6.6909,0.0077,0.0046,2911.93,-1.438786
BTC-USDT,HVOL,"{'min_adx': 20, 'vol_thresh': 1.5, 'max_ext': 0.02, 'adx_exit': 15, 'allowed_hours': [], 'risk_pct': 0.01, 'max_hold_bars': 120, 'use_trail': False, 'tp_atr_mult': 2.5}",28,0.1429,-64.467,0.056,-2.3024,0.2668,-20.5494,0.0019,0.0024,2935.53,-1.440668
BTC-USDT,HVOL,"{'min_adx': 20, 'vol_thresh': 1.5, 'max_ext': 0.01, 'adx_exit': 15, 'allowed_hours': [], 'risk_pct': 0.01, 'max_hold_bars': 120, 'use_trail': False, 'tp_atr_mult': 2.5}",28,0.1429,-64.467,0.056,-2.3024,0.2668,-20.5494,0.0019,0.0024,2935.53,-1.440668
BTC-USDT,HVOL,"{'min_adx': 20, 'vol_thresh': 1.5, 'max_ext': 0.01, 'adx_exit': 20, 'allowed_hours': [], 'risk_pct': 0.01, 'max_hold_bars': 120, 'use_trail': False, 'tp_atr_mult': 2.5}",28,0.1429,-64.467,0.056,-2.3024,0.2668,-20.5494,0.0019,0.0024,2935.53,-1.440668
BTC-USDT,HVOL,"{'min_adx': 20, 'vol_thresh': 1.5, 'max_ext': 0.03, 'adx_exit': 15, 'allowed_hours': [], 'risk_pct': 0.01, 'max_hold_bars': 120, 'use_trail': False, 'tp_atr_mult': 2.5}",28,0.1429,-64.467,0.056,-2.3024,0.2668,-20.5494,0.0019,0.0024,2935.53,-1.440668
BTC-USDT,HVOL,"{'min_adx': 20, 'vol_thresh': 1.5, 'max_ext': 0.03, 'adx_exit': 20, 'allowed_hours': [], 'risk_pct': 0.01, 'max_hold_bars': 120, 'use_trail': False, 'tp_atr_mult': 2.5}",28,0.1429,-64.467,0.056,-2.3024,0.2668,-20.5494,0.0019,0.0024,2935.53,-1.440668
BTC-USDT,HVOL,"{'min_adx': 20, 'vol_thresh': 1.5, 'max_ext': 0.02, 'adx_exit': 20, 'allowed_hours': [], 'risk_pct': 0.01, 'max_hold_bars': 120, 'use_trail': False, 'tp_atr_mult': 2.5}",28,0.1429,-64.467,0.056,-2.3024,0.2668,-20.5494,0.0019,0.0024,2935.53,-1.440668
DOT-USDT,HVOL,"{'min_adx': 20, 'vol_thresh': 1.3, 'max_ext': 0.03, 'adx_exit': 15, 'allowed_hours': [], 'risk_pct': 0.01, 'max_hold_bars': 120, 'use_trail': False, 'tp_atr_mult': 2.5}",25,0.16,-106.8301,0.1767,-4.2732,0.2786,-10.6515,0.0094,0.0068,2893.17,-1.4408704
AVAX-USDT,HVOL,"{'min_adx': 30, 'vol_thresh': 2.0, 'max_ext': 0.01, 'adx_exit': 15, 'allowed_hours': [], 'risk_pct': 0.01, 'max_hold_bars': 120, 'use_trail': False, 'tp_atr_mult': 2.5}",12,0.0833,-55.9412,0.0316,-4.6618,0.2654,-19.3041,0.0053,0.006,2944.06,-1.4417648
AVAX-USDT,HVOL,"{'min_adx': 30, 'vol_thresh': 2.0, 'max_ext': 0.01, 'adx_exit': 20, 'allowed_hours': [], 'risk_pct': 0.01, 'max_hold_bars': 120, 'use_trail': False, 'tp_atr_mult': 2.5}",12,0.0833,-55.9412,0.0316,-4.6618,0.2654,-19.3041,0.0053,0.006,2944.06,-1.4417648
LIT-USDT,HVOL,"{'min_adx': 25, 'vol_thresh': 1.3, 'max_ext': 0.01, 'adx_exit': 20, 'allowed_hours': [], 'risk_pct': 0.01, 'max_hold_bars': 120, 'use_trail': False, 'tp_atr_mult': 2.5}",19,0.2632,-235.4731,0.495,-12.3933,0.3372,-4.7634,0.0527,0.046,2764.53,-1.4419523999999997
SOL-USDT,HVOL,"{'min_adx': 20, 'vol_thresh': 1.3, 'max_ext': 0.03, 'adx_exit': 25, 'allowed_hours': [], 'risk_pct': 0.01, 'max_hold_bars': 120, 'use_trail': False, 'tp_atr_mult': 2.5}",27,0.1111,-78.5447,0.0945,-2.9091,0.2716,-18.128,0.0023,0.0032,2921.46,-1.4440288000000001
SOL-USDT,HVOL,"{'min_adx': 20, 'vol_thresh': 1.3, 'max_ext': 0.01, 'adx_exit': 25, 'allowed_hours': [], 'risk_pct': 0.01, 'max_hold_bars': 120, 'use_trail': False, 'tp_atr_mult': 2.5}",27,0.1111,-78.5447,0.0945,-2.9091,0.2716,-18.128,0.0023,0.0032,2921.46,-1.4440288000000001
SOL-USDT,HVOL,"{'min_adx': 20, 'vol_thresh': 1.3, 'max_ext': 0.02, 'adx_exit': 25, 'allowed_hours': [], 'risk_pct': 0.01, 'max_hold_bars': 120, 'use_trail': False, 'tp_atr_mult': 2.5}",27,0.1111,-78.5447,0.0945,-2.9091,0.2716,-18.128,0.0023,0.0032,2921.46,-1.4440288000000001
BTC-USDT,MTALIGN,"{'pb_thresh': 0.003, 'vol_thresh': 1.5, 'allowed_hours': [], 'tp_atr_mult': 2.5, 'risk_pct': 0.01, 'max_hold_bars': 96, 'use_trail': True, 'trail_ema': 21, 'stop_extra': 0.002}",19,0.0,-45.7043,0.0,-2.4055,0.2614,-71.0494,0.0011,0.0021,2954.3,-1.4442172000000002
NEAR-USDT,MTALIGN,"{'pb_thresh': 0.008, 'vol_thresh': 1.3, 'allowed_hours': [], 'tp_atr_mult': 2.5, 'risk_pct': 0.01, 'max_hold_bars': 96, 'use_trail': True, 'trail_ema': 21, 'stop_extra': 0.002}",11,0.0,-45.7594,0.0,-4.1599,0.2615,-50.7287,0.002,0.0055,2954.24,-1.4445375999999999
AVAX-USDT,HVOL,"{'min_adx': 25, 'vol_thresh': 2.0, 'max_ext': 0.01, 'adx_exit': 25, 'allowed_hours': [], 'risk_pct': 0.01, 'max_hold_bars': 120, 'use_trail': False, 'tp_atr_mult': 2.5}",14,0.0714,-56.8001,0.0311,-4.0572,0.2656,-20.4424,0.0049,0.0055,2943.2,-1.4461504
WLD-USDT,HVOL,"{'min_adx': 20, 'vol_thresh': 2.0, 'max_ext': 0.03, 'adx_exit': 15, 'allowed_hours': [], 'risk_pct': 0.01, 'max_hold_bars': 120, 'use_trail': False, 'tp_atr_mult': 2.5}",15,0.1333,-82.7888,0.1048,-5.5193,0.2722,-14.7625,0.0066,0.0084,2917.21,-1.4461551999999998
WLD-USDT,HVOL,"{'min_adx': 20, 'vol_thresh': 2.0, 'max_ext': 0.02, 'adx_exit': 15, 'allowed_hours': [], 'risk_pct': 0.01, 'max_hold_bars': 120, 'use_trail': False, 'tp_atr_mult': 2.5}",15,0.1333,-82.7888,0.1048,-5.5193,0.2722,-14.7625,0.0066,0.0084,2917.21,-1.4461551999999998
ONDO-USDT,HVOL,"{'min_adx': 25, 'vol_thresh': 1.5, 'max_ext': 0.01, 'adx_exit': 20, 'allowed_hours': [], 'risk_pct': 0.01, 'max_hold_bars': 120, 'use_trail': False, 'tp_atr_mult': 2.5}",27,0.1111,-106.7013,0.1716,-3.9519,0.277,-12.0733,0.0062,0.0071,2893.3,-1.4464052
PEPE-USDT,HVOL,"{'min_adx': 30, 'vol_thresh': 1.3, 'max_ext': 0.03, 'adx_exit': 20, 'allowed_hours': [], 'risk_pct': 0.01, 'max_hold_bars': 120, 'use_trail': False, 'tp_atr_mult': 2.5}",14,0.2857,-84.3201,0.1083,-6.0229,0.2735,-7.2317,0.009,0.0056,2915.68,-1.4483304000000004
PEPE-USDT,HVOL,"{'min_adx': 30, 'vol_thresh': 1.3, 'max_ext': 0.01, 'adx_exit': 15, 'allowed_hours': [], 'risk_pct': 0.01, 'max_hold_bars': 120, 'use_trail': False, 'tp_atr_mult': 2.5}",14,0.2857,-84.3201,0.1083,-6.0229,0.2735,-7.2317,0.009,0.0056,2915.68,-1.4483304000000004
PEPE-USDT,HVOL,"{'min_adx': 30, 'vol_thresh': 1.5, 'max_ext': 0.02, 'adx_exit': 20, 'allowed_hours': [], 'risk_pct': 0.01, 'max_hold_bars': 120, 'use_trail': False, 'tp_atr_mult': 2.5}",14,0.2857,-84.3201,0.1083,-6.0229,0.2735,-7.2317,0.009,0.0056,2915.68,-1.4483304000000004
PEPE-USDT,HVOL,"{'min_adx': 30, 'vol_thresh': 1.5, 'max_ext': 0.03, 'adx_exit': 15, 'allowed_hours': [], 'risk_pct': 0.01, 'max_hold_bars': 120, 'use_trail': False, 'tp_atr_mult': 2.5}",14,0.2857,-84.3201,0.1083,-6.0229,0.2735,-7.2317,0.009,0.0056,2915.68,-1.4483304000000004
PEPE-USDT,HVOL,"{'min_adx': 30, 'vol_thresh': 1.5, 'max_ext': 0.02, 'adx_exit': 15, 'allowed_hours': [], 'risk_pct': 0.01, 'max_hold_bars': 120, 'use_trail': False, 'tp_atr_mult': 2.5}",14,0.2857,-84.3201,0.1083,-6.0229,0.2735,-7.2317,0.009,0.0056,2915.68,-1.4483304000000004
PEPE-USDT,HVOL,"{'min_adx': 30, 'vol_thresh': 1.3, 'max_ext': 0.03, 'adx_exit': 15, 'allowed_hours': [], 'risk_pct': 0.01, 'max_hold_bars': 120, 'use_trail': False, 'tp_atr_mult': 2.5}",14,0.2857,-84.3201,0.1083,-6.0229,0.2735,-7.2317,0.009,0.0056,2915.68,-1.4483304000000004
PEPE-USDT,HVOL,"{'min_adx': 30, 'vol_thresh': 1.5, 'max_ext': 0.03, 'adx_exit': 20, 'allowed_hours': [], 'risk_pct': 0.01, 'max_hold_bars': 120, 'use_trail': False, 'tp_atr_mult': 2.5}",14,0.2857,-84.3201,0.1083,-6.0229,0.2735,-7.2317,0.009,0.0056,2915.68,-1.4483304000000004
PEPE-USDT,HVOL,"{'min_adx': 30, 'vol_thresh': 1.3, 'max_ext': 0.02, 'adx_exit': 15, 'allowed_hours': [], 'risk_pct': 0.01, 'max_hold_bars': 120, 'use_trail': False, 'tp_atr_mult': 2.5}",14,0.2857,-84.3201,0.1083,-6.0229,0.2735,-7.2317,0.009,0.0056,2915.68,-1.4483304000000004
PEPE-USDT,HVOL,"{'min_adx': 30, 'vol_thresh': 1.5, 'max_ext': 0.01, 'adx_exit': 20, 'allowed_hours': [], 'risk_pct': 0.01, 'max_hold_bars': 120, 'use_trail': False, 'tp_atr_mult': 2.5}",14,0.2857,-84.3201,0.1083,-6.0229,0.2735,-7.2317,0.009,0.0056,2915.68,-1.4483304000000004
PEPE-USDT,HVOL,"{'min_adx': 30, 'vol_thresh': 1.5, 'max_ext': 0.01, 'adx_exit': 15, 'allowed_hours': [], 'risk_pct': 0.01, 'max_hold_bars': 120, 'use_trail': False, 'tp_atr_mult': 2.5}",14,0.2857,-84.3201,0.1083,-6.0229,0.2735,-7.2317,0.009,0.0056,2915.68,-1.4483304000000004
PEPE-USDT,HVOL,"{'min_adx': 30, 'vol_thresh': 1.3, 'max_ext': 0.02, 'adx_exit': 20, 'allowed_hours': [], 'risk_pct': 0.01, 'max_hold_bars': 120, 'use_trail': False, 'tp_atr_mult': 2.5}",14,0.2857,-84.3201,0.1083,-6.0229,0.2735,-7.2317,0.009,0.0056,2915.68,-1.4483304000000004
PEPE-USDT,HVOL,"{'min_adx': 30, 'vol_thresh': 1.3, 'max_ext': 0.01, 'adx_exit': 20, 'allowed_hours': [], 'risk_pct': 0.01, 'max_hold_bars': 120, 'use_trail': False, 'tp_atr_mult': 2.5}",14,0.2857,-84.3201,0.1083,-6.0229,0.2735,-7.2317,0.009,0.0056,2915.68,-1.4483304000000004
PEPE-USDT,HVOL,"{'min_adx': 20, 'vol_thresh': 1.3, 'max_ext': 0.03, 'adx_exit': 15, 'allowed_hours': [], 'risk_pct': 0.01, 'max_hold_bars': 120, 'use_trail': False, 'tp_atr_mult': 2.5}",19,0.3158,-92.3995,0.1292,-4.8631,0.2736,-6.7859,0.0077,0.0046,2907.6,-1.449398
PEPE-USDT,HVOL,"{'min_adx': 20, 'vol_thresh': 1.3, 'max_ext': 0.01, 'adx_exit': 15, 'allowed_hours': [], 'risk_pct': 0.01, 'max_hold_bars': 120, 'use_trail': False, 'tp_atr_mult': 2.5}",19,0.3158,-92.3995,0.1292,-4.8631,0.2736,-6.7859,0.0077,0.0046,2907.6,-1.449398
PEPE-USDT,HVOL,"{'min_adx': 20, 'vol_thresh': 1.3, 'max_ext': 0.02, 'adx_exit': 15, 'allowed_hours': [], 'risk_pct': 0.01, 'max_hold_bars': 120, 'use_trail': False, 'tp_atr_mult': 2.5}",19,0.3158,-92.3995,0.1292,-4.8631,0.2736,-6.7859,0.0077,0.0046,2907.6,-1.449398
PEPE-USDT,HVOL,"{'min_adx': 25, 'vol_thresh': 1.3, 'max_ext': 0.02, 'adx_exit': 15, 'allowed_hours': [], 'risk_pct': 0.01, 'max_hold_bars': 120, 'use_trail': False, 'tp_atr_mult': 2.5}",18,0.2778,-90.0743,0.1215,-5.0041,0.273,-6.8381,0.0077,0.0047,2909.93,-1.4510472
PEPE-USDT,HVOL,"{'min_adx': 25, 'vol_thresh': 1.3, 'max_ext': 0.01, 'adx_exit': 15, 'allowed_hours': [], 'risk_pct': 0.01, 'max_hold_bars': 120, 'use_trail': False, 'tp_atr_mult': 2.5}",18,0.2778,-90.0743,0.1215,-5.0041,0.273,-6.8381,0.0077,0.0047,2909.93,-1.4510472
PEPE-USDT,HVOL,"{'min_adx': 25, 'vol_thresh': 1.3, 'max_ext': 0.03, 'adx_exit': 15, 'allowed_hours': [], 'risk_pct': 0.01, 'max_hold_bars': 120, 'use_trail': False, 'tp_atr_mult': 2.5}",18,0.2778,-90.0743,0.1215,-5.0041,0.273,-6.8381,0.0077,0.0047,2909.93,-1.4510472
DOT-USDT,HVOL,"{'min_adx': 25, 'vol_thresh': 1.5, 'max_ext': 0.03, 'adx_exit': 20, 'allowed_hours': [], 'risk_pct': 0.01, 'max_hold_bars': 120, 'use_trail': False, 'tp_atr_mult': 2.5}",17,0.1176,-90.9268,0.121,-5.3486,0.2699,-11.3613,0.0115,0.0057,2909.07,-1.4521072
ETH-USDT,MTALIGN,"{'pb_thresh': 0.008, 'vol_thresh': 1.5, 'allowed_hours': [], 'tp_atr_mult': 2.5, 'risk_pct': 0.01, 'max_hold_bars': 96, 'use_trail': True, 'trail_ema': 21, 'stop_extra': 0.002}",18,0.0,-47.588,0.0,-2.6438,0.2619,-70.992,0.0007,0.002,2952.41,-1.4522519999999997
ETH-USDT,MTALIGN,"{'pb_thresh': 0.005, 'vol_thresh': 1.5, 'allowed_hours': [], 'tp_atr_mult': 2.5, 'risk_pct': 0.01, 'max_hold_bars': 96, 'use_trail': True, 'trail_ema': 21, 'stop_extra': 0.002}",18,0.0,-47.588,0.0,-2.6438,0.2619,-70.992,0.0007,0.002,2952.41,-1.4522519999999997
SOL-USDT,HVOL,"{'min_adx': 30, 'vol_thresh': 1.3, 'max_ext': 0.02, 'adx_exit': 25, 'allowed_hours': [], 'risk_pct': 0.01, 'max_hold_bars': 120, 'use_trail': False, 'tp_atr_mult': 2.5}",16,0.0625,-54.4158,0.019,-3.401,0.2641,-26.0103,0.0026,0.0036,2945.58,-1.4532631999999999
SOL-USDT,HVOL,"{'min_adx': 30, 'vol_thresh': 1.3, 'max_ext': 0.03, 'adx_exit': 25, 'allowed_hours': [], 'risk_pct': 0.01, 'max_hold_bars': 120, 'use_trail': False, 'tp_atr_mult': 2.5}",16,0.0625,-54.4158,0.019,-3.401,0.2641,-26.0103,0.0026,0.0036,2945.58,-1.4532631999999999
SOL-USDT,HVOL,"{'min_adx': 30, 'vol_thresh': 1.3, 'max_ext': 0.01, 'adx_exit': 25, 'allowed_hours': [], 'risk_pct': 0.01, 'max_hold_bars': 120, 'use_trail': False, 'tp_atr_mult': 2.5}",16,0.0625,-54.4158,0.019,-3.401,0.2641,-26.0103,0.0026,0.0036,2945.58,-1.4532631999999999
WLD-USDT,HVOL,"{'min_adx': 25, 'vol_thresh': 1.5, 'max_ext': 0.02, 'adx_exit': 15, 'allowed_hours': [], 'risk_pct': 0.01, 'max_hold_bars': 120, 'use_trail': False, 'tp_atr_mult': 2.5}",18,0.1667,-99.0117,0.1446,-5.5007,0.2757,-14.0885,0.0049,0.0085,2900.99,-1.4548467999999999
WLD-USDT,HVOL,"{'min_adx': 25, 'vol_thresh': 1.5, 'max_ext': 0.03, 'adx_exit': 15, 'allowed_hours': [], 'risk_pct': 0.01, 'max_hold_bars': 120, 'use_trail': False, 'tp_atr_mult': 2.5}",18,0.1667,-99.0117,0.1446,-5.5007,0.2757,-14.0885,0.0049,0.0085,2900.99,-1.4548467999999999
APT-USDT,RVOL,"{'vol_thresh': 2.0, 'min_roc': 2.0, 'max_rsi': 70, 'min_adx': 18, 'stop_atr_mult': 1.5, 'rsi_exit': 75, 'allowed_hours': [14, 15, 16, 17, 18, 19, 20, 21], 'risk_pct': 0.01, 'max_hold_bars': 72, 'use_trail': True, 'trail_pct': 0.02, 'tp_atr_mult': 3.0}",6,0.0,-48.151,0.0,-8.0252,0.2639,-30.0045,0.0116,0.0196,2951.85,-1.4565040000000002
APT-USDT,RVOL,"{'vol_thresh': 2.0, 'min_roc': 2.0, 'max_rsi': 70, 'min_adx': 18, 'stop_atr_mult': 2.0, 'rsi_exit': 75, 'allowed_hours': [14, 15, 16, 17, 18, 19, 20, 21], 'risk_pct': 0.01, 'max_hold_bars': 72, 'use_trail': True, 'trail_pct': 0.02, 'tp_atr_mult': 3.0}",6,0.0,-48.151,0.0,-8.0252,0.2639,-30.0045,0.0116,0.0196,2951.85,-1.4565040000000002
ONDO-USDT,HVOL,"{'min_adx': 25, 'vol_thresh': 2.0, 'max_ext': 0.01, 'adx_exit': 15, 'allowed_hours': [], 'risk_pct': 0.01, 'max_hold_bars': 120, 'use_trail': False, 'tp_atr_mult': 2.5}",18,0.1111,-95.647,0.1331,-5.3137,0.2742,-13.6405,0.006,0.0088,2904.35,-1.457138
BTC-USDT,MTALIGN,"{'pb_thresh': 0.008, 'vol_thresh': 1.3, 'allowed_hours': [], 'tp_atr_mult': 2.5, 'risk_pct': 0.01, 'max_hold_bars': 96, 'use_trail': True, 'trail_ema': 21, 'stop_extra': 0.002}",21,0.0,-48.8896,0.0,-2.3281,0.2622,-58.2075,0.0012,0.002,2951.11,-1.4577584
BTC-USDT,MTALIGN,"{'pb_thresh': 0.005, 'vol_thresh': 1.3, 'allowed_hours': [], 'tp_atr_mult': 2.5, 'risk_pct': 0.01, 'max_hold_bars': 96, 'use_trail': True, 'trail_ema': 21, 'stop_extra': 0.002}",21,0.0,-48.8896,0.0,-2.3281,0.2622,-58.2075,0.0012,0.002,2951.11,-1.4577584
APT-USDT,EMASTACK,"{'max_pb': 0.01, 'vol_thresh': 1.5, 'rsi_lo': 38, 'rsi_hi': 66, 'rsi_exit': 73, 'min_adx': 15, 'allowed_hours': [], 'risk_pct': 0.01, 'max_hold_bars': 144, 'use_trail': True, 'trail_ema': 21, 'tp_atr_mult': 2.5, 'stop_extra': 0.002}",10,0.1,-98.9205,0.1468,-9.892,0.2827,-15.3058,0.0175,0.0234,2901.08,-1.458182
DOT-USDT,HVOL,"{'min_adx': 30, 'vol_thresh': 1.5, 'max_ext': 0.03, 'adx_exit': 20, 'allowed_hours': [], 'risk_pct': 0.01, 'max_hold_bars': 120, 'use_trail': False, 'tp_atr_mult': 2.5}",15,0.1333,-92.0514,0.1197,-6.1368,0.2701,-11.8739,0.0111,0.0063,2907.95,-1.4587556000000002
XLM-USDT,HVOL,"{'min_adx': 30, 'vol_thresh': 1.3, 'max_ext': 0.01, 'adx_exit': 25, 'allowed_hours': [], 'risk_pct': 0.01, 'max_hold_bars': 120, 'use_trail': False, 'tp_atr_mult': 2.5}",21,0.0952,-74.0444,0.0706,-3.5259,0.2687,-17.8012,0.0039,0.0036,2925.96,-1.4589775999999999
XLM-USDT,HVOL,"{'min_adx': 30, 'vol_thresh': 1.3, 'max_ext': 0.02, 'adx_exit': 25, 'allowed_hours': [], 'risk_pct': 0.01, 'max_hold_bars': 120, 'use_trail': False, 'tp_atr_mult': 2.5}",21,0.0952,-74.0444,0.0706,-3.5259,0.2687,-17.8012,0.0039,0.0036,2925.96,-1.4589775999999999
XLM-USDT,HVOL,"{'min_adx': 30, 'vol_thresh': 1.3, 'max_ext': 0.03, 'adx_exit': 25, 'allowed_hours': [], 'risk_pct': 0.01, 'max_hold_bars': 120, 'use_trail': False, 'tp_atr_mult': 2.5}",21,0.0952,-74.0444,0.0706,-3.5259,0.2687,-17.8012,0.0039,0.0036,2925.96,-1.4589775999999999
XLM-USDT,HVOL,"{'min_adx': 30, 'vol_thresh': 1.5, 'max_ext': 0.01, 'adx_exit': 25, 'allowed_hours': [], 'risk_pct': 0.01, 'max_hold_bars': 120, 'use_trail': False, 'tp_atr_mult': 2.5}",21,0.0952,-74.0444,0.0706,-3.5259,0.2687,-17.8012,0.0039,0.0036,2925.96,-1.4589775999999999
XLM-USDT,HVOL,"{'min_adx': 30, 'vol_thresh': 1.5, 'max_ext': 0.02, 'adx_exit': 25, 'allowed_hours': [], 'risk_pct': 0.01, 'max_hold_bars': 120, 'use_trail': False, 'tp_atr_mult': 2.5}",21,0.0952,-74.0444,0.0706,-3.5259,0.2687,-17.8012,0.0039,0.0036,2925.96,-1.4589775999999999
XLM-USDT,HVOL,"{'min_adx': 30, 'vol_thresh': 1.5, 'max_ext': 0.03, 'adx_exit': 25, 'allowed_hours': [], 'risk_pct': 0.01, 'max_hold_bars': 120, 'use_trail': False, 'tp_atr_mult': 2.5}",21,0.0952,-74.0444,0.0706,-3.5259,0.2687,-17.8012,0.0039,0.0036,2925.96,-1.4589775999999999
SOL-USDT,HVOL,"{'min_adx': 30, 'vol_thresh': 1.5, 'max_ext': 0.02, 'adx_exit': 25, 'allowed_hours': [], 'risk_pct': 0.01, 'max_hold_bars': 120, 'use_trail': False, 'tp_atr_mult': 2.5}",13,0.0,-49.1638,0.0,-3.7818,0.2628,-31.2894,0.0025,0.0038,2950.84,-1.4594551999999998
SOL-USDT,HVOL,"{'min_adx': 30, 'vol_thresh': 1.5, 'max_ext': 0.01, 'adx_exit': 25, 'allowed_hours': [], 'risk_pct': 0.01, 'max_hold_bars': 120, 'use_trail': False, 'tp_atr_mult': 2.5}",13,0.0,-49.1638,0.0,-3.7818,0.2628,-31.2894,0.0025,0.0038,2950.84,-1.4594551999999998
SOL-USDT,HVOL,"{'min_adx': 30, 'vol_thresh': 1.5, 'max_ext': 0.03, 'adx_exit': 25, 'allowed_hours': [], 'risk_pct': 0.01, 'max_hold_bars': 120, 'use_trail': False, 'tp_atr_mult': 2.5}",13,0.0,-49.1638,0.0,-3.7818,0.2628,-31.2894,0.0025,0.0038,2950.84,-1.4594551999999998
APT-USDT,HVOL,"{'min_adx': 25, 'vol_thresh': 1.5, 'max_ext': 0.02, 'adx_exit': 15, 'allowed_hours': [], 'risk_pct': 0.01, 'max_hold_bars': 120, 'use_trail': False, 'tp_atr_mult': 2.5}",21,0.4762,-204.9833,0.4605,-9.7611,0.3307,-5.4052,0.0475,0.0376,2795.02,-1.4598832
FIL-USDT,MTALIGN,"{'pb_thresh': 0.008, 'vol_thresh': 1.5, 'allowed_hours': [], 'tp_atr_mult': 2.5, 'risk_pct': 0.01, 'max_hold_bars': 96, 'use_trail': True, 'trail_ema': 21, 'stop_extra': 0.002}",13,0.0,-49.8051,0.0,-3.8312,0.2623,-24.3649,0.002,0.0027,2950.19,-1.4615204
HYPE-USDT,MTALIGN,"{'pb_thresh': 0.008, 'vol_thresh': 1.1, 'allowed_hours': [8, 9, 10, 11, 14, 15, 16, 17, 18, 19, 20, 21], 'tp_atr_mult': 2.5, 'risk_pct': 0.01, 'max_hold_bars': 96, 'use_trail': True, 'trail_ema': 21, 'stop_extra': 0.002}",18,0.0556,-58.4649,0.0244,-3.2481,0.2648,-31.0653,0.0015,0.0039,2941.54,-1.4620596000000001
SOL-USDT,MTALIGN,"{'pb_thresh': 0.003, 'vol_thresh': 1.3, 'allowed_hours': [], 'tp_atr_mult': 2.5, 'risk_pct': 0.01, 'max_hold_bars': 96, 'use_trail': True, 'trail_ema': 21, 'stop_extra': 0.002}",19,0.0,-49.9072,0.0,-2.6267,0.2625,-64.2873,0.0009,0.0021,2950.09,-1.4621288000000001
ETH-USDT,MTALIGN,"{'pb_thresh': 0.003, 'vol_thresh': 1.3, 'allowed_hours': [], 'tp_atr_mult': 2.5, 'risk_pct': 0.01, 'max_hold_bars': 96, 'use_trail': True, 'trail_ema': 21, 'stop_extra': 0.002}",21,0.0,-50.1533,0.0,-2.3883,0.2625,-93.5636,0.0008,0.0017,2949.85,-1.4631131999999998
DOT-USDT,HVOL,"{'min_adx': 30, 'vol_thresh': 1.3, 'max_ext': 0.03, 'adx_exit': 15, 'allowed_hours': [], 'risk_pct': 0.01, 'max_hold_bars': 120, 'use_trail': False, 'tp_atr_mult': 2.5}",18,0.1667,-93.2829,0.1232,-5.1824,0.2752,-12.2891,0.0096,0.0072,2906.72,-1.4635316
SOL-USDT,HVOL,"{'min_adx': 30, 'vol_thresh': 1.3, 'max_ext': 0.01, 'adx_exit': 15, 'allowed_hours': [], 'risk_pct': 0.01, 'max_hold_bars': 120, 'use_trail': False, 'tp_atr_mult': 2.5}",16,0.0625,-56.8177,0.0182,-3.5511,0.2647,-25.9166,0.0026,0.0036,2943.18,-1.4646708
SOL-USDT,HVOL,"{'min_adx': 30, 'vol_thresh': 1.3, 'max_ext': 0.03, 'adx_exit': 15, 'allowed_hours': [], 'risk_pct': 0.01, 'max_hold_bars': 120, 'use_trail': False, 'tp_atr_mult': 2.5}",16,0.0625,-56.8177,0.0182,-3.5511,0.2647,-25.9166,0.0026,0.0036,2943.18,-1.4646708
SOL-USDT,HVOL,"{'min_adx': 30, 'vol_thresh': 1.3, 'max_ext': 0.02, 'adx_exit': 20, 'allowed_hours': [], 'risk_pct': 0.01, 'max_hold_bars': 120, 'use_trail': False, 'tp_atr_mult': 2.5}",16,0.0625,-56.8177,0.0182,-3.5511,0.2647,-25.9166,0.0026,0.0036,2943.18,-1.4646708
SOL-USDT,HVOL,"{'min_adx': 30, 'vol_thresh': 1.3, 'max_ext': 0.03, 'adx_exit': 20, 'allowed_hours': [], 'risk_pct': 0.01, 'max_hold_bars': 120, 'use_trail': False, 'tp_atr_mult': 2.5}",16,0.0625,-56.8177,0.0182,-3.5511,0.2647,-25.9166,0.0026,0.0036,2943.18,-1.4646708
SOL-USDT,HVOL,"{'min_adx': 30, 'vol_thresh': 1.3, 'max_ext': 0.01, 'adx_exit': 20, 'allowed_hours': [], 'risk_pct': 0.01, 'max_hold_bars': 120, 'use_trail': False, 'tp_atr_mult': 2.5}",16,0.0625,-56.8177,0.0182,-3.5511,0.2647,-25.9166,0.0026,0.0036,2943.18,-1.4646708
SOL-USDT,HVOL,"{'min_adx': 30, 'vol_thresh': 1.3, 'max_ext': 0.02, 'adx_exit': 15, 'allowed_hours': [], 'risk_pct': 0.01, 'max_hold_bars': 120, 'use_trail': False, 'tp_atr_mult': 2.5}",16,0.0625,-56.8177,0.0182,-3.5511,0.2647,-25.9166,0.0026,0.0036,2943.18,-1.4646708
AVAX-USDT,HVOL,"{'min_adx': 25, 'vol_thresh': 2.0, 'max_ext': 0.01, 'adx_exit': 20, 'allowed_hours': [], 'risk_pct': 0.01, 'max_hold_bars': 120, 'use_trail': False, 'tp_atr_mult': 2.5}",14,0.0714,-60.6925,0.0291,-4.3352,0.2665,-18.9566,0.0049,0.0056,2939.31,-1.46562
AVAX-USDT,HVOL,"{'min_adx': 25, 'vol_thresh': 2.0, 'max_ext': 0.01, 'adx_exit': 15, 'allowed_hours': [], 'risk_pct': 0.01, 'max_hold_bars': 120, 'use_trail': False, 'tp_atr_mult': 2.5}",14,0.0714,-60.6925,0.0291,-4.3352,0.2665,-18.9566,0.0049,0.0056,2939.31,-1.46562
BTC-USDT,MTALIGN,"{'pb_thresh': 0.003, 'vol_thresh': 1.3, 'allowed_hours': [], 'tp_atr_mult': 2.5, 'risk_pct': 0.01, 'max_hold_bars': 96, 'use_trail': True, 'trail_ema': 21, 'stop_extra': 0.002}",21,0.0,-50.857,0.0,-2.4218,0.2627,-72.9891,0.001,0.002,2949.14,-1.4661279999999999
HYPE-USDT,MTALIGN,"{'pb_thresh': 0.008, 'vol_thresh': 1.3, 'allowed_hours': [], 'tp_atr_mult': 2.5, 'risk_pct': 0.01, 'max_hold_bars': 96, 'use_trail': True, 'trail_ema': 21, 'stop_extra': 0.002}",26,0.0769,-72.9581,0.0607,-2.8061,0.2684,-21.8531,0.0023,0.0031,2927.04,-1.4691823999999998
HYPE-USDT,HVOL,"{'min_adx': 20, 'vol_thresh': 1.3, 'max_ext': 0.01, 'adx_exit': 20, 'allowed_hours': [], 'risk_pct': 0.01, 'max_hold_bars': 120, 'use_trail': False, 'tp_atr_mult': 2.5}",32,0.1562,-96.4013,0.1273,-3.0125,0.2746,-14.8924,0.0034,0.0044,2903.6,-1.4692552
HYPE-USDT,HVOL,"{'min_adx': 20, 'vol_thresh': 1.3, 'max_ext': 0.03, 'adx_exit': 20, 'allowed_hours': [], 'risk_pct': 0.01, 'max_hold_bars': 120, 'use_trail': False, 'tp_atr_mult': 2.5}",32,0.1562,-96.4013,0.1273,-3.0125,0.2746,-14.8924,0.0034,0.0044,2903.6,-1.4692552
HYPE-USDT,HVOL,"{'min_adx': 20, 'vol_thresh': 1.3, 'max_ext': 0.02, 'adx_exit': 20, 'allowed_hours': [], 'risk_pct': 0.01, 'max_hold_bars': 120, 'use_trail': False, 'tp_atr_mult': 2.5}",32,0.1562,-96.4013,0.1273,-3.0125,0.2746,-14.8924,0.0034,0.0044,2903.6,-1.4692552
XLM-USDT,HVOL,"{'min_adx': 30, 'vol_thresh': 1.3, 'max_ext': 0.03, 'adx_exit': 15, 'allowed_hours': [], 'risk_pct': 0.01, 'max_hold_bars': 120, 'use_trail': False, 'tp_atr_mult': 2.5}",21,0.0952,-75.9042,0.069,-3.6145,0.2692,-18.1488,0.0039,0.0036,2924.1,-1.4693168
XLM-USDT,HVOL,"{'min_adx': 30, 'vol_thresh': 1.5, 'max_ext': 0.01, 'adx_exit': 15, 'allowed_hours': [], 'risk_pct': 0.01, 'max_hold_bars': 120, 'use_trail': False, 'tp_atr_mult': 2.5}",21,0.0952,-75.9042,0.069,-3.6145,0.2692,-18.1488,0.0039,0.0036,2924.1,-1.4693168
XLM-USDT,HVOL,"{'min_adx': 30, 'vol_thresh': 1.5, 'max_ext': 0.01, 'adx_exit': 20, 'allowed_hours': [], 'risk_pct': 0.01, 'max_hold_bars': 120, 'use_trail': False, 'tp_atr_mult': 2.5}",21,0.0952,-75.9042,0.069,-3.6145,0.2692,-18.1488,0.0039,0.0036,2924.1,-1.4693168
XLM-USDT,HVOL,"{'min_adx': 30, 'vol_thresh': 1.5, 'max_ext': 0.02, 'adx_exit': 15, 'allowed_hours': [], 'risk_pct': 0.01, 'max_hold_bars': 120, 'use_trail': False, 'tp_atr_mult': 2.5}",21,0.0952,-75.9042,0.069,-3.6145,0.2692,-18.1488,0.0039,0.0036,2924.1,-1.4693168
XLM-USDT,HVOL,"{'min_adx': 30, 'vol_thresh': 1.3, 'max_ext': 0.02, 'adx_exit': 20, 'allowed_hours': [], 'risk_pct': 0.01, 'max_hold_bars': 120, 'use_trail': False, 'tp_atr_mult': 2.5}",21,0.0952,-75.9042,0.069,-3.6145,0.2692,-18.1488,0.0039,0.0036,2924.1,-1.4693168
XLM-USDT,HVOL,"{'min_adx': 30, 'vol_thresh': 1.5, 'max_ext': 0.02, 'adx_exit': 20, 'allowed_hours': [], 'risk_pct': 0.01, 'max_hold_bars': 120, 'use_trail': False, 'tp_atr_mult': 2.5}",21,0.0952,-75.9042,0.069,-3.6145,0.2692,-18.1488,0.0039,0.0036,2924.1,-1.4693168
XLM-USDT,HVOL,"{'min_adx': 30, 'vol_thresh': 1.5, 'max_ext': 0.03, 'adx_exit': 15, 'allowed_hours': [], 'risk_pct': 0.01, 'max_hold_bars': 120, 'use_trail': False, 'tp_atr_mult': 2.5}",21,0.0952,-75.9042,0.069,-3.6145,0.2692,-18.1488,0.0039,0.0036,2924.1,-1.4693168
XLM-USDT,HVOL,"{'min_adx': 30, 'vol_thresh': 1.5, 'max_ext': 0.03, 'adx_exit': 20, 'allowed_hours': [], 'risk_pct': 0.01, 'max_hold_bars': 120, 'use_trail': False, 'tp_atr_mult': 2.5}",21,0.0952,-75.9042,0.069,-3.6145,0.2692,-18.1488,0.0039,0.0036,2924.1,-1.4693168
XLM-USDT,HVOL,"{'min_adx': 30, 'vol_thresh': 1.3, 'max_ext': 0.02, 'adx_exit': 15, 'allowed_hours': [], 'risk_pct': 0.01, 'max_hold_bars': 120, 'use_trail': False, 'tp_atr_mult': 2.5}",21,0.0952,-75.9042,0.069,-3.6145,0.2692,-18.1488,0.0039,0.0036,2924.1,-1.4693168
XLM-USDT,HVOL,"{'min_adx': 30, 'vol_thresh': 1.3, 'max_ext': 0.03, 'adx_exit': 20, 'allowed_hours': [], 'risk_pct': 0.01, 'max_hold_bars': 120, 'use_trail': False, 'tp_atr_mult': 2.5}",21,0.0952,-75.9042,0.069,-3.6145,0.2692,-18.1488,0.0039,0.0036,2924.1,-1.4693168
XLM-USDT,HVOL,"{'min_adx': 30, 'vol_thresh': 1.3, 'max_ext': 0.01, 'adx_exit': 20, 'allowed_hours': [], 'risk_pct': 0.01, 'max_hold_bars': 120, 'use_trail': False, 'tp_atr_mult': 2.5}",21,0.0952,-75.9042,0.069,-3.6145,0.2692,-18.1488,0.0039,0.0036,2924.1,-1.4693168
XLM-USDT,HVOL,"{'min_adx': 30, 'vol_thresh': 1.3, 'max_ext': 0.01, 'adx_exit': 15, 'allowed_hours': [], 'risk_pct': 0.01, 'max_hold_bars': 120, 'use_trail': False, 'tp_atr_mult': 2.5}",21,0.0952,-75.9042,0.069,-3.6145,0.2692,-18.1488,0.0039,0.0036,2924.1,-1.4693168
SOL-USDT,HVOL,"{'min_adx': 30, 'vol_thresh': 1.5, 'max_ext': 0.01, 'adx_exit': 20, 'allowed_hours': [], 'risk_pct': 0.01, 'max_hold_bars': 120, 'use_trail': False, 'tp_atr_mult': 2.5}",13,0.0,-51.5701,0.0,-3.9669,0.2634,-31.2533,0.0025,0.0038,2948.43,-1.4696803999999997
SOL-USDT,HVOL,"{'min_adx': 30, 'vol_thresh': 1.5, 'max_ext': 0.03, 'adx_exit': 20, 'allowed_hours': [], 'risk_pct': 0.01, 'max_hold_bars': 120, 'use_trail': False, 'tp_atr_mult': 2.5}",13,0.0,-51.5701,0.0,-3.9669,0.2634,-31.2533,0.0025,0.0038,2948.43,-1.4696803999999997
SOL-USDT,HVOL,"{'min_adx': 30, 'vol_thresh': 1.5, 'max_ext': 0.02, 'adx_exit': 15, 'allowed_hours': [], 'risk_pct': 0.01, 'max_hold_bars': 120, 'use_trail': False, 'tp_atr_mult': 2.5}",13,0.0,-51.5701,0.0,-3.9669,0.2634,-31.2533,0.0025,0.0038,2948.43,-1.4696803999999997
SOL-USDT,HVOL,"{'min_adx': 30, 'vol_thresh': 1.5, 'max_ext': 0.02, 'adx_exit': 20, 'allowed_hours': [], 'risk_pct': 0.01, 'max_hold_bars': 120, 'use_trail': False, 'tp_atr_mult': 2.5}",13,0.0,-51.5701,0.0,-3.9669,0.2634,-31.2533,0.0025,0.0038,2948.43,-1.4696803999999997
SOL-USDT,HVOL,"{'min_adx': 30, 'vol_thresh': 1.5, 'max_ext': 0.03, 'adx_exit': 15, 'allowed_hours': [], 'risk_pct': 0.01, 'max_hold_bars': 120, 'use_trail': False, 'tp_atr_mult': 2.5}",13,0.0,-51.5701,0.0,-3.9669,0.2634,-31.2533,0.0025,0.0038,2948.43,-1.4696803999999997
SOL-USDT,HVOL,"{'min_adx': 30, 'vol_thresh': 1.5, 'max_ext': 0.01, 'adx_exit': 15, 'allowed_hours': [], 'risk_pct': 0.01, 'max_hold_bars': 120, 'use_trail': False, 'tp_atr_mult': 2.5}",13,0.0,-51.5701,0.0,-3.9669,0.2634,-31.2533,0.0025,0.0038,2948.43,-1.4696803999999997
APT-USDT,EMASTACK,"{'max_pb': 0.01, 'vol_thresh': 1.2, 'rsi_lo': 50, 'rsi_hi': 78, 'rsi_exit': 85, 'min_adx': 15, 'allowed_hours': [], 'risk_pct': 0.01, 'max_hold_bars': 144, 'use_trail': True, 'trail_ema': 21, 'tp_atr_mult': 2.5, 'stop_extra': 0.002}",15,0.0667,-117.6491,0.1903,-7.8433,0.2863,-11.4335,0.0161,0.021,2882.35,-1.4714463999999996
APT-USDT,EMASTACK,"{'max_pb': 0.01, 'vol_thresh': 1.2, 'rsi_lo': 45, 'rsi_hi': 73, 'rsi_exit': 80, 'min_adx': 15, 'allowed_hours': [], 'risk_pct': 0.01, 'max_hold_bars': 144, 'use_trail': True, 'trail_ema': 21, 'tp_atr_mult': 2.5, 'stop_extra': 0.002}",15,0.0667,-117.6491,0.1903,-7.8433,0.2863,-11.4335,0.0161,0.021,2882.35,-1.4714463999999996
DOT-USDT,HVOL,"{'min_adx': 20, 'vol_thresh': 1.3, 'max_ext': 0.03, 'adx_exit': 25, 'allowed_hours': [], 'risk_pct': 0.01, 'max_hold_bars': 120, 'use_trail': False, 'tp_atr_mult': 2.5}",26,0.1538,-113.2335,0.1732,-4.3551,0.2787,-11.3019,0.0085,0.0062,2886.77,-1.4718339999999999
DOT-USDT,HVOL,"{'min_adx': 25, 'vol_thresh': 1.5, 'max_ext': 0.03, 'adx_exit': 15, 'allowed_hours': [], 'risk_pct': 0.01, 'max_hold_bars': 120, 'use_trail': False, 'tp_atr_mult': 2.5}",17,0.1176,-94.2698,0.1171,-5.5453,0.2707,-11.8165,0.0115,0.0058,2905.73,-1.4721292
WLD-USDT,HVOL,"{'min_adx': 25, 'vol_thresh': 1.5, 'max_ext': 0.01, 'adx_exit': 15, 'allowed_hours': [], 'risk_pct': 0.01, 'max_hold_bars': 120, 'use_trail': False, 'tp_atr_mult': 2.5}",18,0.1667,-101.9857,0.141,-5.6659,0.2764,-14.3566,0.0046,0.0087,2898.01,-1.4728428
LIT-USDT,EMASTACK,"{'max_pb': 0.005, 'vol_thresh': 1.5, 'rsi_lo': 38, 'rsi_hi': 66, 'rsi_exit': 73, 'min_adx': 25, 'allowed_hours': [], 'risk_pct': 0.01, 'max_hold_bars': 144, 'use_trail': True, 'trail_ema': 21, 'tp_atr_mult': 2.5, 'stop_extra': 0.002}",6,0.0,-52.459,0.0,-8.7432,0.2637,-24.7397,0.015,0.0129,2947.54,-1.4735360000000002
LIT-USDT,EMASTACK,"{'max_pb': 0.005, 'vol_thresh': 1.5, 'rsi_lo': 45, 'rsi_hi': 73, 'rsi_exit': 80, 'min_adx': 25, 'allowed_hours': [], 'risk_pct': 0.01, 'max_hold_bars': 144, 'use_trail': True, 'trail_ema': 21, 'tp_atr_mult': 2.5, 'stop_extra': 0.002}",6,0.0,-52.459,0.0,-8.7432,0.2637,-24.7397,0.015,0.0129,2947.54,-1.4735360000000002
LIT-USDT,EMASTACK,"{'max_pb': 0.005, 'vol_thresh': 1.5, 'rsi_lo': 50, 'rsi_hi': 78, 'rsi_exit': 85, 'min_adx': 25, 'allowed_hours': [], 'risk_pct': 0.01, 'max_hold_bars': 144, 'use_trail': True, 'trail_ema': 21, 'tp_atr_mult': 2.5, 'stop_extra': 0.002}",6,0.0,-52.459,0.0,-8.7432,0.2637,-24.7397,0.015,0.0129,2947.54,-1.4735360000000002
LIT-USDT,EMASTACK,"{'max_pb': 0.005, 'vol_thresh': 1.5, 'rsi_lo': 38, 'rsi_hi': 66, 'rsi_exit': 73, 'min_adx': 15, 'allowed_hours': [], 'risk_pct': 0.01, 'max_hold_bars': 144, 'use_trail': True, 'trail_ema': 21, 'tp_atr_mult': 2.5, 'stop_extra': 0.002}",6,0.0,-52.459,0.0,-8.7432,0.2637,-24.7397,0.015,0.0129,2947.54,-1.4735360000000002
LIT-USDT,EMASTACK,"{'max_pb': 0.005, 'vol_thresh': 1.5, 'rsi_lo': 38, 'rsi_hi': 66, 'rsi_exit': 73, 'min_adx': 20, 'allowed_hours': [], 'risk_pct': 0.01, 'max_hold_bars': 144, 'use_trail': True, 'trail_ema': 21, 'tp_atr_mult': 2.5, 'stop_extra': 0.002}",6,0.0,-52.459,0.0,-8.7432,0.2637,-24.7397,0.015,0.0129,2947.54,-1.4735360000000002
SOL-USDT,MTALIGN,"{'pb_thresh': 0.003, 'vol_thresh': 1.1, 'allowed_hours': [], 'tp_atr_mult': 2.5, 'risk_pct': 0.01, 'max_hold_bars': 96, 'use_trail': True, 'trail_ema': 21, 'stop_extra': 0.002}",21,0.0,-52.8708,0.0,-2.5177,0.2632,-69.2168,0.001,0.0019,2947.13,-1.4746831999999999
LIT-USDT,RVOL,"{'vol_thresh': 2.0, 'min_roc': 1.0, 'max_rsi': 70, 'min_adx': 18, 'stop_atr_mult': 2.0, 'rsi_exit': 75, 'allowed_hours': [14, 15, 16, 17, 18, 19, 20, 21], 'risk_pct': 0.01, 'max_hold_bars': 72, 'use_trail': True, 'trail_pct': 0.02, 'tp_atr_mult': 3.0}",8,0.125,-66.3801,0.0414,-8.2975,0.2723,-21.2459,0.0113,0.0255,2933.62,-1.4757204000000002
LIT-USDT,RVOL,"{'vol_thresh': 2.0, 'min_roc': 1.0, 'max_rsi': 70, 'min_adx': 18, 'stop_atr_mult': 1.5, 'rsi_exit': 75, 'allowed_hours': [14, 15, 16, 17, 18, 19, 20, 21], 'risk_pct': 0.01, 'max_hold_bars': 72, 'use_trail': True, 'trail_pct': 0.02, 'tp_atr_mult': 3.0}",8,0.125,-66.3801,0.0414,-8.2975,0.2723,-21.2459,0.0113,0.0255,2933.62,-1.4757204000000002
SOL-USDT,MTALIGN,"{'pb_thresh': 0.005, 'vol_thresh': 1.3, 'allowed_hours': [], 'tp_atr_mult': 2.5, 'risk_pct': 0.01, 'max_hold_bars': 96, 'use_trail': True, 'trail_ema': 21, 'stop_extra': 0.002}",20,0.0,-53.306,0.0,-2.6653,0.2633,-64.3973,0.0011,0.0021,2946.69,-1.476524
SOL-USDT,MTALIGN,"{'pb_thresh': 0.008, 'vol_thresh': 1.3, 'allowed_hours': [], 'tp_atr_mult': 2.5, 'risk_pct': 0.01, 'max_hold_bars': 96, 'use_trail': True, 'trail_ema': 21, 'stop_extra': 0.002}",20,0.0,-53.306,0.0,-2.6653,0.2633,-64.3973,0.0011,0.0021,2946.69,-1.476524
WLD-USDT,HVOL,"{'min_adx': 25, 'vol_thresh': 1.5, 'max_ext': 0.02, 'adx_exit': 25, 'allowed_hours': [], 'risk_pct': 0.01, 'max_hold_bars': 120, 'use_trail': False, 'tp_atr_mult': 2.5}",19,0.1579,-102.6147,0.1401,-5.4008,0.2766,-14.8406,0.0047,0.0083,2897.39,-1.4769088000000001
WLD-USDT,HVOL,"{'min_adx': 25, 'vol_thresh': 1.5, 'max_ext': 0.03, 'adx_exit': 25, 'allowed_hours': [], 'risk_pct': 0.01, 'max_hold_bars': 120, 'use_trail': False, 'tp_atr_mult': 2.5}",19,0.1579,-102.6147,0.1401,-5.4008,0.2766,-14.8406,0.0047,0.0083,2897.39,-1.4769088000000001
SOL-USDT,HVOL,"{'min_adx': 20, 'vol_thresh': 1.3, 'max_ext': 0.01, 'adx_exit': 20, 'allowed_hours': [], 'risk_pct': 0.01, 'max_hold_bars': 120, 'use_trail': False, 'tp_atr_mult': 2.5}",27,0.1111,-84.4945,0.0883,-3.1294,0.2731,-18.8006,0.0023,0.0034,2915.51,-1.478628
SOL-USDT,HVOL,"{'min_adx': 20, 'vol_thresh': 1.3, 'max_ext': 0.01, 'adx_exit': 15, 'allowed_hours': [], 'risk_pct': 0.01, 'max_hold_bars': 120, 'use_trail': False, 'tp_atr_mult': 2.5}",27,0.1111,-84.4945,0.0883,-3.1294,0.2731,-18.8006,0.0023,0.0034,2915.51,-1.478628
SOL-USDT,HVOL,"{'min_adx': 20, 'vol_thresh': 1.3, 'max_ext': 0.03, 'adx_exit': 20, 'allowed_hours': [], 'risk_pct': 0.01, 'max_hold_bars': 120, 'use_trail': False, 'tp_atr_mult': 2.5}",27,0.1111,-84.4945,0.0883,-3.1294,0.2731,-18.8006,0.0023,0.0034,2915.51,-1.478628
SOL-USDT,HVOL,"{'min_adx': 20, 'vol_thresh': 1.3, 'max_ext': 0.03, 'adx_exit': 15, 'allowed_hours': [], 'risk_pct': 0.01, 'max_hold_bars': 120, 'use_trail': False, 'tp_atr_mult': 2.5}",27,0.1111,-84.4945,0.0883,-3.1294,0.2731,-18.8006,0.0023,0.0034,2915.51,-1.478628
SOL-USDT,HVOL,"{'min_adx': 20, 'vol_thresh': 1.3, 'max_ext': 0.02, 'adx_exit': 15, 'allowed_hours': [], 'risk_pct': 0.01, 'max_hold_bars': 120, 'use_trail': False, 'tp_atr_mult': 2.5}",27,0.1111,-84.4945,0.0883,-3.1294,0.2731,-18.8006,0.0023,0.0034,2915.51,-1.478628
SOL-USDT,HVOL,"{'min_adx': 20, 'vol_thresh': 1.3, 'max_ext': 0.02, 'adx_exit': 20, 'allowed_hours': [], 'risk_pct': 0.01, 'max_hold_bars': 120, 'use_trail': False, 'tp_atr_mult': 2.5}",27,0.1111,-84.4945,0.0883,-3.1294,0.2731,-18.8006,0.0023,0.0034,2915.51,-1.478628
DOT-USDT,HVOL,"{'min_adx': 30, 'vol_thresh': 1.5, 'max_ext': 0.03, 'adx_exit': 15, 'allowed_hours': [], 'risk_pct': 0.01, 'max_hold_bars': 120, 'use_trail': False, 'tp_atr_mult': 2.5}",15,0.1333,-95.393,0.1158,-6.3595,0.271,-12.3753,0.0111,0.0064,2904.61,-1.478872
ETH-USDT,MTALIGN,"{'pb_thresh': 0.008, 'vol_thresh': 1.3, 'allowed_hours': [], 'tp_atr_mult': 2.5, 'risk_pct': 0.01, 'max_hold_bars': 96, 'use_trail': True, 'trail_ema': 21, 'stop_extra': 0.002}",22,0.0,-54.5146,0.0,-2.4779,0.2636,-68.5389,0.0008,0.0018,2945.49,-1.4816584
ETH-USDT,MTALIGN,"{'pb_thresh': 0.005, 'vol_thresh': 1.3, 'allowed_hours': [], 'tp_atr_mult': 2.5, 'risk_pct': 0.01, 'max_hold_bars': 96, 'use_trail': True, 'trail_ema': 21, 'stop_extra': 0.002}",22,0.0,-54.5146,0.0,-2.4779,0.2636,-68.5389,0.0008,0.0018,2945.49,-1.4816584
DOT-USDT,HVOL,"{'min_adx': 30, 'vol_thresh': 1.3, 'max_ext': 0.03, 'adx_exit': 20, 'allowed_hours': [], 'risk_pct': 0.01, 'max_hold_bars': 120, 'use_trail': False, 'tp_atr_mult': 2.5}",18,0.1667,-96.3653,0.1197,-5.3536,0.276,-12.7588,0.0091,0.0071,2903.63,-1.4819111999999999
HYPE-USDT,HVOL,"{'min_adx': 20, 'vol_thresh': 1.3, 'max_ext': 0.01, 'adx_exit': 15, 'allowed_hours': [], 'risk_pct': 0.01, 'max_hold_bars': 120, 'use_trail': False, 'tp_atr_mult': 2.5}",32,0.1562,-99.0038,0.1243,-3.0939,0.2752,-15.1314,0.0034,0.0046,2901.0,-1.4847652
HYPE-USDT,HVOL,"{'min_adx': 20, 'vol_thresh': 1.3, 'max_ext': 0.03, 'adx_exit': 15, 'allowed_hours': [], 'risk_pct': 0.01, 'max_hold_bars': 120, 'use_trail': False, 'tp_atr_mult': 2.5}",32,0.1562,-99.0038,0.1243,-3.0939,0.2752,-15.1314,0.0034,0.0046,2901.0,-1.4847652
HYPE-USDT,HVOL,"{'min_adx': 20, 'vol_thresh': 1.3, 'max_ext': 0.02, 'adx_exit': 15, 'allowed_hours': [], 'risk_pct': 0.01, 'max_hold_bars': 120, 'use_trail': False, 'tp_atr_mult': 2.5}",32,0.1562,-99.0038,0.1243,-3.0939,0.2752,-15.1314,0.0034,0.0046,2901.0,-1.4847652
ONDO-USDT,HVOL,"{'min_adx': 20, 'vol_thresh': 1.3, 'max_ext': 0.01, 'adx_exit': 20, 'allowed_hours': [], 'risk_pct': 0.01, 'max_hold_bars': 120, 'use_trail': False, 'tp_atr_mult': 2.5}",32,0.1562,-117.4689,0.1761,-3.6709,0.2796,-13.2219,0.0066,0.0059,2882.53,-1.4853256000000001
LIT-USDT,EMASTACK,"{'max_pb': 0.005, 'vol_thresh': 1.5, 'rsi_lo': 45, 'rsi_hi': 73, 'rsi_exit': 80, 'min_adx': 15, 'allowed_hours': [], 'risk_pct': 0.01, 'max_hold_bars': 144, 'use_trail': True, 'trail_ema': 21, 'tp_atr_mult': 2.5, 'stop_extra': 0.002}",7,0.0,-55.4682,0.0,-7.924,0.2645,-22.6086,0.0205,0.0138,2944.53,-1.4863727999999998
LIT-USDT,EMASTACK,"{'max_pb': 0.005, 'vol_thresh': 1.5, 'rsi_lo': 45, 'rsi_hi': 73, 'rsi_exit': 80, 'min_adx': 20, 'allowed_hours': [], 'risk_pct': 0.01, 'max_hold_bars': 144, 'use_trail': True, 'trail_ema': 21, 'tp_atr_mult': 2.5, 'stop_extra': 0.002}",7,0.0,-55.4682,0.0,-7.924,0.2645,-22.6086,0.0205,0.0138,2944.53,-1.4863727999999998
LIT-USDT,EMASTACK,"{'max_pb': 0.005, 'vol_thresh': 1.5, 'rsi_lo': 50, 'rsi_hi': 78, 'rsi_exit': 85, 'min_adx': 20, 'allowed_hours': [], 'risk_pct': 0.01, 'max_hold_bars': 144, 'use_trail': True, 'trail_ema': 21, 'tp_atr_mult': 2.5, 'stop_extra': 0.002}",7,0.0,-55.4682,0.0,-7.924,0.2645,-22.6086,0.0205,0.0138,2944.53,-1.4863727999999998
LIT-USDT,EMASTACK,"{'max_pb': 0.005, 'vol_thresh': 1.5, 'rsi_lo': 50, 'rsi_hi': 78, 'rsi_exit': 85, 'min_adx': 15, 'allowed_hours': [], 'risk_pct': 0.01, 'max_hold_bars': 144, 'use_trail': True, 'trail_ema': 21, 'tp_atr_mult': 2.5, 'stop_extra': 0.002}",7,0.0,-55.4682,0.0,-7.924,0.2645,-22.6086,0.0205,0.0138,2944.53,-1.4863727999999998
WLD-USDT,HVOL,"{'min_adx': 25, 'vol_thresh': 1.5, 'max_ext': 0.02, 'adx_exit': 20, 'allowed_hours': [], 'risk_pct': 0.01, 'max_hold_bars': 120, 'use_trail': False, 'tp_atr_mult': 2.5}",19,0.1579,-104.5733,0.1378,-5.5039,0.277,-14.5193,0.0047,0.0086,2895.43,-1.4885932
WLD-USDT,HVOL,"{'min_adx': 25, 'vol_thresh': 1.5, 'max_ext': 0.03, 'adx_exit': 20, 'allowed_hours': [], 'risk_pct': 0.01, 'max_hold_bars': 120, 'use_trail': False, 'tp_atr_mult': 2.5}",19,0.1579,-104.5733,0.1378,-5.5039,0.277,-14.5193,0.0047,0.0086,2895.43,-1.4885932
DOGE-USDT,HVOL,"{'min_adx': 20, 'vol_thresh': 1.5, 'max_ext': 0.03, 'adx_exit': 25, 'allowed_hours': [], 'risk_pct': 0.01, 'max_hold_bars': 120, 'use_trail': False, 'tp_atr_mult': 2.5}",27,0.1481,-78.6116,0.0635,-2.9115,0.2696,-20.7715,0.0032,0.0033,2921.39,-1.4887964
DOGE-USDT,HVOL,"{'min_adx': 20, 'vol_thresh': 1.5, 'max_ext': 0.02, 'adx_exit': 25, 'allowed_hours': [], 'risk_pct': 0.01, 'max_hold_bars': 120, 'use_trail': False, 'tp_atr_mult': 2.5}",27,0.1481,-78.6116,0.0635,-2.9115,0.2696,-20.7715,0.0032,0.0033,2921.39,-1.4887964
DOGE-USDT,HVOL,"{'min_adx': 20, 'vol_thresh': 1.5, 'max_ext': 0.01, 'adx_exit': 25, 'allowed_hours': [], 'risk_pct': 0.01, 'max_hold_bars': 120, 'use_trail': False, 'tp_atr_mult': 2.5}",27,0.1481,-78.6116,0.0635,-2.9115,0.2696,-20.7715,0.0032,0.0033,2921.39,-1.4887964
HYPE-USDT,MTALIGN,"{'pb_thresh': 0.008, 'vol_thresh': 1.5, 'allowed_hours': [], 'tp_atr_mult': 2.5, 'risk_pct': 0.01, 'max_hold_bars': 96, 'use_trail': True, 'trail_ema': 21, 'stop_extra': 0.002}",26,0.0769,-76.6013,0.0579,-2.9462,0.2693,-22.5952,0.002,0.0033,2923.4,-1.4888551999999997
ONDO-USDT,HVOL,"{'min_adx': 30, 'vol_thresh': 2.0, 'max_ext': 0.01, 'adx_exit': 15, 'allowed_hours': [], 'risk_pct': 0.01, 'max_hold_bars': 120, 'use_trail': False, 'tp_atr_mult': 2.5}",15,0.0667,-90.4182,0.0976,-6.0279,0.2746,-15.5792,0.0059,0.0091,2909.58,-1.4898728
HYPE-USDT,HVOL,"{'min_adx': 20, 'vol_thresh': 1.5, 'max_ext': 0.03, 'adx_exit': 25, 'allowed_hours': [], 'risk_pct': 0.01, 'max_hold_bars': 120, 'use_trail': False, 'tp_atr_mult': 2.5}",29,0.1379,-93.3806,0.1039,-3.22,0.2734,-17.0871,0.003,0.0045,2906.62,-1.4910724000000002
HYPE-USDT,HVOL,"{'min_adx': 20, 'vol_thresh': 1.5, 'max_ext': 0.01, 'adx_exit': 25, 'allowed_hours': [], 'risk_pct': 0.01, 'max_hold_bars': 120, 'use_trail': False, 'tp_atr_mult': 2.5}",29,0.1379,-93.3806,0.1039,-3.22,0.2734,-17.0871,0.003,0.0045,2906.62,-1.4910724000000002
HYPE-USDT,HVOL,"{'min_adx': 20, 'vol_thresh': 1.5, 'max_ext': 0.02, 'adx_exit': 25, 'allowed_hours': [], 'risk_pct': 0.01, 'max_hold_bars': 120, 'use_trail': False, 'tp_atr_mult': 2.5}",29,0.1379,-93.3806,0.1039,-3.22,0.2734,-17.0871,0.003,0.0045,2906.62,-1.4910724000000002
DOT-USDT,HVOL,"{'min_adx': 30, 'vol_thresh': 1.3, 'max_ext': 0.03, 'adx_exit': 25, 'allowed_hours': [], 'risk_pct': 0.01, 'max_hold_bars': 120, 'use_trail': False, 'tp_atr_mult': 2.5}",18,0.1667,-98.4396,0.1176,-5.4689,0.275,-13.6351,0.0088,0.007,2901.56,-1.4923584
LIT-USDT,EMASTACK,"{'max_pb': 0.005, 'vol_thresh': 1.2, 'rsi_lo': 45, 'rsi_hi': 73, 'rsi_exit': 80, 'min_adx': 25, 'allowed_hours': [], 'risk_pct': 0.01, 'max_hold_bars': 144, 'use_trail': True, 'trail_ema': 21, 'tp_atr_mult': 2.5, 'stop_extra': 0.002}",7,0.0,-57.2718,0.0,-8.1817,0.2637,-24.1728,0.0214,0.0136,2942.73,-1.4927872
LIT-USDT,EMASTACK,"{'max_pb': 0.005, 'vol_thresh': 1.2, 'rsi_lo': 50, 'rsi_hi': 78, 'rsi_exit': 85, 'min_adx': 25, 'allowed_hours': [], 'risk_pct': 0.01, 'max_hold_bars': 144, 'use_trail': True, 'trail_ema': 21, 'tp_atr_mult': 2.5, 'stop_extra': 0.002}",7,0.0,-57.2718,0.0,-8.1817,0.2637,-24.1728,0.0214,0.0136,2942.73,-1.4927872
APT-USDT,HVOL,"{'min_adx': 20, 'vol_thresh': 1.3, 'max_ext': 0.01, 'adx_exit': 20, 'allowed_hours': [], 'risk_pct': 0.01, 'max_hold_bars': 120, 'use_trail': False, 'tp_atr_mult': 2.5}",21,0.4286,-188.0547,0.3803,-8.955,0.3129,-6.1722,0.0407,0.0322,2811.95,-1.4946688
WLD-USDT,HVOL,"{'min_adx': 25, 'vol_thresh': 1.5, 'max_ext': 0.01, 'adx_exit': 25, 'allowed_hours': [], 'risk_pct': 0.01, 'max_hold_bars': 120, 'use_trail': False, 'tp_atr_mult': 2.5}",19,0.1579,-105.585,0.1366,-5.5571,0.2773,-15.0861,0.0045,0.0086,2894.42,-1.4947399999999997
DOT-USDT,HVOL,"{'min_adx': 25, 'vol_thresh': 2.0, 'max_ext': 0.01, 'adx_exit': 25, 'allowed_hours': [], 'risk_pct': 0.01, 'max_hold_bars': 120, 'use_trail': False, 'tp_atr_mult': 2.5}",9,0.0,-58.3845,0.0,-6.4872,0.2617,-31.4195,0.0089,0.0058,2941.62,-1.4952380000000003
HYPE-USDT,HVOL,"{'min_adx': 25, 'vol_thresh': 1.5, 'max_ext': 0.02, 'adx_exit': 25, 'allowed_hours': [], 'risk_pct': 0.01, 'max_hold_bars': 120, 'use_trail': False, 'tp_atr_mult': 2.5}",25,0.12,-82.5695,0.0701,-3.3028,0.2707,-20.541,0.0029,0.0045,2917.43,-1.495828
HYPE-USDT,HVOL,"{'min_adx': 25, 'vol_thresh': 1.5, 'max_ext': 0.01, 'adx_exit': 25, 'allowed_hours': [], 'risk_pct': 0.01, 'max_hold_bars': 120, 'use_trail': False, 'tp_atr_mult': 2.5}",25,0.12,-82.5695,0.0701,-3.3028,0.2707,-20.541,0.0029,0.0045,2917.43,-1.495828
HYPE-USDT,HVOL,"{'min_adx': 25, 'vol_thresh': 1.5, 'max_ext': 0.03, 'adx_exit': 25, 'allowed_hours': [], 'risk_pct': 0.01, 'max_hold_bars': 120, 'use_trail': False, 'tp_atr_mult': 2.5}",25,0.12,-82.5695,0.0701,-3.3028,0.2707,-20.541,0.0029,0.0045,2917.43,-1.495828
FIL-USDT,MTALIGN,"{'pb_thresh': 0.008, 'vol_thresh': 1.3, 'allowed_hours': [], 'tp_atr_mult': 2.5, 'risk_pct': 0.01, 'max_hold_bars': 96, 'use_trail': True, 'trail_ema': 21, 'stop_extra': 0.002}",15,0.0,-57.8927,0.0,-3.8595,0.2644,-26.2281,0.002,0.0029,2942.11,-1.4959708
DOT-USDT,MTALIGN,"{'pb_thresh': 0.008, 'vol_thresh': 1.1, 'allowed_hours': [], 'tp_atr_mult': 2.5, 'risk_pct': 0.01, 'max_hold_bars': 96, 'use_trail': True, 'trail_ema': 21, 'stop_extra': 0.002}",26,0.1154,-76.8302,0.0514,-2.955,0.2694,-20.7038,0.0025,0.004,2923.17,-1.4996208000000002
DOT-USDT,HVOL,"{'min_adx': 30, 'vol_thresh': 2.0, 'max_ext': 0.01, 'adx_exit': 25, 'allowed_hours': [], 'risk_pct': 0.01, 'max_hold_bars': 120, 'use_trail': False, 'tp_atr_mult': 2.5}",8,0.0,-59.9128,0.0,-7.4891,0.2621,-30.7585,0.008,0.007,2940.09,-1.5017512
SOL-USDT,MTALIGN,"{'pb_thresh': 0.005, 'vol_thresh': 1.1, 'allowed_hours': [], 'tp_atr_mult': 2.5, 'risk_pct': 0.01, 'max_hold_bars': 96, 'use_trail': True, 'trail_ema': 21, 'stop_extra': 0.002}",23,0.0,-59.4659,0.0,-2.5855,0.2649,-68.5704,0.0011,0.002,2940.53,-1.5027635999999998
SOL-USDT,MTALIGN,"{'pb_thresh': 0.008, 'vol_thresh': 1.1, 'allowed_hours': [], 'tp_atr_mult': 2.5, 'risk_pct': 0.01, 'max_hold_bars': 96, 'use_trail': True, 'trail_ema': 21, 'stop_extra': 0.002}",23,0.0,-59.4659,0.0,-2.5855,0.2649,-68.5704,0.0011,0.002,2940.53,-1.5027635999999998
DOT-USDT,HVOL,"{'min_adx': 25, 'vol_thresh': 2.0, 'max_ext': 0.01, 'adx_exit': 20, 'allowed_hours': [], 'risk_pct': 0.01, 'max_hold_bars': 120, 'use_trail': False, 'tp_atr_mult': 2.5}",9,0.0,-60.4339,0.0,-6.7149,0.2622,-28.8581,0.0089,0.0061,2939.57,-1.5039356000000002
LIT-USDT,EMASTACK,"{'max_pb': 0.015, 'vol_thresh': 2.0, 'rsi_lo': 45, 'rsi_hi': 73, 'rsi_exit': 80, 'min_adx': 20, 'allowed_hours': [], 'risk_pct': 0.01, 'max_hold_bars': 144, 'use_trail': True, 'trail_ema': 21, 'tp_atr_mult': 2.5, 'stop_extra': 0.002}",5,0.0,-59.8057,0.0,-11.9611,0.2648,-19.0717,0.0173,0.0247,2940.19,-1.5040227999999998
LIT-USDT,EMASTACK,"{'max_pb': 0.015, 'vol_thresh': 2.0, 'rsi_lo': 50, 'rsi_hi': 78, 'rsi_exit': 85, 'min_adx': 20, 'allowed_hours': [], 'risk_pct': 0.01, 'max_hold_bars': 144, 'use_trail': True, 'trail_ema': 21, 'tp_atr_mult': 2.5, 'stop_extra': 0.002}",5,0.0,-59.8057,0.0,-11.9611,0.2648,-19.0717,0.0173,0.0247,2940.19,-1.5040227999999998
DOT-USDT,HVOL,"{'min_adx': 25, 'vol_thresh': 1.3, 'max_ext': 0.03, 'adx_exit': 15, 'allowed_hours': [], 'risk_pct': 0.01, 'max_hold_bars': 120, 'use_trail': False, 'tp_atr_mult': 2.5}",21,0.1429,-100.3533,0.1154,-4.7787,0.277,-12.8093,0.0097,0.0068,2899.65,-1.5053132000000002
LIT-USDT,EMASTACK,"{'max_pb': 0.005, 'vol_thresh': 1.2, 'rsi_lo': 50, 'rsi_hi': 78, 'rsi_exit': 85, 'min_adx': 20, 'allowed_hours': [], 'risk_pct': 0.01, 'max_hold_bars': 144, 'use_trail': True, 'trail_ema': 21, 'tp_atr_mult': 2.5, 'stop_extra': 0.002}",8,0.0,-60.2761,0.0,-7.5345,0.2645,-22.5438,0.0254,0.0144,2939.72,-1.5056044000000002
LIT-USDT,EMASTACK,"{'max_pb': 0.005, 'vol_thresh': 1.2, 'rsi_lo': 45, 'rsi_hi': 73, 'rsi_exit': 80, 'min_adx': 20, 'allowed_hours': [], 'risk_pct': 0.01, 'max_hold_bars': 144, 'use_trail': True, 'trail_ema': 21, 'tp_atr_mult': 2.5, 'stop_extra': 0.002}",8,0.0,-60.2761,0.0,-7.5345,0.2645,-22.5438,0.0254,0.0144,2939.72,-1.5056044000000002
WLD-USDT,HVOL,"{'min_adx': 25, 'vol_thresh': 1.5, 'max_ext': 0.01, 'adx_exit': 20, 'allowed_hours': [], 'risk_pct': 0.01, 'max_hold_bars': 120, 'use_trail': False, 'tp_atr_mult': 2.5}",19,0.1579,-107.5416,0.1344,-5.6601,0.2778,-14.7722,0.0045,0.0088,2892.46,-1.5063664
FIL-USDT,HVOL,"{'min_adx': 25, 'vol_thresh': 1.5, 'max_ext': 0.01, 'adx_exit': 20, 'allowed_hours': [], 'risk_pct': 0.01, 'max_hold_bars': 120, 'use_trail': False, 'tp_atr_mult': 2.5}",21,0.0952,-111.7939,0.1458,-5.3235,0.278,-8.3442,0.011,0.0063,2888.21,-1.5064756
FIL-USDT,HVOL,"{'min_adx': 25, 'vol_thresh': 1.5, 'max_ext': 0.02, 'adx_exit': 20, 'allowed_hours': [], 'risk_pct': 0.01, 'max_hold_bars': 120, 'use_trail': False, 'tp_atr_mult': 2.5}",21,0.0952,-111.7939,0.1458,-5.3235,0.278,-8.3442,0.011,0.0063,2888.21,-1.5064756
FIL-USDT,HVOL,"{'min_adx': 25, 'vol_thresh': 1.5, 'max_ext': 0.03, 'adx_exit': 20, 'allowed_hours': [], 'risk_pct': 0.01, 'max_hold_bars': 120, 'use_trail': False, 'tp_atr_mult': 2.5}",21,0.0952,-111.7939,0.1458,-5.3235,0.278,-8.3442,0.011,0.0063,2888.21,-1.5064756
APT-USDT,HVOL,"{'min_adx': 30, 'vol_thresh': 2.0, 'max_ext': 0.01, 'adx_exit': 15, 'allowed_hours': [], 'risk_pct': 0.01, 'max_hold_bars': 120, 'use_trail': False, 'tp_atr_mult': 2.5}",8,0.25,-134.2979,0.217,-16.7872,0.2953,-10.8125,0.0471,0.0331,2865.7,-1.5069916
NEAR-USDT,MTALIGN,"{'pb_thresh': 0.008, 'vol_thresh': 1.1, 'allowed_hours': [], 'tp_atr_mult': 2.5, 'risk_pct': 0.01, 'max_hold_bars': 96, 'use_trail': True, 'trail_ema': 21, 'stop_extra': 0.002}",17,0.0588,-62.311,0.005,-3.6654,0.2668,-32.3523,0.003,0.005,2937.69,-1.508544
FIL-USDT,MTALIGN,"{'pb_thresh': 0.008, 'vol_thresh': 1.1, 'allowed_hours': [], 'tp_atr_mult': 2.5, 'risk_pct': 0.01, 'max_hold_bars': 96, 'use_trail': True, 'trail_ema': 21, 'stop_extra': 0.002}",23,0.0435,-79.2768,0.052,-3.4468,0.2697,-20.2257,0.0029,0.0034,2920.72,-1.5088072
DOT-USDT,HVOL,"{'min_adx': 30, 'vol_thresh': 2.0, 'max_ext': 0.01, 'adx_exit': 20, 'allowed_hours': [], 'risk_pct': 0.01, 'max_hold_bars': 120, 'use_trail': False, 'tp_atr_mult': 2.5}",8,0.0,-61.9503,0.0,-7.7438,0.2626,-27.2545,0.008,0.0073,2938.05,-1.5104012
APT-USDT,EMASTACK,"{'max_pb': 0.015, 'vol_thresh': 2.0, 'rsi_lo': 38, 'rsi_hi': 66, 'rsi_exit': 73, 'min_adx': 20, 'allowed_hours': [], 'risk_pct': 0.01, 'max_hold_bars': 144, 'use_trail': True, 'trail_ema': 21, 'tp_atr_mult': 2.5, 'stop_extra': 0.002}",5,0.0,-60.9182,0.0,-12.1836,0.2691,-31.7497,0.02,0.0253,2939.08,-1.5127728
APT-USDT,EMASTACK,"{'max_pb': 0.01, 'vol_thresh': 2.0, 'rsi_lo': 38, 'rsi_hi': 66, 'rsi_exit': 73, 'min_adx': 20, 'allowed_hours': [], 'risk_pct': 0.01, 'max_hold_bars': 144, 'use_trail': True, 'trail_ema': 21, 'tp_atr_mult': 2.5, 'stop_extra': 0.002}",5,0.0,-60.9182,0.0,-12.1836,0.2691,-31.7497,0.02,0.0253,2939.08,-1.5127728
APT-USDT,EMASTACK,"{'max_pb': 0.005, 'vol_thresh': 1.5, 'rsi_lo': 38, 'rsi_hi': 66, 'rsi_exit': 73, 'min_adx': 20, 'allowed_hours': [], 'risk_pct': 0.01, 'max_hold_bars': 144, 'use_trail': True, 'trail_ema': 21, 'tp_atr_mult': 2.5, 'stop_extra': 0.002}",5,0.0,-61.4197,0.0,-12.2839,0.2702,-32.1972,0.0139,0.0217,2938.58,-1.5158787999999999
LIT-USDT,EMASTACK,"{'max_pb': 0.005, 'vol_thresh': 1.2, 'rsi_lo': 50, 'rsi_hi': 78, 'rsi_exit': 85, 'min_adx': 15, 'allowed_hours': [], 'risk_pct': 0.01, 'max_hold_bars': 144, 'use_trail': True, 'trail_ema': 21, 'tp_atr_mult': 2.5, 'stop_extra': 0.002}",9,0.0,-62.697,0.0,-6.9663,0.2651,-21.0857,0.0242,0.0134,2937.3,-1.515888
LIT-USDT,EMASTACK,"{'max_pb': 0.005, 'vol_thresh': 1.2, 'rsi_lo': 45, 'rsi_hi': 73, 'rsi_exit': 80, 'min_adx': 15, 'allowed_hours': [], 'risk_pct': 0.01, 'max_hold_bars': 144, 'use_trail': True, 'trail_ema': 21, 'tp_atr_mult': 2.5, 'stop_extra': 0.002}",9,0.0,-62.697,0.0,-6.9663,0.2651,-21.0857,0.0242,0.0134,2937.3,-1.515888
DOT-USDT,HVOL,"{'min_adx': 25, 'vol_thresh': 1.3, 'max_ext': 0.03, 'adx_exit': 25, 'allowed_hours': [], 'risk_pct': 0.01, 'max_hold_bars': 120, 'use_trail': False, 'tp_atr_mult': 2.5}",21,0.1429,-102.6337,0.1133,-4.8873,0.276,-13.6276,0.009,0.0063,2897.37,-1.5165848
ETH-USDT,MTALIGN,"{'pb_thresh': 0.003, 'vol_thresh': 1.1, 'allowed_hours': [], 'tp_atr_mult': 2.5, 'risk_pct': 0.01, 'max_hold_bars': 96, 'use_trail': True, 'trail_ema': 21, 'stop_extra': 0.002}",27,0.0,-62.7801,0.0,-2.3252,0.2656,-75.7656,0.0007,0.0017,2937.22,-1.5167204
DOT-USDT,HVOL,"{'min_adx': 25, 'vol_thresh': 2.0, 'max_ext': 0.01, 'adx_exit': 15, 'allowed_hours': [], 'risk_pct': 0.01, 'max_hold_bars': 120, 'use_trail': False, 'tp_atr_mult': 2.5}",9,0.0,-63.8118,0.0,-7.0902,0.2631,-32.3877,0.0089,0.0063,2936.19,-1.5183472
LIT-USDT,HVOL,"{'min_adx': 30, 'vol_thresh': 2.0, 'max_ext': 0.02, 'adx_exit': 25, 'allowed_hours': [], 'risk_pct': 0.01, 'max_hold_bars': 120, 'use_trail': False, 'tp_atr_mult': 2.5}",11,0.2727,-176.2108,0.3246,-16.0192,0.305,-7.8205,0.049,0.0395,2823.79,-1.5229431999999998
DOT-USDT,HVOL,"{'min_adx': 25, 'vol_thresh': 1.3, 'max_ext': 0.03, 'adx_exit': 20, 'allowed_hours': [], 'risk_pct': 0.01, 'max_hold_bars': 120, 'use_trail': False, 'tp_atr_mult': 2.5}",21,0.1429,-103.4282,0.1123,-4.9252,0.2778,-13.2522,0.0093,0.0067,2896.57,-1.5230628
XLM-USDT,HVOL,"{'min_adx': 25, 'vol_thresh': 1.3, 'max_ext': 0.03, 'adx_exit': 25, 'allowed_hours': [], 'risk_pct': 0.01, 'max_hold_bars': 120, 'use_trail': False, 'tp_atr_mult': 2.5}",24,0.0833,-85.9902,0.0614,-3.5829,0.2717,-19.4412,0.0037,0.0037,2914.01,-1.5235608000000003
XLM-USDT,HVOL,"{'min_adx': 25, 'vol_thresh': 1.3, 'max_ext': 0.01, 'adx_exit': 25, 'allowed_hours': [], 'risk_pct': 0.01, 'max_hold_bars': 120, 'use_trail': False, 'tp_atr_mult': 2.5}",24,0.0833,-85.9902,0.0614,-3.5829,0.2717,-19.4412,0.0037,0.0037,2914.01,-1.5235608000000003
XLM-USDT,HVOL,"{'min_adx': 25, 'vol_thresh': 1.5, 'max_ext': 0.01, 'adx_exit': 25, 'allowed_hours': [], 'risk_pct': 0.01, 'max_hold_bars': 120, 'use_trail': False, 'tp_atr_mult': 2.5}",24,0.0833,-85.9902,0.0614,-3.5829,0.2717,-19.4412,0.0037,0.0037,2914.01,-1.5235608000000003
XLM-USDT,HVOL,"{'min_adx': 25, 'vol_thresh': 1.3, 'max_ext': 0.02, 'adx_exit': 25, 'allowed_hours': [], 'risk_pct': 0.01, 'max_hold_bars': 120, 'use_trail': False, 'tp_atr_mult': 2.5}",24,0.0833,-85.9902,0.0614,-3.5829,0.2717,-19.4412,0.0037,0.0037,2914.01,-1.5235608000000003
XLM-USDT,HVOL,"{'min_adx': 25, 'vol_thresh': 1.5, 'max_ext': 0.02, 'adx_exit': 25, 'allowed_hours': [], 'risk_pct': 0.01, 'max_hold_bars': 120, 'use_trail': False, 'tp_atr_mult': 2.5}",24,0.0833,-85.9902,0.0614,-3.5829,0.2717,-19.4412,0.0037,0.0037,2914.01,-1.5235608000000003
XLM-USDT,HVOL,"{'min_adx': 25, 'vol_thresh': 1.5, 'max_ext': 0.03, 'adx_exit': 25, 'allowed_hours': [], 'risk_pct': 0.01, 'max_hold_bars': 120, 'use_trail': False, 'tp_atr_mult': 2.5}",24,0.0833,-85.9902,0.0614,-3.5829,0.2717,-19.4412,0.0037,0.0037,2914.01,-1.5235608000000003
APT-USDT,RVOL,"{'vol_thresh': 2.0, 'min_roc': 1.0, 'max_rsi': 70, 'min_adx': 18, 'stop_atr_mult': 1.5, 'rsi_exit': 75, 'allowed_hours': [14, 15, 16, 17, 18, 19, 20, 21], 'risk_pct': 0.01, 'max_hold_bars': 72, 'use_trail': True, 'trail_pct': 0.02, 'tp_atr_mult': 3.0}",7,0.0,-63.9495,0.0,-9.1356,0.2678,-30.3037,0.01,0.021,2936.05,-1.523598
APT-USDT,RVOL,"{'vol_thresh': 2.0, 'min_roc': 1.5, 'max_rsi': 70, 'min_adx': 18, 'stop_atr_mult': 1.5, 'rsi_exit': 75, 'allowed_hours': [14, 15, 16, 17, 18, 19, 20, 21], 'risk_pct': 0.01, 'max_hold_bars': 72, 'use_trail': True, 'trail_pct': 0.02, 'tp_atr_mult': 3.0}",7,0.0,-63.9495,0.0,-9.1356,0.2678,-30.3037,0.01,0.021,2936.05,-1.523598
APT-USDT,RVOL,"{'vol_thresh': 2.0, 'min_roc': 1.5, 'max_rsi': 70, 'min_adx': 18, 'stop_atr_mult': 2.0, 'rsi_exit': 75, 'allowed_hours': [14, 15, 16, 17, 18, 19, 20, 21], 'risk_pct': 0.01, 'max_hold_bars': 72, 'use_trail': True, 'trail_pct': 0.02, 'tp_atr_mult': 3.0}",7,0.0,-63.9495,0.0,-9.1356,0.2678,-30.3037,0.01,0.021,2936.05,-1.523598
APT-USDT,RVOL,"{'vol_thresh': 2.0, 'min_roc': 1.0, 'max_rsi': 70, 'min_adx': 18, 'stop_atr_mult': 2.0, 'rsi_exit': 75, 'allowed_hours': [14, 15, 16, 17, 18, 19, 20, 21], 'risk_pct': 0.01, 'max_hold_bars': 72, 'use_trail': True, 'trail_pct': 0.02, 'tp_atr_mult': 3.0}",7,0.0,-63.9495,0.0,-9.1356,0.2678,-30.3037,0.01,0.021,2936.05,-1.523598
BTC-USDT,MTALIGN,"{'pb_thresh': 0.005, 'vol_thresh': 1.1, 'allowed_hours': [], 'tp_atr_mult': 2.5, 'risk_pct': 0.01, 'max_hold_bars': 96, 'use_trail': True, 'trail_ema': 21, 'stop_extra': 0.002}",28,0.0,-64.436,0.0,-2.3013,0.266,-59.5497,0.001,0.002,2935.56,-1.5237440000000002
BTC-USDT,MTALIGN,"{'pb_thresh': 0.008, 'vol_thresh': 1.1, 'allowed_hours': [], 'tp_atr_mult': 2.5, 'risk_pct': 0.01, 'max_hold_bars': 96, 'use_trail': True, 'trail_ema': 21, 'stop_extra': 0.002}",28,0.0,-64.436,0.0,-2.3013,0.266,-59.5497,0.001,0.002,2935.56,-1.5237440000000002
DOT-USDT,HVOL,"{'min_adx': 30, 'vol_thresh': 2.0, 'max_ext': 0.01, 'adx_exit': 15, 'allowed_hours': [], 'risk_pct': 0.01, 'max_hold_bars': 120, 'use_trail': False, 'tp_atr_mult': 2.5}",8,0.0,-65.3265,0.0,-8.1658,0.2634,-30.8235,0.008,0.0075,2934.67,-1.5247059999999997
APT-USDT,EMASTACK,"{'max_pb': 0.015, 'vol_thresh': 2.0, 'rsi_lo': 45, 'rsi_hi': 73, 'rsi_exit': 80, 'min_adx': 20, 'allowed_hours': [], 'risk_pct': 0.01, 'max_hold_bars': 144, 'use_trail': True, 'trail_ema': 21, 'tp_atr_mult': 2.5, 'stop_extra': 0.002}",6,0.0,-64.0737,0.0,-10.6789,0.2694,-26.0822,0.0244,0.0259,2935.93,-1.5256948000000001
APT-USDT,EMASTACK,"{'max_pb': 0.01, 'vol_thresh': 2.0, 'rsi_lo': 45, 'rsi_hi': 73, 'rsi_exit': 80, 'min_adx': 20, 'allowed_hours': [], 'risk_pct': 0.01, 'max_hold_bars': 144, 'use_trail': True, 'trail_ema': 21, 'tp_atr_mult': 2.5, 'stop_extra': 0.002}",6,0.0,-64.0737,0.0,-10.6789,0.2694,-26.0822,0.0244,0.0259,2935.93,-1.5256948000000001
APT-USDT,EMASTACK,"{'max_pb': 0.01, 'vol_thresh': 2.0, 'rsi_lo': 50, 'rsi_hi': 78, 'rsi_exit': 85, 'min_adx': 20, 'allowed_hours': [], 'risk_pct': 0.01, 'max_hold_bars': 144, 'use_trail': True, 'trail_ema': 21, 'tp_atr_mult': 2.5, 'stop_extra': 0.002}",6,0.0,-64.0737,0.0,-10.6789,0.2694,-26.0822,0.0244,0.0259,2935.93,-1.5256948000000001
APT-USDT,EMASTACK,"{'max_pb': 0.015, 'vol_thresh': 2.0, 'rsi_lo': 50, 'rsi_hi': 78, 'rsi_exit': 85, 'min_adx': 20, 'allowed_hours': [], 'risk_pct': 0.01, 'max_hold_bars': 144, 'use_trail': True, 'trail_ema': 21, 'tp_atr_mult': 2.5, 'stop_extra': 0.002}",6,0.0,-64.0737,0.0,-10.6789,0.2694,-26.0822,0.0244,0.0259,2935.93,-1.5256948000000001
FIL-USDT,HVOL,"{'min_adx': 25, 'vol_thresh': 1.5, 'max_ext': 0.02, 'adx_exit': 15, 'allowed_hours': [], 'risk_pct': 0.01, 'max_hold_bars': 120, 'use_trail': False, 'tp_atr_mult': 2.5}",21,0.0952,-115.2693,0.142,-5.489,0.2789,-8.5965,0.011,0.0064,2884.73,-1.5269772
FIL-USDT,HVOL,"{'min_adx': 25, 'vol_thresh': 1.5, 'max_ext': 0.01, 'adx_exit': 15, 'allowed_hours': [], 'risk_pct': 0.01, 'max_hold_bars': 120, 'use_trail': False, 'tp_atr_mult': 2.5}",21,0.0952,-115.2693,0.142,-5.489,0.2789,-8.5965,0.011,0.0064,2884.73,-1.5269772
FIL-USDT,HVOL,"{'min_adx': 25, 'vol_thresh': 1.5, 'max_ext': 0.03, 'adx_exit': 15, 'allowed_hours': [], 'risk_pct': 0.01, 'max_hold_bars': 120, 'use_trail': False, 'tp_atr_mult': 2.5}",21,0.0952,-115.2693,0.142,-5.489,0.2789,-8.5965,0.011,0.0064,2884.73,-1.5269772
APT-USDT,EMASTACK,"{'max_pb': 0.005, 'vol_thresh': 1.5, 'rsi_lo': 45, 'rsi_hi': 73, 'rsi_exit': 80, 'min_adx': 20, 'allowed_hours': [], 'risk_pct': 0.01, 'max_hold_bars': 144, 'use_trail': True, 'trail_ema': 21, 'tp_atr_mult': 2.5, 'stop_extra': 0.002}",6,0.0,-64.5746,0.0,-10.7624,0.2702,-26.318,0.0193,0.0229,2935.43,-1.5284984000000001
APT-USDT,EMASTACK,"{'max_pb': 0.005, 'vol_thresh': 1.5, 'rsi_lo': 50, 'rsi_hi': 78, 'rsi_exit': 85, 'min_adx': 20, 'allowed_hours': [], 'risk_pct': 0.01, 'max_hold_bars': 144, 'use_trail': True, 'trail_ema': 21, 'tp_atr_mult': 2.5, 'stop_extra': 0.002}",6,0.0,-64.5746,0.0,-10.7624,0.2702,-26.318,0.0193,0.0229,2935.43,-1.5284984000000001
XLM-USDT,HVOL,"{'min_adx': 20, 'vol_thresh': 1.5, 'max_ext': 0.01, 'adx_exit': 15, 'allowed_hours': [], 'risk_pct': 0.01, 'max_hold_bars': 120, 'use_trail': False, 'tp_atr_mult': 2.5}",28,0.1071,-94.2611,0.0808,-3.3665,0.2738,-16.6959,0.0041,0.0038,2905.74,-1.5296444
XLM-USDT,HVOL,"{'min_adx': 20, 'vol_thresh': 1.3, 'max_ext': 0.03, 'adx_exit': 15, 'allowed_hours': [], 'risk_pct': 0.01, 'max_hold_bars': 120, 'use_trail': False, 'tp_atr_mult': 2.5}",28,0.1071,-94.2611,0.0808,-3.3665,0.2738,-16.6959,0.0041,0.0038,2905.74,-1.5296444
XLM-USDT,HVOL,"{'min_adx': 20, 'vol_thresh': 1.5, 'max_ext': 0.03, 'adx_exit': 15, 'allowed_hours': [], 'risk_pct': 0.01, 'max_hold_bars': 120, 'use_trail': False, 'tp_atr_mult': 2.5}",28,0.1071,-94.2611,0.0808,-3.3665,0.2738,-16.6959,0.0041,0.0038,2905.74,-1.5296444
XLM-USDT,HVOL,"{'min_adx': 20, 'vol_thresh': 1.3, 'max_ext': 0.01, 'adx_exit': 15, 'allowed_hours': [], 'risk_pct': 0.01, 'max_hold_bars': 120, 'use_trail': False, 'tp_atr_mult': 2.5}",28,0.1071,-94.2611,0.0808,-3.3665,0.2738,-16.6959,0.0041,0.0038,2905.74,-1.5296444
XLM-USDT,HVOL,"{'min_adx': 20, 'vol_thresh': 1.3, 'max_ext': 0.02, 'adx_exit': 15, 'allowed_hours': [], 'risk_pct': 0.01, 'max_hold_bars': 120, 'use_trail': False, 'tp_atr_mult': 2.5}",28,0.1071,-94.2611,0.0808,-3.3665,0.2738,-16.6959,0.0041,0.0038,2905.74,-1.5296444
XLM-USDT,HVOL,"{'min_adx': 20, 'vol_thresh': 1.5, 'max_ext': 0.02, 'adx_exit': 15, 'allowed_hours': [], 'risk_pct': 0.01, 'max_hold_bars': 120, 'use_trail': False, 'tp_atr_mult': 2.5}",28,0.1071,-94.2611,0.0808,-3.3665,0.2738,-16.6959,0.0041,0.0038,2905.74,-1.5296444
BTC-USDT,MTALIGN,"{'pb_thresh': 0.003, 'vol_thresh': 1.1, 'allowed_hours': [], 'tp_atr_mult': 2.5, 'risk_pct': 0.01, 'max_hold_bars': 96, 'use_trail': True, 'trail_ema': 21, 'stop_extra': 0.002}",28,0.0,-66.393,0.0,-2.3712,0.2665,-70.278,0.0009,0.002,2933.61,-1.5320719999999999
ETH-USDT,HVOL,"{'min_adx': 20, 'vol_thresh': 1.5, 'max_ext': 0.03, 'adx_exit': 25, 'allowed_hours': [], 'risk_pct': 0.01, 'max_hold_bars': 120, 'use_trail': False, 'tp_atr_mult': 2.5}",33,0.0909,-86.025,0.0535,-2.6068,0.2713,-25.7634,0.0015,0.0024,2913.97,-1.5351500000000002
ETH-USDT,HVOL,"{'min_adx': 20, 'vol_thresh': 1.5, 'max_ext': 0.01, 'adx_exit': 25, 'allowed_hours': [], 'risk_pct': 0.01, 'max_hold_bars': 120, 'use_trail': False, 'tp_atr_mult': 2.5}",33,0.0909,-86.025,0.0535,-2.6068,0.2713,-25.7634,0.0015,0.0024,2913.97,-1.5351500000000002
ETH-USDT,HVOL,"{'min_adx': 20, 'vol_thresh': 1.5, 'max_ext': 0.02, 'adx_exit': 25, 'allowed_hours': [], 'risk_pct': 0.01, 'max_hold_bars': 120, 'use_trail': False, 'tp_atr_mult': 2.5}",33,0.0909,-86.025,0.0535,-2.6068,0.2713,-25.7634,0.0015,0.0024,2913.97,-1.5351500000000002
ETH-USDT,MTALIGN,"{'pb_thresh': 0.005, 'vol_thresh': 1.1, 'allowed_hours': [], 'tp_atr_mult': 2.5, 'risk_pct': 0.01, 'max_hold_bars': 96, 'use_trail': True, 'trail_ema': 21, 'stop_extra': 0.002}",28,0.0,-67.1228,0.0,-2.3972,0.2667,-62.3157,0.0007,0.0018,2932.88,-1.5351912
ETH-USDT,MTALIGN,"{'pb_thresh': 0.008, 'vol_thresh': 1.1, 'allowed_hours': [], 'tp_atr_mult': 2.5, 'risk_pct': 0.01, 'max_hold_bars': 96, 'use_trail': True, 'trail_ema': 21, 'stop_extra': 0.002}",28,0.0,-67.1228,0.0,-2.3972,0.2667,-62.3157,0.0007,0.0018,2932.88,-1.5351912
APT-USDT,EMASTACK,"{'max_pb': 0.005, 'vol_thresh': 1.2, 'rsi_lo': 38, 'rsi_hi': 66, 'rsi_exit': 73, 'min_adx': 20, 'allowed_hours': [], 'risk_pct': 0.01, 'max_hold_bars': 144, 'use_trail': True, 'trail_ema': 21, 'tp_atr_mult': 2.5, 'stop_extra': 0.002}",6,0.0,-66.9225,0.0,-11.1538,0.2702,-29.1267,0.0131,0.0199,2933.08,-1.53789
ONDO-USDT,HVOL,"{'min_adx': 30, 'vol_thresh': 1.5, 'max_ext': 0.01, 'adx_exit': 15, 'allowed_hours': [], 'risk_pct': 0.01, 'max_hold_bars': 120, 'use_trail': False, 'tp_atr_mult': 2.5}",22,0.0909,-113.967,0.1309,-5.1803,0.2788,-13.7402,0.006,0.008,2886.03,-1.5383179999999999
ETH-USDT,HVOL,"{'min_adx': 20, 'vol_thresh': 1.5, 'max_ext': 0.03, 'adx_exit': 20, 'allowed_hours': [], 'risk_pct': 0.01, 'max_hold_bars': 120, 'use_trail': False, 'tp_atr_mult': 2.5}",33,0.0909,-86.6631,0.0531,-2.6262,0.2715,-26.3139,0.0015,0.0026,2913.34,-1.5385024
ETH-USDT,HVOL,"{'min_adx': 20, 'vol_thresh': 1.5, 'max_ext': 0.02, 'adx_exit': 20, 'allowed_hours': [], 'risk_pct': 0.01, 'max_hold_bars': 120, 'use_trail': False, 'tp_atr_mult': 2.5}",33,0.0909,-86.6631,0.0531,-2.6262,0.2715,-26.3139,0.0015,0.0026,2913.34,-1.5385024
ETH-USDT,HVOL,"{'min_adx': 20, 'vol_thresh': 1.5, 'max_ext': 0.01, 'adx_exit': 20, 'allowed_hours': [], 'risk_pct': 0.01, 'max_hold_bars': 120, 'use_trail': False, 'tp_atr_mult': 2.5}",33,0.0909,-86.6631,0.0531,-2.6262,0.2715,-26.3139,0.0015,0.0026,2913.34,-1.5385024
HYPE-USDT,HVOL,"{'min_adx': 25, 'vol_thresh': 1.3, 'max_ext': 0.03, 'adx_exit': 25, 'allowed_hours': [], 'risk_pct': 0.01, 'max_hold_bars': 120, 'use_trail': False, 'tp_atr_mult': 2.5}",27,0.1111,-90.8221,0.0641,-3.3638,0.2727,-21.1256,0.0029,0.0043,2909.18,-1.5398383999999998
HYPE-USDT,HVOL,"{'min_adx': 25, 'vol_thresh': 1.3, 'max_ext': 0.02, 'adx_exit': 25, 'allowed_hours': [], 'risk_pct': 0.01, 'max_hold_bars': 120, 'use_trail': False, 'tp_atr_mult': 2.5}",27,0.1111,-90.8221,0.0641,-3.3638,0.2727,-21.1256,0.0029,0.0043,2909.18,-1.5398383999999998
HYPE-USDT,HVOL,"{'min_adx': 25, 'vol_thresh': 1.3, 'max_ext': 0.01, 'adx_exit': 25, 'allowed_hours': [], 'risk_pct': 0.01, 'max_hold_bars': 120, 'use_trail': False, 'tp_atr_mult': 2.5}",27,0.1111,-90.8221,0.0641,-3.3638,0.2727,-21.1256,0.0029,0.0043,2909.18,-1.5398383999999998
LIT-USDT,HVOL,"{'min_adx': 30, 'vol_thresh': 2.0, 'max_ext': 0.03, 'adx_exit': 15, 'allowed_hours': [], 'risk_pct': 0.01, 'max_hold_bars': 120, 'use_trail': False, 'tp_atr_mult': 2.5}",12,0.25,-224.2775,0.4446,-18.6898,0.3436,-4.923,0.0559,0.0509,2775.72,-1.5430100000000002
APT-USDT,EMASTACK,"{'max_pb': 0.015, 'vol_thresh': 1.2, 'rsi_lo': 38, 'rsi_hi': 66, 'rsi_exit': 73, 'min_adx': 15, 'allowed_hours': [], 'risk_pct': 0.01, 'max_hold_bars': 144, 'use_trail': True, 'trail_ema': 21, 'tp_atr_mult': 2.5, 'stop_extra': 0.002}",14,0.0714,-114.0628,0.1299,-8.1473,0.2829,-14.3874,0.0134,0.0185,2885.94,-1.5443011999999996
ONDO-USDT,HVOL,"{'min_adx': 25, 'vol_thresh': 2.0, 'max_ext': 0.01, 'adx_exit': 25, 'allowed_hours': [], 'risk_pct': 0.01, 'max_hold_bars': 120, 'use_trail': False, 'tp_atr_mult': 2.5}",19,0.0526,-101.0039,0.0882,-5.316,0.2755,-16.373,0.0054,0.0082,2899.0,-1.5472156
ETH-USDT,HVOL,"{'min_adx': 20, 'vol_thresh': 1.5, 'max_ext': 0.01, 'adx_exit': 15, 'allowed_hours': [], 'risk_pct': 0.01, 'max_hold_bars': 120, 'use_trail': False, 'tp_atr_mult': 2.5}",33,0.0909,-88.3809,0.0521,-2.6782,0.2719,-25.4216,0.0015,0.0026,2911.62,-1.5472736
ETH-USDT,HVOL,"{'min_adx': 20, 'vol_thresh': 1.5, 'max_ext': 0.02, 'adx_exit': 15, 'allowed_hours': [], 'risk_pct': 0.01, 'max_hold_bars': 120, 'use_trail': False, 'tp_atr_mult': 2.5}",33,0.0909,-88.3809,0.0521,-2.6782,0.2719,-25.4216,0.0015,0.0026,2911.62,-1.5472736
ETH-USDT,HVOL,"{'min_adx': 20, 'vol_thresh': 1.5, 'max_ext': 0.03, 'adx_exit': 15, 'allowed_hours': [], 'risk_pct': 0.01, 'max_hold_bars': 120, 'use_trail': False, 'tp_atr_mult': 2.5}",33,0.0909,-88.3809,0.0521,-2.6782,0.2719,-25.4216,0.0015,0.0026,2911.62,-1.5472736
XLM-USDT,HVOL,"{'min_adx': 25, 'vol_thresh': 1.5, 'max_ext': 0.01, 'adx_exit': 20, 'allowed_hours': [], 'risk_pct': 0.01, 'max_hold_bars': 120, 'use_trail': False, 'tp_atr_mult': 2.5}",24,0.0833,-90.8091,0.0583,-3.7837,0.2729,-20.1383,0.0037,0.0039,2909.19,-1.5486863999999998
XLM-USDT,HVOL,"{'min_adx': 25, 'vol_thresh': 1.5, 'max_ext': 0.02, 'adx_exit': 15, 'allowed_hours': [], 'risk_pct': 0.01, 'max_hold_bars': 120, 'use_trail': False, 'tp_atr_mult': 2.5}",24,0.0833,-90.8091,0.0583,-3.7837,0.2729,-20.1383,0.0037,0.0039,2909.19,-1.5486863999999998
XLM-USDT,HVOL,"{'min_adx': 25, 'vol_thresh': 1.3, 'max_ext': 0.01, 'adx_exit': 15, 'allowed_hours': [], 'risk_pct': 0.01, 'max_hold_bars': 120, 'use_trail': False, 'tp_atr_mult': 2.5}",24,0.0833,-90.8091,0.0583,-3.7837,0.2729,-20.1383,0.0037,0.0039,2909.19,-1.5486863999999998
XLM-USDT,HVOL,"{'min_adx': 25, 'vol_thresh': 1.3, 'max_ext': 0.02, 'adx_exit': 20, 'allowed_hours': [], 'risk_pct': 0.01, 'max_hold_bars': 120, 'use_trail': False, 'tp_atr_mult': 2.5}",24,0.0833,-90.8091,0.0583,-3.7837,0.2729,-20.1383,0.0037,0.0039,2909.19,-1.5486863999999998
XLM-USDT,HVOL,"{'min_adx': 25, 'vol_thresh': 1.3, 'max_ext': 0.03, 'adx_exit': 15, 'allowed_hours': [], 'risk_pct': 0.01, 'max_hold_bars': 120, 'use_trail': False, 'tp_atr_mult': 2.5}",24,0.0833,-90.8091,0.0583,-3.7837,0.2729,-20.1383,0.0037,0.0039,2909.19,-1.5486863999999998
XLM-USDT,HVOL,"{'min_adx': 25, 'vol_thresh': 1.3, 'max_ext': 0.01, 'adx_exit': 20, 'allowed_hours': [], 'risk_pct': 0.01, 'max_hold_bars': 120, 'use_trail': False, 'tp_atr_mult': 2.5}",24,0.0833,-90.8091,0.0583,-3.7837,0.2729,-20.1383,0.0037,0.0039,2909.19,-1.5486863999999998
XLM-USDT,HVOL,"{'min_adx': 25, 'vol_thresh': 1.3, 'max_ext': 0.02, 'adx_exit': 15, 'allowed_hours': [], 'risk_pct': 0.01, 'max_hold_bars': 120, 'use_trail': False, 'tp_atr_mult': 2.5}",24,0.0833,-90.8091,0.0583,-3.7837,0.2729,-20.1383,0.0037,0.0039,2909.19,-1.5486863999999998
XLM-USDT,HVOL,"{'min_adx': 25, 'vol_thresh': 1.3, 'max_ext': 0.03, 'adx_exit': 20, 'allowed_hours': [], 'risk_pct': 0.01, 'max_hold_bars': 120, 'use_trail': False, 'tp_atr_mult': 2.5}",24,0.0833,-90.8091,0.0583,-3.7837,0.2729,-20.1383,0.0037,0.0039,2909.19,-1.5486863999999998
XLM-USDT,HVOL,"{'min_adx': 25, 'vol_thresh': 1.5, 'max_ext': 0.01, 'adx_exit': 15, 'allowed_hours': [], 'risk_pct': 0.01, 'max_hold_bars': 120, 'use_trail': False, 'tp_atr_mult': 2.5}",24,0.0833,-90.8091,0.0583,-3.7837,0.2729,-20.1383,0.0037,0.0039,2909.19,-1.5486863999999998
XLM-USDT,HVOL,"{'min_adx': 25, 'vol_thresh': 1.5, 'max_ext': 0.02, 'adx_exit': 20, 'allowed_hours': [], 'risk_pct': 0.01, 'max_hold_bars': 120, 'use_trail': False, 'tp_atr_mult': 2.5}",24,0.0833,-90.8091,0.0583,-3.7837,0.2729,-20.1383,0.0037,0.0039,2909.19,-1.5486863999999998
XLM-USDT,HVOL,"{'min_adx': 25, 'vol_thresh': 1.5, 'max_ext': 0.03, 'adx_exit': 15, 'allowed_hours': [], 'risk_pct': 0.01, 'max_hold_bars': 120, 'use_trail': False, 'tp_atr_mult': 2.5}",24,0.0833,-90.8091,0.0583,-3.7837,0.2729,-20.1383,0.0037,0.0039,2909.19,-1.5486863999999998
XLM-USDT,HVOL,"{'min_adx': 25, 'vol_thresh': 1.5, 'max_ext': 0.03, 'adx_exit': 20, 'allowed_hours': [], 'risk_pct': 0.01, 'max_hold_bars': 120, 'use_trail': False, 'tp_atr_mult': 2.5}",24,0.0833,-90.8091,0.0583,-3.7837,0.2729,-20.1383,0.0037,0.0039,2909.19,-1.5486863999999998
APT-USDT,EMASTACK,"{'max_pb': 0.01, 'vol_thresh': 1.5, 'rsi_lo': 38, 'rsi_hi': 66, 'rsi_exit': 73, 'min_adx': 25, 'allowed_hours': [], 'risk_pct': 0.01, 'max_hold_bars': 144, 'use_trail': True, 'trail_ema': 21, 'tp_atr_mult': 2.5, 'stop_extra': 0.002}",5,0.0,-69.6286,0.0,-13.9257,0.2713,-67.6766,0.009,0.0263,2930.37,-1.5498144000000003
APT-USDT,EMASTACK,"{'max_pb': 0.015, 'vol_thresh': 1.2, 'rsi_lo': 38, 'rsi_hi': 66, 'rsi_exit': 73, 'min_adx': 25, 'allowed_hours': [], 'risk_pct': 0.01, 'max_hold_bars': 144, 'use_trail': True, 'trail_ema': 21, 'tp_atr_mult': 2.5, 'stop_extra': 0.002}",5,0.0,-69.6286,0.0,-13.9257,0.2713,-67.6766,0.009,0.0263,2930.37,-1.5498144000000003
APT-USDT,EMASTACK,"{'max_pb': 0.01, 'vol_thresh': 1.2, 'rsi_lo': 38, 'rsi_hi': 66, 'rsi_exit': 73, 'min_adx': 25, 'allowed_hours': [], 'risk_pct': 0.01, 'max_hold_bars': 144, 'use_trail': True, 'trail_ema': 21, 'tp_atr_mult': 2.5, 'stop_extra': 0.002}",5,0.0,-69.6286,0.0,-13.9257,0.2713,-67.6766,0.009,0.0263,2930.37,-1.5498144000000003
APT-USDT,EMASTACK,"{'max_pb': 0.015, 'vol_thresh': 1.5, 'rsi_lo': 38, 'rsi_hi': 66, 'rsi_exit': 73, 'min_adx': 25, 'allowed_hours': [], 'risk_pct': 0.01, 'max_hold_bars': 144, 'use_trail': True, 'trail_ema': 21, 'tp_atr_mult': 2.5, 'stop_extra': 0.002}",5,0.0,-69.6286,0.0,-13.9257,0.2713,-67.6766,0.009,0.0263,2930.37,-1.5498144000000003
ETH-USDT,HVOL,"{'min_adx': 20, 'vol_thresh': 1.3, 'max_ext': 0.01, 'adx_exit': 25, 'allowed_hours': [], 'risk_pct': 0.01, 'max_hold_bars': 120, 'use_trail': False, 'tp_atr_mult': 2.5}",35,0.0857,-88.9117,0.0518,-2.5403,0.2721,-25.6997,0.0015,0.0023,2911.09,-1.5500468
ETH-USDT,HVOL,"{'min_adx': 20, 'vol_thresh': 1.3, 'max_ext': 0.03, 'adx_exit': 25, 'allowed_hours': [], 'risk_pct': 0.01, 'max_hold_bars': 120, 'use_trail': False, 'tp_atr_mult': 2.5}",35,0.0857,-88.9117,0.0518,-2.5403,0.2721,-25.6997,0.0015,0.0023,2911.09,-1.5500468
ETH-USDT,HVOL,"{'min_adx': 20, 'vol_thresh': 1.3, 'max_ext': 0.02, 'adx_exit': 25, 'allowed_hours': [], 'risk_pct': 0.01, 'max_hold_bars': 120, 'use_trail': False, 'tp_atr_mult': 2.5}",35,0.0857,-88.9117,0.0518,-2.5403,0.2721,-25.6997,0.0015,0.0023,2911.09,-1.5500468
APT-USDT,EMASTACK,"{'max_pb': 0.005, 'vol_thresh': 1.2, 'rsi_lo': 45, 'rsi_hi': 73, 'rsi_exit': 80, 'min_adx': 20, 'allowed_hours': [], 'risk_pct': 0.01, 'max_hold_bars': 144, 'use_trail': True, 'trail_ema': 21, 'tp_atr_mult': 2.5, 'stop_extra': 0.002}",7,0.0,-70.0716,0.0,-10.0102,0.2702,-25.2786,0.0178,0.0212,2929.93,-1.5504864
APT-USDT,EMASTACK,"{'max_pb': 0.005, 'vol_thresh': 1.2, 'rsi_lo': 50, 'rsi_hi': 78, 'rsi_exit': 85, 'min_adx': 20, 'allowed_hours': [], 'risk_pct': 0.01, 'max_hold_bars': 144, 'use_trail': True, 'trail_ema': 21, 'tp_atr_mult': 2.5, 'stop_extra': 0.002}",7,0.0,-70.0716,0.0,-10.0102,0.2702,-25.2786,0.0178,0.0212,2929.93,-1.5504864
ETH-USDT,HVOL,"{'min_adx': 20, 'vol_thresh': 1.3, 'max_ext': 0.03, 'adx_exit': 20, 'allowed_hours': [], 'risk_pct': 0.01, 'max_hold_bars': 120, 'use_trail': False, 'tp_atr_mult': 2.5}",35,0.0857,-89.5491,0.0514,-2.5585,0.2722,-26.2246,0.0015,0.0025,2910.45,-1.5532963999999998
ETH-USDT,HVOL,"{'min_adx': 20, 'vol_thresh': 1.3, 'max_ext': 0.01, 'adx_exit': 20, 'allowed_hours': [], 'risk_pct': 0.01, 'max_hold_bars': 120, 'use_trail': False, 'tp_atr_mult': 2.5}",35,0.0857,-89.5491,0.0514,-2.5585,0.2722,-26.2246,0.0015,0.0025,2910.45,-1.5532963999999998
ETH-USDT,HVOL,"{'min_adx': 20, 'vol_thresh': 1.3, 'max_ext': 0.02, 'adx_exit': 20, 'allowed_hours': [], 'risk_pct': 0.01, 'max_hold_bars': 120, 'use_trail': False, 'tp_atr_mult': 2.5}",35,0.0857,-89.5491,0.0514,-2.5585,0.2722,-26.2246,0.0015,0.0025,2910.45,-1.5532963999999998
ONDO-USDT,HVOL,"{'min_adx': 25, 'vol_thresh': 1.5, 'max_ext': 0.01, 'adx_exit': 15, 'allowed_hours': [], 'risk_pct': 0.01, 'max_hold_bars': 120, 'use_trail': False, 'tp_atr_mult': 2.5}",27,0.1111,-124.6183,0.1501,-4.6155,0.2814,-12.6289,0.0062,0.0078,2875.38,-1.5547232000000002
DOT-USDT,HVOL,"{'min_adx': 25, 'vol_thresh': 2.0, 'max_ext': 0.02, 'adx_exit': 25, 'allowed_hours': [], 'risk_pct': 0.01, 'max_hold_bars': 120, 'use_trail': False, 'tp_atr_mult': 2.5}",11,0.0,-73.1706,0.0,-6.6519,0.2664,-30.2472,0.0092,0.0071,2926.83,-1.5590823999999999
ETH-USDT,HVOL,"{'min_adx': 20, 'vol_thresh': 1.3, 'max_ext': 0.01, 'adx_exit': 15, 'allowed_hours': [], 'risk_pct': 0.01, 'max_hold_bars': 120, 'use_trail': False, 'tp_atr_mult': 2.5}",35,0.0857,-91.2653,0.0505,-2.6076,0.2726,-25.3051,0.0015,0.0025,2908.73,-1.5619112
ETH-USDT,HVOL,"{'min_adx': 20, 'vol_thresh': 1.3, 'max_ext': 0.02, 'adx_exit': 15, 'allowed_hours': [], 'risk_pct': 0.01, 'max_hold_bars': 120, 'use_trail': False, 'tp_atr_mult': 2.5}",35,0.0857,-91.2653,0.0505,-2.6076,0.2726,-25.3051,0.0015,0.0025,2908.73,-1.5619112
ETH-USDT,HVOL,"{'min_adx': 20, 'vol_thresh': 1.3, 'max_ext': 0.03, 'adx_exit': 15, 'allowed_hours': [], 'risk_pct': 0.01, 'max_hold_bars': 120, 'use_trail': False, 'tp_atr_mult': 2.5}",35,0.0857,-91.2653,0.0505,-2.6076,0.2726,-25.3051,0.0015,0.0025,2908.73,-1.5619112
ONDO-USDT,HVOL,"{'min_adx': 25, 'vol_thresh': 1.5, 'max_ext': 0.01, 'adx_exit': 25, 'allowed_hours': [], 'risk_pct': 0.01, 'max_hold_bars': 120, 'use_trail': False, 'tp_atr_mult': 2.5}",28,0.0714,-118.1541,0.1267,-4.2198,0.2798,-13.8717,0.0059,0.0069,2881.85,-1.5623663999999997
APT-USDT,EMASTACK,"{'max_pb': 0.01, 'vol_thresh': 1.2, 'rsi_lo': 50, 'rsi_hi': 78, 'rsi_exit': 85, 'min_adx': 25, 'allowed_hours': [], 'risk_pct': 0.01, 'max_hold_bars': 144, 'use_trail': True, 'trail_ema': 21, 'tp_atr_mult': 2.5, 'stop_extra': 0.002}",6,0.0,-72.7747,0.0,-12.1291,0.2716,-38.4854,0.0152,0.0267,2927.23,-1.5626988
APT-USDT,EMASTACK,"{'max_pb': 0.015, 'vol_thresh': 1.5, 'rsi_lo': 50, 'rsi_hi': 78, 'rsi_exit': 85, 'min_adx': 25, 'allowed_hours': [], 'risk_pct': 0.01, 'max_hold_bars': 144, 'use_trail': True, 'trail_ema': 21, 'tp_atr_mult': 2.5, 'stop_extra': 0.002}",6,0.0,-72.7747,0.0,-12.1291,0.2716,-38.4854,0.0152,0.0267,2927.23,-1.5626988
APT-USDT,EMASTACK,"{'max_pb': 0.015, 'vol_thresh': 1.2, 'rsi_lo': 50, 'rsi_hi': 78, 'rsi_exit': 85, 'min_adx': 25, 'allowed_hours': [], 'risk_pct': 0.01, 'max_hold_bars': 144, 'use_trail': True, 'trail_ema': 21, 'tp_atr_mult': 2.5, 'stop_extra': 0.002}",6,0.0,-72.7747,0.0,-12.1291,0.2716,-38.4854,0.0152,0.0267,2927.23,-1.5626988
APT-USDT,EMASTACK,"{'max_pb': 0.01, 'vol_thresh': 1.2, 'rsi_lo': 45, 'rsi_hi': 73, 'rsi_exit': 80, 'min_adx': 25, 'allowed_hours': [], 'risk_pct': 0.01, 'max_hold_bars': 144, 'use_trail': True, 'trail_ema': 21, 'tp_atr_mult': 2.5, 'stop_extra': 0.002}",6,0.0,-72.7747,0.0,-12.1291,0.2716,-38.4854,0.0152,0.0267,2927.23,-1.5626988
APT-USDT,EMASTACK,"{'max_pb': 0.015, 'vol_thresh': 1.2, 'rsi_lo': 45, 'rsi_hi': 73, 'rsi_exit': 80, 'min_adx': 25, 'allowed_hours': [], 'risk_pct': 0.01, 'max_hold_bars': 144, 'use_trail': True, 'trail_ema': 21, 'tp_atr_mult': 2.5, 'stop_extra': 0.002}",6,0.0,-72.7747,0.0,-12.1291,0.2716,-38.4854,0.0152,0.0267,2927.23,-1.5626988
APT-USDT,EMASTACK,"{'max_pb': 0.01, 'vol_thresh': 1.5, 'rsi_lo': 45, 'rsi_hi': 73, 'rsi_exit': 80, 'min_adx': 25, 'allowed_hours': [], 'risk_pct': 0.01, 'max_hold_bars': 144, 'use_trail': True, 'trail_ema': 21, 'tp_atr_mult': 2.5, 'stop_extra': 0.002}",6,0.0,-72.7747,0.0,-12.1291,0.2716,-38.4854,0.0152,0.0267,2927.23,-1.5626988
APT-USDT,EMASTACK,"{'max_pb': 0.01, 'vol_thresh': 1.5, 'rsi_lo': 50, 'rsi_hi': 78, 'rsi_exit': 85, 'min_adx': 25, 'allowed_hours': [], 'risk_pct': 0.01, 'max_hold_bars': 144, 'use_trail': True, 'trail_ema': 21, 'tp_atr_mult': 2.5, 'stop_extra': 0.002}",6,0.0,-72.7747,0.0,-12.1291,0.2716,-38.4854,0.0152,0.0267,2927.23,-1.5626988
APT-USDT,EMASTACK,"{'max_pb': 0.015, 'vol_thresh': 1.5, 'rsi_lo': 45, 'rsi_hi': 73, 'rsi_exit': 80, 'min_adx': 25, 'allowed_hours': [], 'risk_pct': 0.01, 'max_hold_bars': 144, 'use_trail': True, 'trail_ema': 21, 'tp_atr_mult': 2.5, 'stop_extra': 0.002}",6,0.0,-72.7747,0.0,-12.1291,0.2716,-38.4854,0.0152,0.0267,2927.23,-1.5626988
HYPE-USDT,MTALIGN,"{'pb_thresh': 0.005, 'vol_thresh': 1.1, 'allowed_hours': [], 'tp_atr_mult': 2.5, 'risk_pct': 0.01, 'max_hold_bars': 96, 'use_trail': True, 'trail_ema': 21, 'stop_extra': 0.002}",29,0.069,-80.161,0.0178,-2.7642,0.2702,-32.2706,0.002,0.0032,2919.84,-1.5641440000000002
DOT-USDT,HVOL,"{'min_adx': 30, 'vol_thresh': 2.0, 'max_ext': 0.02, 'adx_exit': 25, 'allowed_hours': [], 'risk_pct': 0.01, 'max_hold_bars': 120, 'use_trail': False, 'tp_atr_mult': 2.5}",10,0.0,-74.6913,0.0,-7.4691,0.2668,-30.1223,0.0085,0.0082,2925.31,-1.5655652
DOT-USDT,HVOL,"{'min_adx': 25, 'vol_thresh': 2.0, 'max_ext': 0.02, 'adx_exit': 20, 'allowed_hours': [], 'risk_pct': 0.01, 'max_hold_bars': 120, 'use_trail': False, 'tp_atr_mult': 2.5}",11,0.0,-75.2097,0.0,-6.8372,0.2669,-28.5219,0.0092,0.0073,2924.79,-1.5677388000000003
DOT-USDT,HVOL,"{'min_adx': 30, 'vol_thresh': 2.0, 'max_ext': 0.02, 'adx_exit': 20, 'allowed_hours': [], 'risk_pct': 0.01, 'max_hold_bars': 120, 'use_trail': False, 'tp_atr_mult': 2.5}",10,0.0,-76.7185,0.0,-7.6719,0.2673,-27.375,0.0085,0.0084,2923.28,-1.5741740000000002
APT-USDT,HVOL,"{'min_adx': 25, 'vol_thresh': 1.3, 'max_ext': 0.01, 'adx_exit': 15, 'allowed_hours': [], 'risk_pct': 0.01, 'max_hold_bars': 120, 'use_trail': False, 'tp_atr_mult': 2.5}",14,0.3571,-185.8524,0.3169,-13.2752,0.3063,-7.781,0.0503,0.0346,2814.15,-1.5743596
HYPE-USDT,HVOL,"{'min_adx': 20, 'vol_thresh': 1.3, 'max_ext': 0.02, 'adx_exit': 25, 'allowed_hours': [], 'risk_pct': 0.01, 'max_hold_bars': 120, 'use_trail': False, 'tp_atr_mult': 2.5}",33,0.1212,-108.5952,0.0906,-3.2908,0.277,-18.0946,0.0028,0.0043,2891.4,-1.5754808000000002
HYPE-USDT,HVOL,"{'min_adx': 20, 'vol_thresh': 1.3, 'max_ext': 0.03, 'adx_exit': 25, 'allowed_hours': [], 'risk_pct': 0.01, 'max_hold_bars': 120, 'use_trail': False, 'tp_atr_mult': 2.5}",33,0.1212,-108.5952,0.0906,-3.2908,0.277,-18.0946,0.0028,0.0043,2891.4,-1.5754808000000002
HYPE-USDT,HVOL,"{'min_adx': 20, 'vol_thresh': 1.3, 'max_ext': 0.01, 'adx_exit': 25, 'allowed_hours': [], 'risk_pct': 0.01, 'max_hold_bars': 120, 'use_trail': False, 'tp_atr_mult': 2.5}",33,0.1212,-108.5952,0.0906,-3.2908,0.277,-18.0946,0.0028,0.0043,2891.4,-1.5754808000000002
DOT-USDT,HVOL,"{'min_adx': 25, 'vol_thresh': 2.0, 'max_ext': 0.02, 'adx_exit': 15, 'allowed_hours': [], 'risk_pct': 0.01, 'max_hold_bars': 120, 'use_trail': False, 'tp_atr_mult': 2.5}",11,0.0,-78.5707,0.0,-7.1428,0.2678,-31.2782,0.0092,0.0074,2921.43,-1.5820828
AVAX-USDT,HVOL,"{'min_adx': 20, 'vol_thresh': 1.3, 'max_ext': 0.03, 'adx_exit': 25, 'allowed_hours': [], 'risk_pct': 0.01, 'max_hold_bars': 120, 'use_trail': False, 'tp_atr_mult': 2.5}",24,0.125,-105.8977,0.0784,-4.4124,0.2778,-15.0891,0.0052,0.0054,2894.1,-1.5837908
AVAX-USDT,HVOL,"{'min_adx': 20, 'vol_thresh': 1.3, 'max_ext': 0.01, 'adx_exit': 25, 'allowed_hours': [], 'risk_pct': 0.01, 'max_hold_bars': 120, 'use_trail': False, 'tp_atr_mult': 2.5}",24,0.125,-105.8977,0.0784,-4.4124,0.2778,-15.0891,0.0052,0.0054,2894.1,-1.5837908
AVAX-USDT,HVOL,"{'min_adx': 20, 'vol_thresh': 1.3, 'max_ext': 0.02, 'adx_exit': 25, 'allowed_hours': [], 'risk_pct': 0.01, 'max_hold_bars': 120, 'use_trail': False, 'tp_atr_mult': 2.5}",24,0.125,-105.8977,0.0784,-4.4124,0.2778,-15.0891,0.0052,0.0054,2894.1,-1.5837908
WLD-USDT,HVOL,"{'min_adx': 25, 'vol_thresh': 1.3, 'max_ext': 0.03, 'adx_exit': 15, 'allowed_hours': [], 'risk_pct': 0.01, 'max_hold_bars': 120, 'use_trail': False, 'tp_atr_mult': 2.5}",20,0.15,-115.6366,0.1029,-5.7818,0.2798,-15.6992,0.005,0.0085,2884.36,-1.5879963999999998
WLD-USDT,HVOL,"{'min_adx': 25, 'vol_thresh': 1.3, 'max_ext': 0.02, 'adx_exit': 15, 'allowed_hours': [], 'risk_pct': 0.01, 'max_hold_bars': 120, 'use_trail': False, 'tp_atr_mult': 2.5}",20,0.15,-115.6366,0.1029,-5.7818,0.2798,-15.6992,0.005,0.0085,2884.36,-1.5879963999999998
DOT-USDT,HVOL,"{'min_adx': 30, 'vol_thresh': 2.0, 'max_ext': 0.02, 'adx_exit': 15, 'allowed_hours': [], 'risk_pct': 0.01, 'max_hold_bars': 120, 'use_trail': False, 'tp_atr_mult': 2.5}",10,0.0,-80.0778,0.0,-8.0078,0.2682,-30.179,0.0085,0.0086,2919.92,-1.5885112
ONDO-USDT,HVOL,"{'min_adx': 20, 'vol_thresh': 1.3, 'max_ext': 0.01, 'adx_exit': 25, 'allowed_hours': [], 'risk_pct': 0.01, 'max_hold_bars': 120, 'use_trail': False, 'tp_atr_mult': 2.5}",33,0.1212,-128.3654,0.1357,-3.8899,0.2824,-15.2337,0.0064,0.0057,2871.63,-1.5923116
APT-USDT,EMASTACK,"{'max_pb': 0.01, 'vol_thresh': 2.0, 'rsi_lo': 38, 'rsi_hi': 66, 'rsi_exit': 73, 'min_adx': 15, 'allowed_hours': [], 'risk_pct': 0.01, 'max_hold_bars': 144, 'use_trail': True, 'trail_ema': 21, 'tp_atr_mult': 2.5, 'stop_extra': 0.002}",6,0.0,-79.89,0.0,-13.315,0.2739,-34.5358,0.0196,0.0256,2920.11,-1.59346
APT-USDT,EMASTACK,"{'max_pb': 0.015, 'vol_thresh': 2.0, 'rsi_lo': 38, 'rsi_hi': 66, 'rsi_exit': 73, 'min_adx': 15, 'allowed_hours': [], 'risk_pct': 0.01, 'max_hold_bars': 144, 'use_trail': True, 'trail_ema': 21, 'tp_atr_mult': 2.5, 'stop_extra': 0.002}",6,0.0,-79.89,0.0,-13.315,0.2739,-34.5358,0.0196,0.0256,2920.11,-1.59346
APT-USDT,HVOL,"{'min_adx': 20, 'vol_thresh': 1.3, 'max_ext': 0.01, 'adx_exit': 25, 'allowed_hours': [], 'risk_pct': 0.01, 'max_hold_bars': 120, 'use_trail': False, 'tp_atr_mult': 2.5}",23,0.3043,-209.1126,0.3687,-9.0919,0.3139,-6.4959,0.0327,0.0276,2790.89,-1.5973004000000002
LIT-USDT,RVOL,"{'vol_thresh': 2.0, 'min_roc': 2.5, 'max_rsi': 75, 'min_adx': 18, 'stop_atr_mult': 2.0, 'rsi_exit': 80, 'allowed_hours': [14, 15, 16, 17, 18, 19, 20, 21], 'risk_pct': 0.01, 'max_hold_bars': 72, 'use_trail': True, 'trail_pct': 0.02, 'tp_atr_mult': 3.0}",13,0.1538,-102.611,0.0626,-7.8932,0.2808,-19.4514,0.0117,0.024,2897.39,-1.5973439999999999
LIT-USDT,RVOL,"{'vol_thresh': 2.0, 'min_roc': 2.5, 'max_rsi': 75, 'min_adx': 18, 'stop_atr_mult': 1.5, 'rsi_exit': 80, 'allowed_hours': [14, 15, 16, 17, 18, 19, 20, 21], 'risk_pct': 0.01, 'max_hold_bars': 72, 'use_trail': True, 'trail_pct': 0.02, 'tp_atr_mult': 3.0}",13,0.1538,-102.611,0.0626,-7.8932,0.2808,-19.4514,0.0117,0.024,2897.39,-1.5973439999999999
LIT-USDT,RVOL,"{'vol_thresh': 2.0, 'min_roc': 2.0, 'max_rsi': 75, 'min_adx': 18, 'stop_atr_mult': 2.0, 'rsi_exit': 80, 'allowed_hours': [14, 15, 16, 17, 18, 19, 20, 21], 'risk_pct': 0.01, 'max_hold_bars': 72, 'use_trail': True, 'trail_pct': 0.02, 'tp_atr_mult': 3.0}",13,0.1538,-102.611,0.0626,-7.8932,0.2808,-19.4514,0.0117,0.024,2897.39,-1.5973439999999999
LIT-USDT,RVOL,"{'vol_thresh': 2.0, 'min_roc': 2.0, 'max_rsi': 75, 'min_adx': 18, 'stop_atr_mult': 1.5, 'rsi_exit': 80, 'allowed_hours': [14, 15, 16, 17, 18, 19, 20, 21], 'risk_pct': 0.01, 'max_hold_bars': 72, 'use_trail': True, 'trail_pct': 0.02, 'tp_atr_mult': 3.0}",13,0.1538,-102.611,0.0626,-7.8932,0.2808,-19.4514,0.0117,0.024,2897.39,-1.5973439999999999
LIT-USDT,EMASTACK,"{'max_pb': 0.01, 'vol_thresh': 1.2, 'rsi_lo': 38, 'rsi_hi': 66, 'rsi_exit': 73, 'min_adx': 25, 'allowed_hours': [8, 9, 10, 14, 15, 16, 17, 18, 19, 20, 21], 'risk_pct': 0.01, 'max_hold_bars': 144, 'use_trail': True, 'trail_ema': 21, 'tp_atr_mult': 2.5, 'stop_extra': 0.002}",7,0.0,-81.8327,0.0,-11.6904,0.2721,-23.007,0.0085,0.0208,2918.17,-1.5994308
LIT-USDT,EMASTACK,"{'max_pb': 0.01, 'vol_thresh': 1.5, 'rsi_lo': 38, 'rsi_hi': 66, 'rsi_exit': 73, 'min_adx': 25, 'allowed_hours': [8, 9, 10, 14, 15, 16, 17, 18, 19, 20, 21], 'risk_pct': 0.01, 'max_hold_bars': 144, 'use_trail': True, 'trail_ema': 21, 'tp_atr_mult': 2.5, 'stop_extra': 0.002}",7,0.0,-81.8327,0.0,-11.6904,0.2721,-23.007,0.0085,0.0208,2918.17,-1.5994308
LIT-USDT,EMASTACK,"{'max_pb': 0.01, 'vol_thresh': 1.5, 'rsi_lo': 38, 'rsi_hi': 66, 'rsi_exit': 73, 'min_adx': 15, 'allowed_hours': [8, 9, 10, 14, 15, 16, 17, 18, 19, 20, 21], 'risk_pct': 0.01, 'max_hold_bars': 144, 'use_trail': True, 'trail_ema': 21, 'tp_atr_mult': 2.5, 'stop_extra': 0.002}",7,0.0,-81.8327,0.0,-11.6904,0.2721,-23.007,0.0085,0.0208,2918.17,-1.5994308
LIT-USDT,EMASTACK,"{'max_pb': 0.01, 'vol_thresh': 1.2, 'rsi_lo': 50, 'rsi_hi': 78, 'rsi_exit': 85, 'min_adx': 25, 'allowed_hours': [8, 9, 10, 14, 15, 16, 17, 18, 19, 20, 21], 'risk_pct': 0.01, 'max_hold_bars': 144, 'use_trail': True, 'trail_ema': 21, 'tp_atr_mult': 2.5, 'stop_extra': 0.002}",7,0.0,-81.8327,0.0,-11.6904,0.2721,-23.007,0.0085,0.0208,2918.17,-1.5994308
LIT-USDT,EMASTACK,"{'max_pb': 0.01, 'vol_thresh': 1.2, 'rsi_lo': 38, 'rsi_hi': 66, 'rsi_exit': 73, 'min_adx': 15, 'allowed_hours': [8, 9, 10, 14, 15, 16, 17, 18, 19, 20, 21], 'risk_pct': 0.01, 'max_hold_bars': 144, 'use_trail': True, 'trail_ema': 21, 'tp_atr_mult': 2.5, 'stop_extra': 0.002}",7,0.0,-81.8327,0.0,-11.6904,0.2721,-23.007,0.0085,0.0208,2918.17,-1.5994308
LIT-USDT,EMASTACK,"{'max_pb': 0.01, 'vol_thresh': 1.5, 'rsi_lo': 45, 'rsi_hi': 73, 'rsi_exit': 80, 'min_adx': 25, 'allowed_hours': [8, 9, 10, 14, 15, 16, 17, 18, 19, 20, 21], 'risk_pct': 0.01, 'max_hold_bars': 144, 'use_trail': True, 'trail_ema': 21, 'tp_atr_mult': 2.5, 'stop_extra': 0.002}",7,0.0,-81.8327,0.0,-11.6904,0.2721,-23.007,0.0085,0.0208,2918.17,-1.5994308
LIT-USDT,EMASTACK,"{'max_pb': 0.01, 'vol_thresh': 1.5, 'rsi_lo': 50, 'rsi_hi': 78, 'rsi_exit': 85, 'min_adx': 25, 'allowed_hours': [8, 9, 10, 14, 15, 16, 17, 18, 19, 20, 21], 'risk_pct': 0.01, 'max_hold_bars': 144, 'use_trail': True, 'trail_ema': 21, 'tp_atr_mult': 2.5, 'stop_extra': 0.002}",7,0.0,-81.8327,0.0,-11.6904,0.2721,-23.007,0.0085,0.0208,2918.17,-1.5994308
LIT-USDT,EMASTACK,"{'max_pb': 0.01, 'vol_thresh': 1.5, 'rsi_lo': 38, 'rsi_hi': 66, 'rsi_exit': 73, 'min_adx': 20, 'allowed_hours': [8, 9, 10, 14, 15, 16, 17, 18, 19, 20, 21], 'risk_pct': 0.01, 'max_hold_bars': 144, 'use_trail': True, 'trail_ema': 21, 'tp_atr_mult': 2.5, 'stop_extra': 0.002}",7,0.0,-81.8327,0.0,-11.6904,0.2721,-23.007,0.0085,0.0208,2918.17,-1.5994308
LIT-USDT,EMASTACK,"{'max_pb': 0.01, 'vol_thresh': 1.2, 'rsi_lo': 45, 'rsi_hi': 73, 'rsi_exit': 80, 'min_adx': 25, 'allowed_hours': [8, 9, 10, 14, 15, 16, 17, 18, 19, 20, 21], 'risk_pct': 0.01, 'max_hold_bars': 144, 'use_trail': True, 'trail_ema': 21, 'tp_atr_mult': 2.5, 'stop_extra': 0.002}",7,0.0,-81.8327,0.0,-11.6904,0.2721,-23.007,0.0085,0.0208,2918.17,-1.5994308
LIT-USDT,EMASTACK,"{'max_pb': 0.01, 'vol_thresh': 1.2, 'rsi_lo': 38, 'rsi_hi': 66, 'rsi_exit': 73, 'min_adx': 20, 'allowed_hours': [8, 9, 10, 14, 15, 16, 17, 18, 19, 20, 21], 'risk_pct': 0.01, 'max_hold_bars': 144, 'use_trail': True, 'trail_ema': 21, 'tp_atr_mult': 2.5, 'stop_extra': 0.002}",7,0.0,-81.8327,0.0,-11.6904,0.2721,-23.007,0.0085,0.0208,2918.17,-1.5994308
WLD-USDT,HVOL,"{'min_adx': 25, 'vol_thresh': 1.3, 'max_ext': 0.03, 'adx_exit': 25, 'allowed_hours': [], 'risk_pct': 0.01, 'max_hold_bars': 120, 'use_trail': False, 'tp_atr_mult': 2.5}",21,0.1429,-117.7256,0.101,-5.606,0.2803,-16.5232,0.0049,0.0084,2882.27,-1.5997024
WLD-USDT,HVOL,"{'min_adx': 25, 'vol_thresh': 1.3, 'max_ext': 0.02, 'adx_exit': 25, 'allowed_hours': [], 'risk_pct': 0.01, 'max_hold_bars': 120, 'use_trail': False, 'tp_atr_mult': 2.5}",21,0.1429,-117.7256,0.101,-5.606,0.2803,-16.5232,0.0049,0.0084,2882.27,-1.5997024
APT-USDT,EMASTACK,"{'max_pb': 0.01, 'vol_thresh': 1.2, 'rsi_lo': 38, 'rsi_hi': 66, 'rsi_exit': 73, 'min_adx': 15, 'allowed_hours': [], 'risk_pct': 0.01, 'max_hold_bars': 144, 'use_trail': True, 'trail_ema': 21, 'tp_atr_mult': 2.5, 'stop_extra': 0.002}",14,0.0714,-124.6846,0.1201,-8.906,0.2856,-15.9997,0.0137,0.0204,2875.32,-1.6041884000000004
WLD-USDT,HVOL,"{'min_adx': 25, 'vol_thresh': 1.3, 'max_ext': 0.01, 'adx_exit': 15, 'allowed_hours': [], 'risk_pct': 0.01, 'max_hold_bars': 120, 'use_trail': False, 'tp_atr_mult': 2.5}",20,0.15,-118.5935,0.1005,-5.9297,0.2806,-15.9456,0.0048,0.0087,2881.41,-1.6042239999999999
WLD-USDT,HVOL,"{'min_adx': 25, 'vol_thresh': 1.3, 'max_ext': 0.02, 'adx_exit': 20, 'allowed_hours': [], 'risk_pct': 0.01, 'max_hold_bars': 120, 'use_trail': False, 'tp_atr_mult': 2.5}",21,0.1429,-118.5886,0.1004,-5.6471,0.2805,-16.0876,0.0049,0.0086,2881.41,-1.6042543999999999
WLD-USDT,HVOL,"{'min_adx': 25, 'vol_thresh': 1.3, 'max_ext': 0.03, 'adx_exit': 20, 'allowed_hours': [], 'risk_pct': 0.01, 'max_hold_bars': 120, 'use_trail': False, 'tp_atr_mult': 2.5}",21,0.1429,-118.5886,0.1004,-5.6471,0.2805,-16.0876,0.0049,0.0086,2881.41,-1.6042543999999999
APT-USDT,EMASTACK,"{'max_pb': 0.015, 'vol_thresh': 2.0, 'rsi_lo': 50, 'rsi_hi': 78, 'rsi_exit': 85, 'min_adx': 15, 'allowed_hours': [], 'risk_pct': 0.01, 'max_hold_bars': 144, 'use_trail': True, 'trail_ema': 21, 'tp_atr_mult': 2.5, 'stop_extra': 0.002}",7,0.0,-83.0251,0.0,-11.8607,0.2742,-28.1314,0.0234,0.0261,2916.97,-1.6063003999999999
APT-USDT,EMASTACK,"{'max_pb': 0.01, 'vol_thresh': 2.0, 'rsi_lo': 50, 'rsi_hi': 78, 'rsi_exit': 85, 'min_adx': 15, 'allowed_hours': [], 'risk_pct': 0.01, 'max_hold_bars': 144, 'use_trail': True, 'trail_ema': 21, 'tp_atr_mult': 2.5, 'stop_extra': 0.002}",7,0.0,-83.0251,0.0,-11.8607,0.2742,-28.1314,0.0234,0.0261,2916.97,-1.6063003999999999
APT-USDT,EMASTACK,"{'max_pb': 0.015, 'vol_thresh': 2.0, 'rsi_lo': 45, 'rsi_hi': 73, 'rsi_exit': 80, 'min_adx': 15, 'allowed_hours': [], 'risk_pct': 0.01, 'max_hold_bars': 144, 'use_trail': True, 'trail_ema': 21, 'tp_atr_mult': 2.5, 'stop_extra': 0.002}",7,0.0,-83.0251,0.0,-11.8607,0.2742,-28.1314,0.0234,0.0261,2916.97,-1.6063003999999999
APT-USDT,EMASTACK,"{'max_pb': 0.01, 'vol_thresh': 2.0, 'rsi_lo': 45, 'rsi_hi': 73, 'rsi_exit': 80, 'min_adx': 15, 'allowed_hours': [], 'risk_pct': 0.01, 'max_hold_bars': 144, 'use_trail': True, 'trail_ema': 21, 'tp_atr_mult': 2.5, 'stop_extra': 0.002}",7,0.0,-83.0251,0.0,-11.8607,0.2742,-28.1314,0.0234,0.0261,2916.97,-1.6063003999999999
LIT-USDT,RVOL,"{'vol_thresh': 2.0, 'min_roc': 1.5, 'max_rsi': 75, 'min_adx': 18, 'stop_atr_mult': 1.5, 'rsi_exit': 80, 'allowed_hours': [14, 15, 16, 17, 18, 19, 20, 21], 'risk_pct': 0.01, 'max_hold_bars': 72, 'use_trail': True, 'trail_pct': 0.02, 'tp_atr_mult': 3.0}",14,0.1429,-104.5613,0.0615,-7.4687,0.2812,-18.5483,0.0123,0.0229,2895.44,-1.6071952
LIT-USDT,RVOL,"{'vol_thresh': 2.0, 'min_roc': 1.5, 'max_rsi': 75, 'min_adx': 18, 'stop_atr_mult': 2.0, 'rsi_exit': 80, 'allowed_hours': [14, 15, 16, 17, 18, 19, 20, 21], 'risk_pct': 0.01, 'max_hold_bars': 72, 'use_trail': True, 'trail_pct': 0.02, 'tp_atr_mult': 3.0}",14,0.1429,-104.5613,0.0615,-7.4687,0.2812,-18.5483,0.0123,0.0229,2895.44,-1.6071952
LIT-USDT,EMASTACK,"{'max_pb': 0.01, 'vol_thresh': 1.2, 'rsi_lo': 50, 'rsi_hi': 78, 'rsi_exit': 85, 'min_adx': 15, 'allowed_hours': [8, 9, 10, 14, 15, 16, 17, 18, 19, 20, 21], 'risk_pct': 0.01, 'max_hold_bars': 144, 'use_trail': True, 'trail_ema': 21, 'tp_atr_mult': 2.5, 'stop_extra': 0.002}",8,0.0,-84.8119,0.0,-10.6015,0.2728,-20.8422,0.0142,0.0207,2915.19,-1.6120476000000001
LIT-USDT,EMASTACK,"{'max_pb': 0.01, 'vol_thresh': 1.2, 'rsi_lo': 45, 'rsi_hi': 73, 'rsi_exit': 80, 'min_adx': 15, 'allowed_hours': [8, 9, 10, 14, 15, 16, 17, 18, 19, 20, 21], 'risk_pct': 0.01, 'max_hold_bars': 144, 'use_trail': True, 'trail_ema': 21, 'tp_atr_mult': 2.5, 'stop_extra': 0.002}",8,0.0,-84.8119,0.0,-10.6015,0.2728,-20.8422,0.0142,0.0207,2915.19,-1.6120476000000001
LIT-USDT,EMASTACK,"{'max_pb': 0.01, 'vol_thresh': 1.2, 'rsi_lo': 45, 'rsi_hi': 73, 'rsi_exit': 80, 'min_adx': 20, 'allowed_hours': [8, 9, 10, 14, 15, 16, 17, 18, 19, 20, 21], 'risk_pct': 0.01, 'max_hold_bars': 144, 'use_trail': True, 'trail_ema': 21, 'tp_atr_mult': 2.5, 'stop_extra': 0.002}",8,0.0,-84.8119,0.0,-10.6015,0.2728,-20.8422,0.0142,0.0207,2915.19,-1.6120476000000001
LIT-USDT,EMASTACK,"{'max_pb': 0.01, 'vol_thresh': 1.2, 'rsi_lo': 50, 'rsi_hi': 78, 'rsi_exit': 85, 'min_adx': 20, 'allowed_hours': [8, 9, 10, 14, 15, 16, 17, 18, 19, 20, 21], 'risk_pct': 0.01, 'max_hold_bars': 144, 'use_trail': True, 'trail_ema': 21, 'tp_atr_mult': 2.5, 'stop_extra': 0.002}",8,0.0,-84.8119,0.0,-10.6015,0.2728,-20.8422,0.0142,0.0207,2915.19,-1.6120476000000001
LIT-USDT,EMASTACK,"{'max_pb': 0.01, 'vol_thresh': 1.5, 'rsi_lo': 45, 'rsi_hi': 73, 'rsi_exit': 80, 'min_adx': 15, 'allowed_hours': [8, 9, 10, 14, 15, 16, 17, 18, 19, 20, 21], 'risk_pct': 0.01, 'max_hold_bars': 144, 'use_trail': True, 'trail_ema': 21, 'tp_atr_mult': 2.5, 'stop_extra': 0.002}",8,0.0,-84.8119,0.0,-10.6015,0.2728,-20.8422,0.0142,0.0207,2915.19,-1.6120476000000001
LIT-USDT,EMASTACK,"{'max_pb': 0.01, 'vol_thresh': 1.5, 'rsi_lo': 45, 'rsi_hi': 73, 'rsi_exit': 80, 'min_adx': 20, 'allowed_hours': [8, 9, 10, 14, 15, 16, 17, 18, 19, 20, 21], 'risk_pct': 0.01, 'max_hold_bars': 144, 'use_trail': True, 'trail_ema': 21, 'tp_atr_mult': 2.5, 'stop_extra': 0.002}",8,0.0,-84.8119,0.0,-10.6015,0.2728,-20.8422,0.0142,0.0207,2915.19,-1.6120476000000001
LIT-USDT,EMASTACK,"{'max_pb': 0.01, 'vol_thresh': 1.5, 'rsi_lo': 50, 'rsi_hi': 78, 'rsi_exit': 85, 'min_adx': 15, 'allowed_hours': [8, 9, 10, 14, 15, 16, 17, 18, 19, 20, 21], 'risk_pct': 0.01, 'max_hold_bars': 144, 'use_trail': True, 'trail_ema': 21, 'tp_atr_mult': 2.5, 'stop_extra': 0.002}",8,0.0,-84.8119,0.0,-10.6015,0.2728,-20.8422,0.0142,0.0207,2915.19,-1.6120476000000001
LIT-USDT,EMASTACK,"{'max_pb': 0.01, 'vol_thresh': 1.5, 'rsi_lo': 50, 'rsi_hi': 78, 'rsi_exit': 85, 'min_adx': 20, 'allowed_hours': [8, 9, 10, 14, 15, 16, 17, 18, 19, 20, 21], 'risk_pct': 0.01, 'max_hold_bars': 144, 'use_trail': True, 'trail_ema': 21, 'tp_atr_mult': 2.5, 'stop_extra': 0.002}",8,0.0,-84.8119,0.0,-10.6015,0.2728,-20.8422,0.0142,0.0207,2915.19,-1.6120476000000001
HYPE-USDT,MTALIGN,"{'pb_thresh': 0.008, 'vol_thresh': 1.1, 'allowed_hours': [], 'tp_atr_mult': 2.5, 'risk_pct': 0.01, 'max_hold_bars': 96, 'use_trail': True, 'trail_ema': 21, 'stop_extra': 0.002}",31,0.0645,-91.4664,0.0156,-2.9505,0.273,-31.1584,0.002,0.0034,2908.53,-1.6154656000000003
FIL-USDT,HVOL,"{'min_adx': 25, 'vol_thresh': 1.5, 'max_ext': 0.02, 'adx_exit': 25, 'allowed_hours': [], 'risk_pct': 0.01, 'max_hold_bars': 120, 'use_trail': False, 'tp_atr_mult': 2.5}",22,0.0909,-130.7287,0.1267,-5.9422,0.2827,-9.2888,0.0099,0.0069,2869.27,-1.6155647999999998
FIL-USDT,HVOL,"{'min_adx': 25, 'vol_thresh': 1.5, 'max_ext': 0.01, 'adx_exit': 25, 'allowed_hours': [], 'risk_pct': 0.01, 'max_hold_bars': 120, 'use_trail': False, 'tp_atr_mult': 2.5}",22,0.0909,-130.7287,0.1267,-5.9422,0.2827,-9.2888,0.0099,0.0069,2869.27,-1.6155647999999998
FIL-USDT,HVOL,"{'min_adx': 25, 'vol_thresh': 1.5, 'max_ext': 0.03, 'adx_exit': 25, 'allowed_hours': [], 'risk_pct': 0.01, 'max_hold_bars': 120, 'use_trail': False, 'tp_atr_mult': 2.5}",22,0.0909,-130.7287,0.1267,-5.9422,0.2827,-9.2888,0.0099,0.0069,2869.27,-1.6155647999999998
WLD-USDT,HVOL,"{'min_adx': 25, 'vol_thresh': 1.3, 'max_ext': 0.01, 'adx_exit': 25, 'allowed_hours': [], 'risk_pct': 0.01, 'max_hold_bars': 120, 'use_trail': False, 'tp_atr_mult': 2.5}",21,0.1429,-120.6804,0.0988,-5.7467,0.2811,-16.7411,0.0047,0.0086,2879.32,-1.6156215999999999
ONDO-USDT,HVOL,"{'min_adx': 20, 'vol_thresh': 1.3, 'max_ext': 0.01, 'adx_exit': 15, 'allowed_hours': [], 'risk_pct': 0.01, 'max_hold_bars': 120, 'use_trail': False, 'tp_atr_mult': 2.5}",32,0.1562,-139.7712,0.1519,-4.3678,0.2852,-13.5582,0.0066,0.0065,2860.23,-1.6164348
WLD-USDT,HVOL,"{'min_adx': 25, 'vol_thresh': 1.3, 'max_ext': 0.01, 'adx_exit': 20, 'allowed_hours': [], 'risk_pct': 0.01, 'max_hold_bars': 120, 'use_trail': False, 'tp_atr_mult': 2.5}",21,0.1429,-121.5425,0.0982,-5.7877,0.2813,-16.3123,0.0047,0.0088,2878.46,-1.6201699999999999
XLM-USDT,HVOL,"{'min_adx': 20, 'vol_thresh': 1.3, 'max_ext': 0.01, 'adx_exit': 25, 'allowed_hours': [], 'risk_pct': 0.01, 'max_hold_bars': 120, 'use_trail': False, 'tp_atr_mult': 2.5}",30,0.0667,-105.2047,0.0508,-3.5068,0.2765,-19.9311,0.0035,0.0037,2894.8,-1.6211188
XLM-USDT,HVOL,"{'min_adx': 20, 'vol_thresh': 1.5, 'max_ext': 0.01, 'adx_exit': 25, 'allowed_hours': [], 'risk_pct': 0.01, 'max_hold_bars': 120, 'use_trail': False, 'tp_atr_mult': 2.5}",30,0.0667,-105.2047,0.0508,-3.5068,0.2765,-19.9311,0.0035,0.0037,2894.8,-1.6211188
XLM-USDT,HVOL,"{'min_adx': 20, 'vol_thresh': 1.3, 'max_ext': 0.02, 'adx_exit': 25, 'allowed_hours': [], 'risk_pct': 0.01, 'max_hold_bars': 120, 'use_trail': False, 'tp_atr_mult': 2.5}",30,0.0667,-105.2047,0.0508,-3.5068,0.2765,-19.9311,0.0035,0.0037,2894.8,-1.6211188
XLM-USDT,HVOL,"{'min_adx': 20, 'vol_thresh': 1.5, 'max_ext': 0.02, 'adx_exit': 25, 'allowed_hours': [], 'risk_pct': 0.01, 'max_hold_bars': 120, 'use_trail': False, 'tp_atr_mult': 2.5}",30,0.0667,-105.2047,0.0508,-3.5068,0.2765,-19.9311,0.0035,0.0037,2894.8,-1.6211188
XLM-USDT,HVOL,"{'min_adx': 20, 'vol_thresh': 1.5, 'max_ext': 0.03, 'adx_exit': 25, 'allowed_hours': [], 'risk_pct': 0.01, 'max_hold_bars': 120, 'use_trail': False, 'tp_atr_mult': 2.5}",30,0.0667,-105.2047,0.0508,-3.5068,0.2765,-19.9311,0.0035,0.0037,2894.8,-1.6211188
XLM-USDT,HVOL,"{'min_adx': 20, 'vol_thresh': 1.3, 'max_ext': 0.03, 'adx_exit': 25, 'allowed_hours': [], 'risk_pct': 0.01, 'max_hold_bars': 120, 'use_trail': False, 'tp_atr_mult': 2.5}",30,0.0667,-105.2047,0.0508,-3.5068,0.2765,-19.9311,0.0035,0.0037,2894.8,-1.6211188
APT-USDT,HVOL,"{'min_adx': 25, 'vol_thresh': 1.3, 'max_ext': 0.01, 'adx_exit': 25, 'allowed_hours': [], 'risk_pct': 0.01, 'max_hold_bars': 120, 'use_trail': False, 'tp_atr_mult': 2.5}",18,0.3333,-189.4389,0.2929,-10.5244,0.3079,-7.7568,0.0366,0.0288,2810.56,-1.6263056000000002
XLM-USDT,HVOL,"{'min_adx': 20, 'vol_thresh': 1.3, 'max_ext': 0.02, 'adx_exit': 20, 'allowed_hours': [], 'risk_pct': 0.01, 'max_hold_bars': 120, 'use_trail': False, 'tp_atr_mult': 2.5}",29,0.069,-107.0648,0.0499,-3.6919,0.277,-19.7044,0.0037,0.0039,2892.94,-1.6304092000000003
XLM-USDT,HVOL,"{'min_adx': 20, 'vol_thresh': 1.5, 'max_ext': 0.01, 'adx_exit': 20, 'allowed_hours': [], 'risk_pct': 0.01, 'max_hold_bars': 120, 'use_trail': False, 'tp_atr_mult': 2.5}",29,0.069,-107.0648,0.0499,-3.6919,0.277,-19.7044,0.0037,0.0039,2892.94,-1.6304092000000003
XLM-USDT,HVOL,"{'min_adx': 20, 'vol_thresh': 1.3, 'max_ext': 0.01, 'adx_exit': 20, 'allowed_hours': [], 'risk_pct': 0.01, 'max_hold_bars': 120, 'use_trail': False, 'tp_atr_mult': 2.5}",29,0.069,-107.0648,0.0499,-3.6919,0.277,-19.7044,0.0037,0.0039,2892.94,-1.6304092000000003
XLM-USDT,HVOL,"{'min_adx': 20, 'vol_thresh': 1.5, 'max_ext': 0.02, 'adx_exit': 20, 'allowed_hours': [], 'risk_pct': 0.01, 'max_hold_bars': 120, 'use_trail': False, 'tp_atr_mult': 2.5}",29,0.069,-107.0648,0.0499,-3.6919,0.277,-19.7044,0.0037,0.0039,2892.94,-1.6304092000000003
XLM-USDT,HVOL,"{'min_adx': 20, 'vol_thresh': 1.3, 'max_ext': 0.03, 'adx_exit': 20, 'allowed_hours': [], 'risk_pct': 0.01, 'max_hold_bars': 120, 'use_trail': False, 'tp_atr_mult': 2.5}",29,0.069,-107.0648,0.0499,-3.6919,0.277,-19.7044,0.0037,0.0039,2892.94,-1.6304092000000003
XLM-USDT,HVOL,"{'min_adx': 20, 'vol_thresh': 1.5, 'max_ext': 0.03, 'adx_exit': 20, 'allowed_hours': [], 'risk_pct': 0.01, 'max_hold_bars': 120, 'use_trail': False, 'tp_atr_mult': 2.5}",29,0.069,-107.0648,0.0499,-3.6919,0.277,-19.7044,0.0037,0.0039,2892.94,-1.6304092000000003
AVAX-USDT,HVOL,"{'min_adx': 20, 'vol_thresh': 1.3, 'max_ext': 0.01, 'adx_exit': 20, 'allowed_hours': [], 'risk_pct': 0.01, 'max_hold_bars': 120, 'use_trail': False, 'tp_atr_mult': 2.5}",24,0.125,-116.1812,0.0719,-4.8409,0.2804,-15.5171,0.0052,0.0057,2883.82,-1.6372748
AVAX-USDT,HVOL,"{'min_adx': 20, 'vol_thresh': 1.3, 'max_ext': 0.03, 'adx_exit': 20, 'allowed_hours': [], 'risk_pct': 0.01, 'max_hold_bars': 120, 'use_trail': False, 'tp_atr_mult': 2.5}",24,0.125,-116.1812,0.0719,-4.8409,0.2804,-15.5171,0.0052,0.0057,2883.82,-1.6372748
AVAX-USDT,HVOL,"{'min_adx': 20, 'vol_thresh': 1.3, 'max_ext': 0.02, 'adx_exit': 20, 'allowed_hours': [], 'risk_pct': 0.01, 'max_hold_bars': 120, 'use_trail': False, 'tp_atr_mult': 2.5}",24,0.125,-116.1812,0.0719,-4.8409,0.2804,-15.5171,0.0052,0.0057,2883.82,-1.6372748
APT-USDT,HVOL,"{'min_adx': 25, 'vol_thresh': 2.0, 'max_ext': 0.01, 'adx_exit': 15, 'allowed_hours': [], 'risk_pct': 0.01, 'max_hold_bars': 120, 'use_trail': False, 'tp_atr_mult': 2.5}",9,0.2222,-157.1009,0.1906,-17.4557,0.2961,-11.6428,0.0438,0.0305,2842.9,-1.6386036000000002
APT-USDT,HVOL,"{'min_adx': 25, 'vol_thresh': 2.0, 'max_ext': 0.03, 'adx_exit': 15, 'allowed_hours': [], 'risk_pct': 0.01, 'max_hold_bars': 120, 'use_trail': False, 'tp_atr_mult': 2.5}",17,0.3529,-215.7829,0.3735,-12.6931,0.3367,-7.1438,0.0565,0.0377,2784.22,-1.6395816
APT-USDT,HVOL,"{'min_adx': 20, 'vol_thresh': 1.5, 'max_ext': 0.03, 'adx_exit': 25, 'allowed_hours': [], 'risk_pct': 0.01, 'max_hold_bars': 120, 'use_trail': False, 'tp_atr_mult': 2.5}",33,0.2727,-305.9961,0.4864,-9.2726,0.3501,-4.4882,0.0354,0.0345,2694.0,-1.6397644
LIT-USDT,EMASTACK,"{'max_pb': 0.015, 'vol_thresh': 1.2, 'rsi_lo': 38, 'rsi_hi': 66, 'rsi_exit': 73, 'min_adx': 25, 'allowed_hours': [8, 9, 10, 14, 15, 16, 17, 18, 19, 20, 21], 'risk_pct': 0.01, 'max_hold_bars': 144, 'use_trail': True, 'trail_ema': 21, 'tp_atr_mult': 2.5, 'stop_extra': 0.002}",8,0.0,-92.5369,0.0,-11.5671,0.2721,-24.3134,0.0115,0.0199,2907.46,-1.6422476000000001
LIT-USDT,EMASTACK,"{'max_pb': 0.015, 'vol_thresh': 1.5, 'rsi_lo': 45, 'rsi_hi': 73, 'rsi_exit': 80, 'min_adx': 25, 'allowed_hours': [8, 9, 10, 14, 15, 16, 17, 18, 19, 20, 21], 'risk_pct': 0.01, 'max_hold_bars': 144, 'use_trail': True, 'trail_ema': 21, 'tp_atr_mult': 2.5, 'stop_extra': 0.002}",8,0.0,-92.5369,0.0,-11.5671,0.2721,-24.3134,0.0115,0.0199,2907.46,-1.6422476000000001
LIT-USDT,EMASTACK,"{'max_pb': 0.015, 'vol_thresh': 1.2, 'rsi_lo': 45, 'rsi_hi': 73, 'rsi_exit': 80, 'min_adx': 25, 'allowed_hours': [8, 9, 10, 14, 15, 16, 17, 18, 19, 20, 21], 'risk_pct': 0.01, 'max_hold_bars': 144, 'use_trail': True, 'trail_ema': 21, 'tp_atr_mult': 2.5, 'stop_extra': 0.002}",8,0.0,-92.5369,0.0,-11.5671,0.2721,-24.3134,0.0115,0.0199,2907.46,-1.6422476000000001
LIT-USDT,EMASTACK,"{'max_pb': 0.015, 'vol_thresh': 1.2, 'rsi_lo': 50, 'rsi_hi': 78, 'rsi_exit': 85, 'min_adx': 25, 'allowed_hours': [8, 9, 10, 14, 15, 16, 17, 18, 19, 20, 21], 'risk_pct': 0.01, 'max_hold_bars': 144, 'use_trail': True, 'trail_ema': 21, 'tp_atr_mult': 2.5, 'stop_extra': 0.002}",8,0.0,-92.5369,0.0,-11.5671,0.2721,-24.3134,0.0115,0.0199,2907.46,-1.6422476000000001
LIT-USDT,EMASTACK,"{'max_pb': 0.015, 'vol_thresh': 1.5, 'rsi_lo': 38, 'rsi_hi': 66, 'rsi_exit': 73, 'min_adx': 20, 'allowed_hours': [8, 9, 10, 14, 15, 16, 17, 18, 19, 20, 21], 'risk_pct': 0.01, 'max_hold_bars': 144, 'use_trail': True, 'trail_ema': 21, 'tp_atr_mult': 2.5, 'stop_extra': 0.002}",8,0.0,-92.5369,0.0,-11.5671,0.2721,-24.3134,0.0115,0.0199,2907.46,-1.6422476000000001
LIT-USDT,EMASTACK,"{'max_pb': 0.015, 'vol_thresh': 1.5, 'rsi_lo': 50, 'rsi_hi': 78, 'rsi_exit': 85, 'min_adx': 25, 'allowed_hours': [8, 9, 10, 14, 15, 16, 17, 18, 19, 20, 21], 'risk_pct': 0.01, 'max_hold_bars': 144, 'use_trail': True, 'trail_ema': 21, 'tp_atr_mult': 2.5, 'stop_extra': 0.002}",8,0.0,-92.5369,0.0,-11.5671,0.2721,-24.3134,0.0115,0.0199,2907.46,-1.6422476000000001
LIT-USDT,EMASTACK,"{'max_pb': 0.015, 'vol_thresh': 1.5, 'rsi_lo': 38, 'rsi_hi': 66, 'rsi_exit': 73, 'min_adx': 25, 'allowed_hours': [8, 9, 10, 14, 15, 16, 17, 18, 19, 20, 21], 'risk_pct': 0.01, 'max_hold_bars': 144, 'use_trail': True, 'trail_ema': 21, 'tp_atr_mult': 2.5, 'stop_extra': 0.002}",8,0.0,-92.5369,0.0,-11.5671,0.2721,-24.3134,0.0115,0.0199,2907.46,-1.6422476000000001
DOT-USDT,HVOL,"{'min_adx': 25, 'vol_thresh': 2.0, 'max_ext': 0.03, 'adx_exit': 25, 'allowed_hours': [], 'risk_pct': 0.01, 'max_hold_bars': 120, 'use_trail': False, 'tp_atr_mult': 2.5}",11,0.0,-93.3799,0.0,-8.4891,0.2715,-19.8763,0.0102,0.007,2906.62,-1.6450196
ONDO-USDT,HVOL,"{'min_adx': 20, 'vol_thresh': 2.0, 'max_ext': 0.01, 'adx_exit': 20, 'allowed_hours': [], 'risk_pct': 0.01, 'max_hold_bars': 120, 'use_trail': False, 'tp_atr_mult': 2.5}",21,0.0476,-108.7302,0.0431,-5.1776,0.2775,-24.6172,0.0063,0.0074,2891.27,-1.6477708
DOT-USDT,HVOL,"{'min_adx': 30, 'vol_thresh': 2.0, 'max_ext': 0.03, 'adx_exit': 25, 'allowed_hours': [], 'risk_pct': 0.01, 'max_hold_bars': 120, 'use_trail': False, 'tp_atr_mult': 2.5}",10,0.0,-94.8901,0.0,-9.489,0.2719,-21.5351,0.0096,0.0081,2905.11,-1.6514604
DOT-USDT,HVOL,"{'min_adx': 25, 'vol_thresh': 2.0, 'max_ext': 0.03, 'adx_exit': 20, 'allowed_hours': [], 'risk_pct': 0.01, 'max_hold_bars': 120, 'use_trail': False, 'tp_atr_mult': 2.5}",11,0.0,-95.405,0.0,-8.6732,0.272,-19.9736,0.0102,0.0072,2904.6,-1.6536199999999999
AVAX-USDT,HVOL,"{'min_adx': 20, 'vol_thresh': 1.5, 'max_ext': 0.02, 'adx_exit': 25, 'allowed_hours': [], 'risk_pct': 0.01, 'max_hold_bars': 120, 'use_trail': False, 'tp_atr_mult': 2.5}",21,0.0952,-110.6234,0.0448,-5.2678,0.279,-14.1123,0.0055,0.0058,2889.38,-1.6542936
AVAX-USDT,HVOL,"{'min_adx': 20, 'vol_thresh': 1.5, 'max_ext': 0.01, 'adx_exit': 25, 'allowed_hours': [], 'risk_pct': 0.01, 'max_hold_bars': 120, 'use_trail': False, 'tp_atr_mult': 2.5}",21,0.0952,-110.6234,0.0448,-5.2678,0.279,-14.1123,0.0055,0.0058,2889.38,-1.6542936
AVAX-USDT,HVOL,"{'min_adx': 20, 'vol_thresh': 1.5, 'max_ext': 0.03, 'adx_exit': 25, 'allowed_hours': [], 'risk_pct': 0.01, 'max_hold_bars': 120, 'use_trail': False, 'tp_atr_mult': 2.5}",21,0.0952,-110.6234,0.0448,-5.2678,0.279,-14.1123,0.0055,0.0058,2889.38,-1.6542936
LIT-USDT,EMASTACK,"{'max_pb': 0.015, 'vol_thresh': 1.5, 'rsi_lo': 45, 'rsi_hi': 73, 'rsi_exit': 80, 'min_adx': 20, 'allowed_hours': [8, 9, 10, 14, 15, 16, 17, 18, 19, 20, 21], 'risk_pct': 0.01, 'max_hold_bars': 144, 'use_trail': True, 'trail_ema': 21, 'tp_atr_mult': 2.5, 'stop_extra': 0.002}",9,0.0,-95.5052,0.0,-10.6117,0.2728,-22.1276,0.0162,0.0199,2904.49,-1.6548208000000002
LIT-USDT,EMASTACK,"{'max_pb': 0.015, 'vol_thresh': 1.5, 'rsi_lo': 50, 'rsi_hi': 78, 'rsi_exit': 85, 'min_adx': 20, 'allowed_hours': [8, 9, 10, 14, 15, 16, 17, 18, 19, 20, 21], 'risk_pct': 0.01, 'max_hold_bars': 144, 'use_trail': True, 'trail_ema': 21, 'tp_atr_mult': 2.5, 'stop_extra': 0.002}",9,0.0,-95.5052,0.0,-10.6117,0.2728,-22.1276,0.0162,0.0199,2904.49,-1.6548208000000002
LIT-USDT,EMASTACK,"{'max_pb': 0.015, 'vol_thresh': 1.5, 'rsi_lo': 38, 'rsi_hi': 66, 'rsi_exit': 73, 'min_adx': 15, 'allowed_hours': [8, 9, 10, 14, 15, 16, 17, 18, 19, 20, 21], 'risk_pct': 0.01, 'max_hold_bars': 144, 'use_trail': True, 'trail_ema': 21, 'tp_atr_mult': 2.5, 'stop_extra': 0.002}",9,0.0,-95.6773,0.0,-10.6308,0.2728,-22.2712,0.0121,0.0181,2904.32,-1.6555091999999998
APT-USDT,HVOL,"{'min_adx': 20, 'vol_thresh': 2.0, 'max_ext': 0.01, 'adx_exit': 15, 'allowed_hours': [], 'risk_pct': 0.01, 'max_hold_bars': 120, 'use_trail': False, 'tp_atr_mult': 2.5}",12,0.25,-164.4987,0.203,-13.7082,0.3032,-11.8492,0.0461,0.0301,2835.5,-1.6566948
APT-USDT,HVOL,"{'min_adx': 25, 'vol_thresh': 1.5, 'max_ext': 0.02, 'adx_exit': 20, 'allowed_hours': [], 'risk_pct': 0.01, 'max_hold_bars': 120, 'use_trail': False, 'tp_atr_mult': 2.5}",23,0.4783,-231.5644,0.4044,-10.068,0.3371,-5.9466,0.0445,0.0382,2768.44,-1.6567576000000002
DOT-USDT,HVOL,"{'min_adx': 30, 'vol_thresh': 2.0, 'max_ext': 0.03, 'adx_exit': 20, 'allowed_hours': [], 'risk_pct': 0.01, 'max_hold_bars': 120, 'use_trail': False, 'tp_atr_mult': 2.5}",10,0.0,-96.9033,0.0,-9.6903,0.2724,-21.263,0.0096,0.0083,2903.1,-1.6600132
AVAX-USDT,HVOL,"{'min_adx': 20, 'vol_thresh': 1.3, 'max_ext': 0.03, 'adx_exit': 15, 'allowed_hours': [], 'risk_pct': 0.01, 'max_hold_bars': 120, 'use_trail': False, 'tp_atr_mult': 2.5}",23,0.1304,-115.6707,0.0538,-5.0292,0.2803,-16.0783,0.0055,0.0062,2884.33,-1.6622827999999998
AVAX-USDT,HVOL,"{'min_adx': 20, 'vol_thresh': 1.3, 'max_ext': 0.02, 'adx_exit': 15, 'allowed_hours': [], 'risk_pct': 0.01, 'max_hold_bars': 120, 'use_trail': False, 'tp_atr_mult': 2.5}",23,0.1304,-115.6707,0.0538,-5.0292,0.2803,-16.0783,0.0055,0.0062,2884.33,-1.6622827999999998
AVAX-USDT,HVOL,"{'min_adx': 20, 'vol_thresh': 1.3, 'max_ext': 0.01, 'adx_exit': 15, 'allowed_hours': [], 'risk_pct': 0.01, 'max_hold_bars': 120, 'use_trail': False, 'tp_atr_mult': 2.5}",23,0.1304,-115.6707,0.0538,-5.0292,0.2803,-16.0783,0.0055,0.0062,2884.33,-1.6622827999999998
APT-USDT,EMASTACK,"{'max_pb': 0.01, 'vol_thresh': 1.5, 'rsi_lo': 38, 'rsi_hi': 66, 'rsi_exit': 73, 'min_adx': 20, 'allowed_hours': [], 'risk_pct': 0.01, 'max_hold_bars': 144, 'use_trail': True, 'trail_ema': 21, 'tp_atr_mult': 2.5, 'stop_extra': 0.002}",8,0.0,-96.5463,0.0,-12.0683,0.278,-37.8837,0.0152,0.0255,2903.45,-1.6641852
APT-USDT,EMASTACK,"{'max_pb': 0.015, 'vol_thresh': 1.5, 'rsi_lo': 38, 'rsi_hi': 66, 'rsi_exit': 73, 'min_adx': 20, 'allowed_hours': [], 'risk_pct': 0.01, 'max_hold_bars': 144, 'use_trail': True, 'trail_ema': 21, 'tp_atr_mult': 2.5, 'stop_extra': 0.002}",8,0.0,-96.5463,0.0,-12.0683,0.278,-37.8837,0.0152,0.0255,2903.45,-1.6641852
APT-USDT,HVOL,"{'min_adx': 25, 'vol_thresh': 1.3, 'max_ext': 0.03, 'adx_exit': 20, 'allowed_hours': [], 'risk_pct': 0.01, 'max_hold_bars': 120, 'use_trail': False, 'tp_atr_mult': 2.5}",25,0.4,-248.0633,0.4471,-9.9225,0.3426,-5.1153,0.0453,0.0375,2751.94,-1.6642032000000002
DOT-USDT,HVOL,"{'min_adx': 25, 'vol_thresh': 2.0, 'max_ext': 0.03, 'adx_exit': 15, 'allowed_hours': [], 'risk_pct': 0.01, 'max_hold_bars': 120, 'use_trail': False, 'tp_atr_mult': 2.5}",11,0.0,-98.7428,0.0,-8.9766,0.2728,-21.254,0.0102,0.0073,2901.26,-1.6677712
LIT-USDT,EMASTACK,"{'max_pb': 0.015, 'vol_thresh': 1.5, 'rsi_lo': 50, 'rsi_hi': 78, 'rsi_exit': 85, 'min_adx': 15, 'allowed_hours': [8, 9, 10, 14, 15, 16, 17, 18, 19, 20, 21], 'risk_pct': 0.01, 'max_hold_bars': 144, 'use_trail': True, 'trail_ema': 21, 'tp_atr_mult': 2.5, 'stop_extra': 0.002}",10,0.0,-98.6424,0.0,-9.8642,0.2736,-20.7549,0.0163,0.0183,2901.36,-1.6681696000000001
LIT-USDT,EMASTACK,"{'max_pb': 0.015, 'vol_thresh': 1.5, 'rsi_lo': 45, 'rsi_hi': 73, 'rsi_exit': 80, 'min_adx': 15, 'allowed_hours': [8, 9, 10, 14, 15, 16, 17, 18, 19, 20, 21], 'risk_pct': 0.01, 'max_hold_bars': 144, 'use_trail': True, 'trail_ema': 21, 'tp_atr_mult': 2.5, 'stop_extra': 0.002}",10,0.0,-98.6424,0.0,-9.8642,0.2736,-20.7549,0.0163,0.0183,2901.36,-1.6681696000000001
LIT-USDT,RVOL,"{'vol_thresh': 2.0, 'min_roc': 1.0, 'max_rsi': 75, 'min_adx': 18, 'stop_atr_mult': 2.0, 'rsi_exit': 80, 'allowed_hours': [14, 15, 16, 17, 18, 19, 20, 21], 'risk_pct': 0.01, 'max_hold_bars': 72, 'use_trail': True, 'trail_pct': 0.02, 'tp_atr_mult': 3.0}",15,0.1333,-117.161,0.055,-7.8107,0.2844,-19.662,0.0118,0.0231,2882.84,-1.6705439999999996
LIT-USDT,RVOL,"{'vol_thresh': 2.0, 'min_roc': 1.0, 'max_rsi': 75, 'min_adx': 18, 'stop_atr_mult': 1.5, 'rsi_exit': 80, 'allowed_hours': [14, 15, 16, 17, 18, 19, 20, 21], 'risk_pct': 0.01, 'max_hold_bars': 72, 'use_trail': True, 'trail_pct': 0.02, 'tp_atr_mult': 3.0}",15,0.1333,-117.161,0.055,-7.8107,0.2844,-19.662,0.0118,0.0231,2882.84,-1.6705439999999996
LIT-USDT,EMASTACK,"{'max_pb': 0.01, 'vol_thresh': 1.5, 'rsi_lo': 45, 'rsi_hi': 73, 'rsi_exit': 80, 'min_adx': 25, 'allowed_hours': [], 'risk_pct': 0.01, 'max_hold_bars': 144, 'use_trail': True, 'trail_ema': 21, 'tp_atr_mult': 2.5, 'stop_extra': 0.002}",9,0.0,-99.1865,0.0,-11.0207,0.2756,-22.8249,0.0105,0.0194,2900.81,-1.672346
LIT-USDT,EMASTACK,"{'max_pb': 0.01, 'vol_thresh': 1.5, 'rsi_lo': 50, 'rsi_hi': 78, 'rsi_exit': 85, 'min_adx': 25, 'allowed_hours': [], 'risk_pct': 0.01, 'max_hold_bars': 144, 'use_trail': True, 'trail_ema': 21, 'tp_atr_mult': 2.5, 'stop_extra': 0.002}",9,0.0,-99.1865,0.0,-11.0207,0.2756,-22.8249,0.0105,0.0194,2900.81,-1.672346
LIT-USDT,EMASTACK,"{'max_pb': 0.01, 'vol_thresh': 1.5, 'rsi_lo': 38, 'rsi_hi': 66, 'rsi_exit': 73, 'min_adx': 25, 'allowed_hours': [], 'risk_pct': 0.01, 'max_hold_bars': 144, 'use_trail': True, 'trail_ema': 21, 'tp_atr_mult': 2.5, 'stop_extra': 0.002}",9,0.0,-99.1865,0.0,-11.0207,0.2756,-22.8249,0.0105,0.0194,2900.81,-1.672346
LIT-USDT,EMASTACK,"{'max_pb': 0.01, 'vol_thresh': 1.5, 'rsi_lo': 38, 'rsi_hi': 66, 'rsi_exit': 73, 'min_adx': 20, 'allowed_hours': [], 'risk_pct': 0.01, 'max_hold_bars': 144, 'use_trail': True, 'trail_ema': 21, 'tp_atr_mult': 2.5, 'stop_extra': 0.002}",9,0.0,-99.1865,0.0,-11.0207,0.2756,-22.8249,0.0105,0.0194,2900.81,-1.672346
DOT-USDT,HVOL,"{'min_adx': 30, 'vol_thresh': 2.0, 'max_ext': 0.03, 'adx_exit': 15, 'allowed_hours': [], 'risk_pct': 0.01, 'max_hold_bars': 120, 'use_trail': False, 'tp_atr_mult': 2.5}",10,0.0,-100.2394,0.0,-10.0239,0.2732,-22.7729,0.0096,0.0084,2899.76,-1.6741576
APT-USDT,EMASTACK,"{'max_pb': 0.01, 'vol_thresh': 1.5, 'rsi_lo': 50, 'rsi_hi': 78, 'rsi_exit': 85, 'min_adx': 20, 'allowed_hours': [], 'risk_pct': 0.01, 'max_hold_bars': 144, 'use_trail': True, 'trail_ema': 21, 'tp_atr_mult': 2.5, 'stop_extra': 0.002}",9,0.0,-99.6636,0.0,-11.0737,0.2783,-31.7552,0.0186,0.0259,2900.34,-1.6769543999999996
APT-USDT,EMASTACK,"{'max_pb': 0.01, 'vol_thresh': 1.5, 'rsi_lo': 45, 'rsi_hi': 73, 'rsi_exit': 80, 'min_adx': 20, 'allowed_hours': [], 'risk_pct': 0.01, 'max_hold_bars': 144, 'use_trail': True, 'trail_ema': 21, 'tp_atr_mult': 2.5, 'stop_extra': 0.002}",9,0.0,-99.6636,0.0,-11.0737,0.2783,-31.7552,0.0186,0.0259,2900.34,-1.6769543999999996
APT-USDT,EMASTACK,"{'max_pb': 0.015, 'vol_thresh': 1.5, 'rsi_lo': 50, 'rsi_hi': 78, 'rsi_exit': 85, 'min_adx': 20, 'allowed_hours': [], 'risk_pct': 0.01, 'max_hold_bars': 144, 'use_trail': True, 'trail_ema': 21, 'tp_atr_mult': 2.5, 'stop_extra': 0.002}",9,0.0,-99.6636,0.0,-11.0737,0.2783,-31.7552,0.0186,0.0259,2900.34,-1.6769543999999996
APT-USDT,EMASTACK,"{'max_pb': 0.015, 'vol_thresh': 1.5, 'rsi_lo': 45, 'rsi_hi': 73, 'rsi_exit': 80, 'min_adx': 20, 'allowed_hours': [], 'risk_pct': 0.01, 'max_hold_bars': 144, 'use_trail': True, 'trail_ema': 21, 'tp_atr_mult': 2.5, 'stop_extra': 0.002}",9,0.0,-99.6636,0.0,-11.0737,0.2783,-31.7552,0.0186,0.0259,2900.34,-1.6769543999999996
LIT-USDT,HVOL,"{'min_adx': 30, 'vol_thresh': 2.0, 'max_ext': 0.02, 'adx_exit': 15, 'allowed_hours': [], 'risk_pct': 0.01, 'max_hold_bars': 120, 'use_trail': False, 'tp_atr_mult': 2.5}",11,0.0909,-237.9422,0.4055,-21.6311,0.3356,-5.6977,0.055,0.0567,2762.06,-1.6791188
APT-USDT,HVOL,"{'min_adx': 25, 'vol_thresh': 1.3, 'max_ext': 0.02, 'adx_exit': 25, 'allowed_hours': [], 'risk_pct': 0.01, 'max_hold_bars': 120, 'use_trail': False, 'tp_atr_mult': 2.5}",24,0.2917,-242.606,0.4157,-10.1086,0.3332,-5.2666,0.0411,0.0322,2757.39,-1.6800739999999998
LIT-USDT,EMASTACK,"{'max_pb': 0.01, 'vol_thresh': 1.5, 'rsi_lo': 50, 'rsi_hi': 78, 'rsi_exit': 85, 'min_adx': 20, 'allowed_hours': [], 'risk_pct': 0.01, 'max_hold_bars': 144, 'use_trail': True, 'trail_ema': 21, 'tp_atr_mult': 2.5, 'stop_extra': 0.002}",10,0.0,-102.148,0.0,-10.2148,0.2763,-21.1714,0.0148,0.0194,2897.85,-1.684892
LIT-USDT,EMASTACK,"{'max_pb': 0.01, 'vol_thresh': 1.5, 'rsi_lo': 45, 'rsi_hi': 73, 'rsi_exit': 80, 'min_adx': 20, 'allowed_hours': [], 'risk_pct': 0.01, 'max_hold_bars': 144, 'use_trail': True, 'trail_ema': 21, 'tp_atr_mult': 2.5, 'stop_extra': 0.002}",10,0.0,-102.148,0.0,-10.2148,0.2763,-21.1714,0.0148,0.0194,2897.85,-1.684892
ONDO-USDT,HVOL,"{'min_adx': 20, 'vol_thresh': 1.5, 'max_ext': 0.01, 'adx_exit': 20, 'allowed_hours': [], 'risk_pct': 0.01, 'max_hold_bars': 120, 'use_trail': False, 'tp_atr_mult': 2.5}",30,0.0667,-133.1869,0.0846,-4.4396,0.2836,-18.9965,0.0064,0.0065,2866.81,-1.6894475999999998
LIT-USDT,EMASTACK,"{'max_pb': 0.01, 'vol_thresh': 1.2, 'rsi_lo': 45, 'rsi_hi': 73, 'rsi_exit': 80, 'min_adx': 25, 'allowed_hours': [], 'risk_pct': 0.01, 'max_hold_bars': 144, 'use_trail': True, 'trail_ema': 21, 'tp_atr_mult': 2.5, 'stop_extra': 0.002}",10,0.0,-103.923,0.0,-10.3923,0.2756,-21.9616,0.0154,0.0193,2896.08,-1.6912919999999998
LIT-USDT,EMASTACK,"{'max_pb': 0.01, 'vol_thresh': 1.2, 'rsi_lo': 50, 'rsi_hi': 78, 'rsi_exit': 85, 'min_adx': 25, 'allowed_hours': [], 'risk_pct': 0.01, 'max_hold_bars': 144, 'use_trail': True, 'trail_ema': 21, 'tp_atr_mult': 2.5, 'stop_extra': 0.002}",10,0.0,-103.923,0.0,-10.3923,0.2756,-21.9616,0.0154,0.0193,2896.08,-1.6912919999999998
AVAX-USDT,HVOL,"{'min_adx': 20, 'vol_thresh': 1.5, 'max_ext': 0.02, 'adx_exit': 20, 'allowed_hours': [], 'risk_pct': 0.01, 'max_hold_bars': 120, 'use_trail': False, 'tp_atr_mult': 2.5}",21,0.0952,-119.0352,0.0417,-5.6683,0.2811,-14.6648,0.0055,0.006,2880.96,-1.6946908
AVAX-USDT,HVOL,"{'min_adx': 20, 'vol_thresh': 1.5, 'max_ext': 0.01, 'adx_exit': 20, 'allowed_hours': [], 'risk_pct': 0.01, 'max_hold_bars': 120, 'use_trail': False, 'tp_atr_mult': 2.5}",21,0.0952,-119.0352,0.0417,-5.6683,0.2811,-14.6648,0.0055,0.006,2880.96,-1.6946908
AVAX-USDT,HVOL,"{'min_adx': 20, 'vol_thresh': 1.5, 'max_ext': 0.03, 'adx_exit': 20, 'allowed_hours': [], 'risk_pct': 0.01, 'max_hold_bars': 120, 'use_trail': False, 'tp_atr_mult': 2.5}",21,0.0952,-119.0352,0.0417,-5.6683,0.2811,-14.6648,0.0055,0.006,2880.96,-1.6946908
LIT-USDT,EMASTACK,"{'max_pb': 0.015, 'vol_thresh': 1.2, 'rsi_lo': 45, 'rsi_hi': 73, 'rsi_exit': 80, 'min_adx': 25, 'allowed_hours': [], 'risk_pct': 0.01, 'max_hold_bars': 144, 'use_trail': True, 'trail_ema': 21, 'tp_atr_mult': 2.5, 'stop_extra': 0.002}",11,0.0909,-113.8853,0.0236,-10.3532,0.279,-20.3409,0.0172,0.0197,2886.11,-1.6991412000000001
LIT-USDT,EMASTACK,"{'max_pb': 0.015, 'vol_thresh': 1.2, 'rsi_lo': 50, 'rsi_hi': 78, 'rsi_exit': 85, 'min_adx': 25, 'allowed_hours': [], 'risk_pct': 0.01, 'max_hold_bars': 144, 'use_trail': True, 'trail_ema': 21, 'tp_atr_mult': 2.5, 'stop_extra': 0.002}",11,0.0909,-113.8853,0.0236,-10.3532,0.279,-20.3409,0.0172,0.0197,2886.11,-1.6991412000000001
LIT-USDT,EMASTACK,"{'max_pb': 0.01, 'vol_thresh': 1.2, 'rsi_lo': 45, 'rsi_hi': 73, 'rsi_exit': 80, 'min_adx': 20, 'allowed_hours': [], 'risk_pct': 0.01, 'max_hold_bars': 144, 'use_trail': True, 'trail_ema': 21, 'tp_atr_mult': 2.5, 'stop_extra': 0.002}",11,0.0,-106.8797,0.0,-9.7163,0.2763,-20.6457,0.0188,0.0193,2893.12,-1.7038188
LIT-USDT,EMASTACK,"{'max_pb': 0.01, 'vol_thresh': 1.2, 'rsi_lo': 50, 'rsi_hi': 78, 'rsi_exit': 85, 'min_adx': 20, 'allowed_hours': [], 'risk_pct': 0.01, 'max_hold_bars': 144, 'use_trail': True, 'trail_ema': 21, 'tp_atr_mult': 2.5, 'stop_extra': 0.002}",11,0.0,-106.8797,0.0,-9.7163,0.2763,-20.6457,0.0188,0.0193,2893.12,-1.7038188
AVAX-USDT,HVOL,"{'min_adx': 20, 'vol_thresh': 1.5, 'max_ext': 0.01, 'adx_exit': 15, 'allowed_hours': [], 'risk_pct': 0.01, 'max_hold_bars': 120, 'use_trail': False, 'tp_atr_mult': 2.5}",20,0.1,-116.2338,0.0233,-5.8117,0.2804,-15.0304,0.0059,0.0064,2883.77,-1.7103852
AVAX-USDT,HVOL,"{'min_adx': 20, 'vol_thresh': 1.5, 'max_ext': 0.02, 'adx_exit': 15, 'allowed_hours': [], 'risk_pct': 0.01, 'max_hold_bars': 120, 'use_trail': False, 'tp_atr_mult': 2.5}",20,0.1,-116.2338,0.0233,-5.8117,0.2804,-15.0304,0.0059,0.0064,2883.77,-1.7103852
AVAX-USDT,HVOL,"{'min_adx': 20, 'vol_thresh': 1.5, 'max_ext': 0.03, 'adx_exit': 15, 'allowed_hours': [], 'risk_pct': 0.01, 'max_hold_bars': 120, 'use_trail': False, 'tp_atr_mult': 2.5}",20,0.1,-116.2338,0.0233,-5.8117,0.2804,-15.0304,0.0059,0.0064,2883.77,-1.7103852
LIT-USDT,HVOL,"{'min_adx': 20, 'vol_thresh': 1.3, 'max_ext': 0.01, 'adx_exit': 15, 'allowed_hours': [], 'risk_pct': 0.01, 'max_hold_bars': 120, 'use_trail': False, 'tp_atr_mult': 2.5}",18,0.2778,-283.4565,0.4829,-15.7476,0.3518,-4.8782,0.0638,0.0434,2716.54,-1.7125559999999997
ONDO-USDT,HVOL,"{'min_adx': 20, 'vol_thresh': 2.0, 'max_ext': 0.01, 'adx_exit': 15, 'allowed_hours': [], 'risk_pct': 0.01, 'max_hold_bars': 120, 'use_trail': False, 'tp_atr_mult': 2.5}",21,0.0476,-122.3248,0.0384,-5.825,0.2809,-23.3124,0.0063,0.0077,2877.68,-1.7125992
APT-USDT,EMASTACK,"{'max_pb': 0.015, 'vol_thresh': 1.2, 'rsi_lo': 38, 'rsi_hi': 66, 'rsi_exit': 73, 'min_adx': 20, 'allowed_hours': [], 'risk_pct': 0.01, 'max_hold_bars': 144, 'use_trail': True, 'trail_ema': 21, 'tp_atr_mult': 2.5, 'stop_extra': 0.002}",10,0.0,-110.5595,0.0,-11.056,0.278,-35.0661,0.0133,0.0226,2889.44,-1.7202380000000002
APT-USDT,EMASTACK,"{'max_pb': 0.01, 'vol_thresh': 1.2, 'rsi_lo': 38, 'rsi_hi': 66, 'rsi_exit': 73, 'min_adx': 20, 'allowed_hours': [], 'risk_pct': 0.01, 'max_hold_bars': 144, 'use_trail': True, 'trail_ema': 21, 'tp_atr_mult': 2.5, 'stop_extra': 0.002}",10,0.0,-110.5595,0.0,-11.056,0.278,-35.0661,0.0133,0.0226,2889.44,-1.7202380000000002
LIT-USDT,EMASTACK,"{'max_pb': 0.015, 'vol_thresh': 1.2, 'rsi_lo': 38, 'rsi_hi': 66, 'rsi_exit': 73, 'min_adx': 20, 'allowed_hours': [8, 9, 10, 14, 15, 16, 17, 18, 19, 20, 21], 'risk_pct': 0.01, 'max_hold_bars': 144, 'use_trail': True, 'trail_ema': 21, 'tp_atr_mult': 2.5, 'stop_extra': 0.002}",9,0.0,-112.5163,0.0,-12.5018,0.2771,-26.1039,0.0123,0.0209,2887.48,-1.7271652
APT-USDT,EMASTACK,"{'max_pb': 0.01, 'vol_thresh': 1.2, 'rsi_lo': 50, 'rsi_hi': 78, 'rsi_exit': 85, 'min_adx': 20, 'allowed_hours': [], 'risk_pct': 0.01, 'max_hold_bars': 144, 'use_trail': True, 'trail_ema': 21, 'tp_atr_mult': 2.5, 'stop_extra': 0.002}",11,0.0,-113.6617,0.0,-10.3329,0.2787,-31.0042,0.0163,0.0232,2886.34,-1.7333467999999996
APT-USDT,EMASTACK,"{'max_pb': 0.01, 'vol_thresh': 1.2, 'rsi_lo': 45, 'rsi_hi': 73, 'rsi_exit': 80, 'min_adx': 20, 'allowed_hours': [], 'risk_pct': 0.01, 'max_hold_bars': 144, 'use_trail': True, 'trail_ema': 21, 'tp_atr_mult': 2.5, 'stop_extra': 0.002}",11,0.0,-113.6617,0.0,-10.3329,0.2787,-31.0042,0.0163,0.0232,2886.34,-1.7333467999999996
APT-USDT,EMASTACK,"{'max_pb': 0.015, 'vol_thresh': 1.2, 'rsi_lo': 50, 'rsi_hi': 78, 'rsi_exit': 85, 'min_adx': 20, 'allowed_hours': [], 'risk_pct': 0.01, 'max_hold_bars': 144, 'use_trail': True, 'trail_ema': 21, 'tp_atr_mult': 2.5, 'stop_extra': 0.002}",11,0.0,-113.6617,0.0,-10.3329,0.2787,-31.0042,0.0163,0.0232,2886.34,-1.7333467999999996
APT-USDT,EMASTACK,"{'max_pb': 0.015, 'vol_thresh': 1.2, 'rsi_lo': 45, 'rsi_hi': 73, 'rsi_exit': 80, 'min_adx': 20, 'allowed_hours': [], 'risk_pct': 0.01, 'max_hold_bars': 144, 'use_trail': True, 'trail_ema': 21, 'tp_atr_mult': 2.5, 'stop_extra': 0.002}",11,0.0,-113.6617,0.0,-10.3329,0.2787,-31.0042,0.0163,0.0232,2886.34,-1.7333467999999996
LIT-USDT,EMASTACK,"{'max_pb': 0.015, 'vol_thresh': 1.2, 'rsi_lo': 50, 'rsi_hi': 78, 'rsi_exit': 85, 'min_adx': 20, 'allowed_hours': [8, 9, 10, 14, 15, 16, 17, 18, 19, 20, 21], 'risk_pct': 0.01, 'max_hold_bars': 144, 'use_trail': True, 'trail_ema': 21, 'tp_atr_mult': 2.5, 'stop_extra': 0.002}",10,0.0,-115.4642,0.0,-11.5464,0.2778,-23.6248,0.0165,0.0207,2884.54,-1.7396568000000001
LIT-USDT,EMASTACK,"{'max_pb': 0.015, 'vol_thresh': 1.2, 'rsi_lo': 45, 'rsi_hi': 73, 'rsi_exit': 80, 'min_adx': 20, 'allowed_hours': [8, 9, 10, 14, 15, 16, 17, 18, 19, 20, 21], 'risk_pct': 0.01, 'max_hold_bars': 144, 'use_trail': True, 'trail_ema': 21, 'tp_atr_mult': 2.5, 'stop_extra': 0.002}",10,0.0,-115.4642,0.0,-11.5464,0.2778,-23.6248,0.0165,0.0207,2884.54,-1.7396568000000001
LIT-USDT,EMASTACK,"{'max_pb': 0.015, 'vol_thresh': 1.2, 'rsi_lo': 38, 'rsi_hi': 66, 'rsi_exit': 73, 'min_adx': 15, 'allowed_hours': [8, 9, 10, 14, 15, 16, 17, 18, 19, 20, 21], 'risk_pct': 0.01, 'max_hold_bars': 144, 'use_trail': True, 'trail_ema': 21, 'tp_atr_mult': 2.5, 'stop_extra': 0.002}",10,0.0,-115.6351,0.0,-11.5635,0.2778,-23.7764,0.0128,0.0191,2884.36,-1.7403404
LIT-USDT,EMASTACK,"{'max_pb': 0.015, 'vol_thresh': 1.2, 'rsi_lo': 45, 'rsi_hi': 73, 'rsi_exit': 80, 'min_adx': 15, 'allowed_hours': [8, 9, 10, 14, 15, 16, 17, 18, 19, 20, 21], 'risk_pct': 0.01, 'max_hold_bars': 144, 'use_trail': True, 'trail_ema': 21, 'tp_atr_mult': 2.5, 'stop_extra': 0.002}",11,0.0,-118.5798,0.0,-10.78,0.2786,-22.0394,0.0165,0.0192,2881.42,-1.7529192
LIT-USDT,EMASTACK,"{'max_pb': 0.015, 'vol_thresh': 1.2, 'rsi_lo': 50, 'rsi_hi': 78, 'rsi_exit': 85, 'min_adx': 15, 'allowed_hours': [8, 9, 10, 14, 15, 16, 17, 18, 19, 20, 21], 'risk_pct': 0.01, 'max_hold_bars': 144, 'use_trail': True, 'trail_ema': 21, 'tp_atr_mult': 2.5, 'stop_extra': 0.002}",11,0.0,-118.5798,0.0,-10.78,0.2786,-22.0394,0.0165,0.0192,2881.42,-1.7529192
LIT-USDT,HVOL,"{'min_adx': 30, 'vol_thresh': 2.0, 'max_ext': 0.01, 'adx_exit': 20, 'allowed_hours': [], 'risk_pct': 0.01, 'max_hold_bars': 120, 'use_trail': False, 'tp_atr_mult': 2.5}",8,0.125,-194.0307,0.2102,-24.2538,0.3002,-11.5915,0.0472,0.0477,2805.97,-1.7610227999999999
APT-USDT,HVOL,"{'min_adx': 20, 'vol_thresh': 2.0, 'max_ext': 0.03, 'adx_exit': 15, 'allowed_hours': [], 'risk_pct': 0.01, 'max_hold_bars': 120, 'use_trail': False, 'tp_atr_mult': 2.5}",20,0.35,-239.7417,0.3578,-11.9871,0.3424,-7.4422,0.0548,0.0385,2760.26,-1.7646668
LIT-USDT,EMASTACK,"{'max_pb': 0.015, 'vol_thresh': 1.5, 'rsi_lo': 38, 'rsi_hi': 66, 'rsi_exit': 73, 'min_adx': 25, 'allowed_hours': [], 'risk_pct': 0.01, 'max_hold_bars': 144, 'use_trail': True, 'trail_ema': 21, 'tp_atr_mult': 2.5, 'stop_extra': 0.002}",10,0.0,-122.5114,0.0,-12.2511,0.2779,-28.1096,0.0101,0.0207,2877.49,-1.7679456
LIT-USDT,EMASTACK,"{'max_pb': 0.015, 'vol_thresh': 1.5, 'rsi_lo': 45, 'rsi_hi': 73, 'rsi_exit': 80, 'min_adx': 25, 'allowed_hours': [], 'risk_pct': 0.01, 'max_hold_bars': 144, 'use_trail': True, 'trail_ema': 21, 'tp_atr_mult': 2.5, 'stop_extra': 0.002}",10,0.0,-122.5114,0.0,-12.2511,0.2779,-28.1096,0.0101,0.0207,2877.49,-1.7679456
LIT-USDT,EMASTACK,"{'max_pb': 0.015, 'vol_thresh': 1.5, 'rsi_lo': 50, 'rsi_hi': 78, 'rsi_exit': 85, 'min_adx': 25, 'allowed_hours': [], 'risk_pct': 0.01, 'max_hold_bars': 144, 'use_trail': True, 'trail_ema': 21, 'tp_atr_mult': 2.5, 'stop_extra': 0.002}",10,0.0,-122.5114,0.0,-12.2511,0.2779,-28.1096,0.0101,0.0207,2877.49,-1.7679456
LIT-USDT,EMASTACK,"{'max_pb': 0.015, 'vol_thresh': 1.5, 'rsi_lo': 38, 'rsi_hi': 66, 'rsi_exit': 73, 'min_adx': 20, 'allowed_hours': [], 'risk_pct': 0.01, 'max_hold_bars': 144, 'use_trail': True, 'trail_ema': 21, 'tp_atr_mult': 2.5, 'stop_extra': 0.002}",10,0.0,-122.5114,0.0,-12.2511,0.2779,-28.1096,0.0101,0.0207,2877.49,-1.7679456
APT-USDT,HVOL,"{'min_adx': 25, 'vol_thresh': 1.3, 'max_ext': 0.01, 'adx_exit': 20, 'allowed_hours': [], 'risk_pct': 0.01, 'max_hold_bars': 120, 'use_trail': False, 'tp_atr_mult': 2.5}",16,0.4375,-205.7479,0.2429,-12.8592,0.3112,-8.7094,0.0457,0.0361,2794.25,-1.7698416
ONDO-USDT,HVOL,"{'min_adx': 20, 'vol_thresh': 2.0, 'max_ext': 0.01, 'adx_exit': 25, 'allowed_hours': [], 'risk_pct': 0.01, 'max_hold_bars': 120, 'use_trail': False, 'tp_atr_mult': 2.5}",22,0.0,-123.3691,0.0,-5.6077,0.2811,-36.827,0.0057,0.0072,2876.63,-1.7745764
LIT-USDT,EMASTACK,"{'max_pb': 0.015, 'vol_thresh': 1.5, 'rsi_lo': 45, 'rsi_hi': 73, 'rsi_exit': 80, 'min_adx': 20, 'allowed_hours': [], 'risk_pct': 0.01, 'max_hold_bars': 144, 'use_trail': True, 'trail_ema': 21, 'tp_atr_mult': 2.5, 'stop_extra': 0.002}",11,0.0,-125.449,0.0,-11.4045,0.2786,-25.4559,0.014,0.0206,2874.55,-1.780396
LIT-USDT,EMASTACK,"{'max_pb': 0.015, 'vol_thresh': 1.5, 'rsi_lo': 50, 'rsi_hi': 78, 'rsi_exit': 85, 'min_adx': 20, 'allowed_hours': [], 'risk_pct': 0.01, 'max_hold_bars': 144, 'use_trail': True, 'trail_ema': 21, 'tp_atr_mult': 2.5, 'stop_extra': 0.002}",11,0.0,-125.449,0.0,-11.4045,0.2786,-25.4559,0.014,0.0206,2874.55,-1.780396
ONDO-USDT,HVOL,"{'min_adx': 20, 'vol_thresh': 1.5, 'max_ext': 0.01, 'adx_exit': 25, 'allowed_hours': [], 'risk_pct': 0.01, 'max_hold_bars': 120, 'use_trail': False, 'tp_atr_mult': 2.5}",31,0.0323,-144.7408,0.0486,-4.6691,0.2865,-22.9689,0.0062,0.0063,2855.26,-1.7925631999999998
APT-USDT,HVOL,"{'min_adx': 25, 'vol_thresh': 1.3, 'max_ext': 0.03, 'adx_exit': 25, 'allowed_hours': [], 'risk_pct': 0.01, 'max_hold_bars': 120, 'use_trail': False, 'tp_atr_mult': 2.5}",26,0.2692,-267.8106,0.4109,-10.3004,0.3409,-5.722,0.0403,0.033,2732.19,-1.7957924000000003
ONDO-USDT,HVOL,"{'min_adx': 20, 'vol_thresh': 1.5, 'max_ext': 0.01, 'adx_exit': 15, 'allowed_hours': [], 'risk_pct': 0.01, 'max_hold_bars': 120, 'use_trail': False, 'tp_atr_mult': 2.5}",30,0.0667,-155.3676,0.0732,-5.1789,0.2891,-18.4843,0.0064,0.0071,2844.63,-1.8007703999999998
LIT-USDT,EMASTACK,"{'max_pb': 0.015, 'vol_thresh': 1.2, 'rsi_lo': 45, 'rsi_hi': 73, 'rsi_exit': 80, 'min_adx': 20, 'allowed_hours': [], 'risk_pct': 0.01, 'max_hold_bars': 144, 'use_trail': True, 'trail_ema': 21, 'tp_atr_mult': 2.5, 'stop_extra': 0.002}",13,0.0769,-136.6442,0.0196,-10.5111,0.2847,-20.4725,0.0201,0.0204,2863.36,-1.8018768
LIT-USDT,EMASTACK,"{'max_pb': 0.015, 'vol_thresh': 1.2, 'rsi_lo': 50, 'rsi_hi': 78, 'rsi_exit': 85, 'min_adx': 20, 'allowed_hours': [], 'risk_pct': 0.01, 'max_hold_bars': 144, 'use_trail': True, 'trail_ema': 21, 'tp_atr_mult': 2.5, 'stop_extra': 0.002}",13,0.0769,-136.6442,0.0196,-10.5111,0.2847,-20.4725,0.0201,0.0204,2863.36,-1.8018768
APT-USDT,HVOL,"{'min_adx': 25, 'vol_thresh': 1.5, 'max_ext': 0.02, 'adx_exit': 25, 'allowed_hours': [], 'risk_pct': 0.01, 'max_hold_bars': 120, 'use_trail': False, 'tp_atr_mult': 2.5}",24,0.3333,-256.4289,0.3651,-10.6845,0.3366,-6.7207,0.0401,0.0339,2743.57,-1.8146655999999997
WLD-USDT,HVOL,"{'min_adx': 20, 'vol_thresh': 1.5, 'max_ext': 0.02, 'adx_exit': 25, 'allowed_hours': [], 'risk_pct': 0.01, 'max_hold_bars': 120, 'use_trail': False, 'tp_atr_mult': 2.5}",26,0.0769,-157.4195,0.0574,-6.0546,0.2902,-22.0102,0.0039,0.0081,2842.58,-1.8337780000000001
WLD-USDT,HVOL,"{'min_adx': 20, 'vol_thresh': 1.5, 'max_ext': 0.03, 'adx_exit': 25, 'allowed_hours': [], 'risk_pct': 0.01, 'max_hold_bars': 120, 'use_trail': False, 'tp_atr_mult': 2.5}",26,0.0769,-157.4195,0.0574,-6.0546,0.2902,-22.0102,0.0039,0.0081,2842.58,-1.8337780000000001
LIT-USDT,HVOL,"{'min_adx': 30, 'vol_thresh': 2.0, 'max_ext': 0.02, 'adx_exit': 20, 'allowed_hours': [], 'risk_pct': 0.01, 'max_hold_bars': 120, 'use_trail': False, 'tp_atr_mult': 2.5}",11,0.1818,-224.2221,0.2466,-20.3838,0.3077,-10.2927,0.049,0.0454,2775.78,-1.8346884
WLD-USDT,HVOL,"{'min_adx': 20, 'vol_thresh': 1.5, 'max_ext': 0.01, 'adx_exit': 25, 'allowed_hours': [], 'risk_pct': 0.01, 'max_hold_bars': 120, 'use_trail': False, 'tp_atr_mult': 2.5}",26,0.0769,-160.3336,0.0564,-6.1667,0.291,-22.1607,0.0037,0.0083,2839.67,-1.8477343999999998
WLD-USDT,HVOL,"{'min_adx': 20, 'vol_thresh': 1.5, 'max_ext': 0.03, 'adx_exit': 15, 'allowed_hours': [], 'risk_pct': 0.01, 'max_hold_bars': 120, 'use_trail': False, 'tp_atr_mult': 2.5}",25,0.08,-160.9674,0.0563,-6.4387,0.2911,-20.9142,0.0046,0.0089,2839.03,-1.8505196000000002
WLD-USDT,HVOL,"{'min_adx': 20, 'vol_thresh': 1.5, 'max_ext': 0.02, 'adx_exit': 15, 'allowed_hours': [], 'risk_pct': 0.01, 'max_hold_bars': 120, 'use_trail': False, 'tp_atr_mult': 2.5}",25,0.08,-160.9674,0.0563,-6.4387,0.2911,-20.9142,0.0046,0.0089,2839.03,-1.8505196000000002
LIT-USDT,HVOL,"{'min_adx': 20, 'vol_thresh': 1.3, 'max_ext': 0.03, 'adx_exit': 25, 'allowed_hours': [], 'risk_pct': 0.01, 'max_hold_bars': 120, 'use_trail': False, 'tp_atr_mult': 2.5}",31,0.2581,-359.3291,0.5075,-11.5913,0.3496,-4.5666,0.0496,0.0459,2640.67,-1.8523064000000007
WLD-USDT,HVOL,"{'min_adx': 20, 'vol_thresh': 1.3, 'max_ext': 0.03, 'adx_exit': 15, 'allowed_hours': [], 'risk_pct': 0.01, 'max_hold_bars': 120, 'use_trail': False, 'tp_atr_mult': 2.5}",26,0.0769,-161.7776,0.0561,-6.2222,0.2913,-20.1056,0.0048,0.0086,2838.22,-1.8542604000000003
WLD-USDT,HVOL,"{'min_adx': 20, 'vol_thresh': 1.3, 'max_ext': 0.02, 'adx_exit': 15, 'allowed_hours': [], 'risk_pct': 0.01, 'max_hold_bars': 120, 'use_trail': False, 'tp_atr_mult': 2.5}",26,0.0769,-161.7776,0.0561,-6.2222,0.2913,-20.1056,0.0048,0.0086,2838.22,-1.8542604000000003
WLD-USDT,HVOL,"{'min_adx': 20, 'vol_thresh': 1.5, 'max_ext': 0.01, 'adx_exit': 15, 'allowed_hours': [], 'risk_pct': 0.01, 'max_hold_bars': 120, 'use_trail': False, 'tp_atr_mult': 2.5}",25,0.08,-163.8778,0.0554,-6.5551,0.2919,-21.1303,0.0045,0.009,2836.12,-1.8643112000000004
WLD-USDT,HVOL,"{'min_adx': 20, 'vol_thresh': 1.5, 'max_ext': 0.02, 'adx_exit': 20, 'allowed_hours': [], 'risk_pct': 0.01, 'max_hold_bars': 120, 'use_trail': False, 'tp_atr_mult': 2.5}",26,0.0769,-164.1407,0.0552,-6.3131,0.2919,-21.4456,0.0041,0.0086,2835.86,-1.8656628
WLD-USDT,HVOL,"{'min_adx': 20, 'vol_thresh': 1.5, 'max_ext': 0.03, 'adx_exit': 20, 'allowed_hours': [], 'risk_pct': 0.01, 'max_hold_bars': 120, 'use_trail': False, 'tp_atr_mult': 2.5}",26,0.0769,-164.1407,0.0552,-6.3131,0.2919,-21.4456,0.0041,0.0086,2835.86,-1.8656628
WLD-USDT,HVOL,"{'min_adx': 20, 'vol_thresh': 1.3, 'max_ext': 0.01, 'adx_exit': 15, 'allowed_hours': [], 'risk_pct': 0.01, 'max_hold_bars': 120, 'use_trail': False, 'tp_atr_mult': 2.5}",26,0.0769,-164.6872,0.0551,-6.3341,0.2921,-20.2985,0.0047,0.0088,2835.31,-1.8681988
LIT-USDT,HVOL,"{'min_adx': 25, 'vol_thresh': 1.3, 'max_ext': 0.02, 'adx_exit': 25, 'allowed_hours': [], 'risk_pct': 0.01, 'max_hold_bars': 120, 'use_trail': False, 'tp_atr_mult': 2.5}",24,0.2917,-300.7045,0.4521,-12.5294,0.3482,-5.0456,0.0474,0.0429,2699.3,-1.8728680000000002
WLD-USDT,HVOL,"{'min_adx': 20, 'vol_thresh': 1.5, 'max_ext': 0.01, 'adx_exit': 20, 'allowed_hours': [], 'risk_pct': 0.01, 'max_hold_bars': 120, 'use_trail': False, 'tp_atr_mult': 2.5}",26,0.0769,-167.0479,0.0543,-6.4249,0.2926,-21.6375,0.0039,0.0088,2832.95,-1.8793415999999998
WLD-USDT,HVOL,"{'min_adx': 20, 'vol_thresh': 1.3, 'max_ext': 0.03, 'adx_exit': 25, 'allowed_hours': [], 'risk_pct': 0.01, 'max_hold_bars': 120, 'use_trail': False, 'tp_atr_mult': 2.5}",28,0.0714,-168.8781,0.0537,-6.0314,0.2931,-21.7113,0.0041,0.0082,2831.12,-1.8880624
WLD-USDT,HVOL,"{'min_adx': 20, 'vol_thresh': 1.3, 'max_ext': 0.02, 'adx_exit': 25, 'allowed_hours': [], 'risk_pct': 0.01, 'max_hold_bars': 120, 'use_trail': False, 'tp_atr_mult': 2.5}",28,0.0714,-168.8781,0.0537,-6.0314,0.2931,-21.7113,0.0041,0.0082,2831.12,-1.8880624
LIT-USDT,HVOL,"{'min_adx': 25, 'vol_thresh': 1.3, 'max_ext': 0.02, 'adx_exit': 15, 'allowed_hours': [], 'risk_pct': 0.01, 'max_hold_bars': 120, 'use_trail': False, 'tp_atr_mult': 2.5}",20,0.2,-316.2449,0.4504,-15.8122,0.3486,-4.8906,0.0709,0.0468,2683.76,-1.8942196000000002
WLD-USDT,HVOL,"{'min_adx': 20, 'vol_thresh': 1.3, 'max_ext': 0.01, 'adx_exit': 25, 'allowed_hours': [], 'risk_pct': 0.01, 'max_hold_bars': 120, 'use_trail': False, 'tp_atr_mult': 2.5}",28,0.0714,-171.7804,0.0529,-6.135,0.2938,-21.8523,0.004,0.0084,2828.22,-1.9015716
WLD-USDT,HVOL,"{'min_adx': 20, 'vol_thresh': 1.3, 'max_ext': 0.02, 'adx_exit': 20, 'allowed_hours': [], 'risk_pct': 0.01, 'max_hold_bars': 120, 'use_trail': False, 'tp_atr_mult': 2.5}",28,0.0714,-174.5079,0.0521,-6.2324,0.2945,-21.2252,0.0043,0.0087,2825.49,-1.9143816000000002
WLD-USDT,HVOL,"{'min_adx': 20, 'vol_thresh': 1.3, 'max_ext': 0.03, 'adx_exit': 20, 'allowed_hours': [], 'risk_pct': 0.01, 'max_hold_bars': 120, 'use_trail': False, 'tp_atr_mult': 2.5}",28,0.0714,-174.5079,0.0521,-6.2324,0.2945,-21.2252,0.0043,0.0087,2825.49,-1.9143816000000002
WLD-USDT,HVOL,"{'min_adx': 20, 'vol_thresh': 1.3, 'max_ext': 0.01, 'adx_exit': 20, 'allowed_hours': [], 'risk_pct': 0.01, 'max_hold_bars': 120, 'use_trail': False, 'tp_atr_mult': 2.5}",28,0.0714,-177.4045,0.0513,-6.3359,0.2952,-21.3963,0.0041,0.0088,2822.6,-1.9278680000000001
LIT-USDT,HVOL,"{'min_adx': 20, 'vol_thresh': 1.5, 'max_ext': 0.02, 'adx_exit': 15, 'allowed_hours': [], 'risk_pct': 0.01, 'max_hold_bars': 120, 'use_trail': False, 'tp_atr_mult': 2.5}",20,0.2,-309.7415,0.422,-15.4871,0.35,-5.4039,0.0696,0.042,2690.26,-1.955966
LIT-USDT,HVOL,"{'min_adx': 25, 'vol_thresh': 2.0, 'max_ext': 0.01, 'adx_exit': 15, 'allowed_hours': [], 'risk_pct': 0.01, 'max_hold_bars': 120, 'use_trail': False, 'tp_atr_mult': 2.5}",11,0.0909,-288.5938,0.3584,-26.2358,0.3404,-6.5072,0.0452,0.0579,2711.41,-1.9571752
LIT-USDT,HVOL,"{'min_adx': 25, 'vol_thresh': 2.0, 'max_ext': 0.02, 'adx_exit': 15, 'allowed_hours': [], 'risk_pct': 0.01, 'max_hold_bars': 120, 'use_trail': False, 'tp_atr_mult': 2.5}",13,0.0769,-298.1536,0.3533,-22.9349,0.3504,-6.3628,0.0538,0.0556,2701.85,-2.0130643999999998
LIT-USDT,HVOL,"{'min_adx': 30, 'vol_thresh': 1.3, 'max_ext': 0.03, 'adx_exit': 25, 'allowed_hours': [], 'risk_pct': 0.01, 'max_hold_bars': 120, 'use_trail': False, 'tp_atr_mult': 2.5}",22,0.2273,-314.1334,0.386,-14.2788,0.3391,-6.3774,0.048,0.0448,2685.87,-2.0166335999999996
APT-USDT,HVOL,"{'min_adx': 20, 'vol_thresh': 1.5, 'max_ext': 0.02, 'adx_exit': 20, 'allowed_hours': [], 'risk_pct': 0.01, 'max_hold_bars': 120, 'use_trail': False, 'tp_atr_mult': 2.5}",29,0.4138,-310.1773,0.3794,-10.6958,0.3559,-6.5336,0.0391,0.0377,2689.82,-2.0275092000000003
LIT-USDT,HVOL,"{'min_adx': 25, 'vol_thresh': 1.3, 'max_ext': 0.02, 'adx_exit': 20, 'allowed_hours': [], 'risk_pct': 0.01, 'max_hold_bars': 120, 'use_trail': False, 'tp_atr_mult': 2.5}",24,0.25,-339.5117,0.421,-14.1463,0.3553,-5.5863,0.0474,0.0473,2660.49,-2.0818468
LIT-USDT,HVOL,"{'min_adx': 30, 'vol_thresh': 2.0, 'max_ext': 0.03, 'adx_exit': 25, 'allowed_hours': [], 'risk_pct': 0.01, 'max_hold_bars': 120, 'use_trail': False, 'tp_atr_mult': 2.5}",12,0.25,-267.9462,0.2117,-22.3288,0.3355,-10.3043,0.0522,0.0457,2732.05,-2.0897348
LIT-USDT,HVOL,"{'min_adx': 25, 'vol_thresh': 1.5, 'max_ext': 0.02, 'adx_exit': 15, 'allowed_hours': [], 'risk_pct': 0.01, 'max_hold_bars': 120, 'use_trail': False, 'tp_atr_mult': 2.5}",17,0.1765,-317.5337,0.3481,-18.6785,0.3519,-6.4938,0.0663,0.0431,2682.47,-2.0998848000000003
APT-USDT,HVOL,"{'min_adx': 20, 'vol_thresh': 1.3, 'max_ext': 0.02, 'adx_exit': 25, 'allowed_hours': [], 'risk_pct': 0.01, 'max_hold_bars': 120, 'use_trail': False, 'tp_atr_mult': 2.5}",32,0.25,-346.0163,0.3822,-10.813,0.3582,-6.0487,0.0355,0.0325,2653.98,-2.1689652
LIT-USDT,HVOL,"{'min_adx': 20, 'vol_thresh': 1.5, 'max_ext': 0.02, 'adx_exit': 25, 'allowed_hours': [], 'risk_pct': 0.01, 'max_hold_bars': 120, 'use_trail': False, 'tp_atr_mult': 2.5}",23,0.2609,-348.6947,0.3814,-15.1606,0.3584,-5.7113,0.0581,0.0386,2651.31,-2.1810788000000003
LIT-USDT,HVOL,"{'min_adx': 20, 'vol_thresh': 1.3, 'max_ext': 0.03, 'adx_exit': 20, 'allowed_hours': [], 'risk_pct': 0.01, 'max_hold_bars': 120, 'use_trail': False, 'tp_atr_mult': 2.5}",31,0.2258,-395.8742,0.4799,-12.7701,0.3557,-5.0062,0.0496,0.048,2604.13,-2.2193468
LIT-USDT,HVOL,"{'min_adx': 30, 'vol_thresh': 2.0, 'max_ext': 0.03, 'adx_exit': 20, 'allowed_hours': [], 'risk_pct': 0.01, 'max_hold_bars': 120, 'use_trail': False, 'tp_atr_mult': 2.5}",12,0.25,-292.5993,0.1899,-24.3833,0.3362,-11.3702,0.0522,0.0487,2707.4,-2.2217472
LIT-USDT,HVOL,"{'min_adx': 20, 'vol_thresh': 1.5, 'max_ext': 0.02, 'adx_exit': 20, 'allowed_hours': [], 'risk_pct': 0.01, 'max_hold_bars': 120, 'use_trail': False, 'tp_atr_mult': 2.5}",23,0.2174,-356.2133,0.3766,-15.4875,0.364,-5.8822,0.0581,0.0404,2643.79,-2.2239532000000004
LIT-USDT,HVOL,"{'min_adx': 25, 'vol_thresh': 2.0, 'max_ext': 0.01, 'adx_exit': 25, 'allowed_hours': [], 'risk_pct': 0.01, 'max_hold_bars': 120, 'use_trail': False, 'tp_atr_mult': 2.5}",11,0.0909,-286.6641,0.1601,-26.0604,0.3211,-13.0084,0.0411,0.0472,2713.34,-2.2276064
LIT-USDT,HVOL,"{'min_adx': 30, 'vol_thresh': 1.5, 'max_ext': 0.02, 'adx_exit': 25, 'allowed_hours': [], 'risk_pct': 0.01, 'max_hold_bars': 120, 'use_trail': False, 'tp_atr_mult': 2.5}",15,0.2,-311.2639,0.2385,-20.7509,0.3433,-8.0736,0.0546,0.0379,2688.74,-2.2306055999999996
LIT-USDT,HVOL,"{'min_adx': 30, 'vol_thresh': 1.3, 'max_ext': 0.03, 'adx_exit': 20, 'allowed_hours': [], 'risk_pct': 0.01, 'max_hold_bars': 120, 'use_trail': False, 'tp_atr_mult': 2.5}",22,0.2273,-355.1838,0.3552,-16.1447,0.3455,-7.0442,0.048,0.049,2644.82,-2.2334352
LIT-USDT,HVOL,"{'min_adx': 25, 'vol_thresh': 2.0, 'max_ext': 0.02, 'adx_exit': 25, 'allowed_hours': [], 'risk_pct': 0.01, 'max_hold_bars': 120, 'use_trail': False, 'tp_atr_mult': 2.5}",14,0.2143,-304.4357,0.1961,-21.7454,0.3335,-10.9685,0.0452,0.0433,2695.56,-2.2570927999999997
APT-USDT,HVOL,"{'min_adx': 20, 'vol_thresh': 1.3, 'max_ext': 0.03, 'adx_exit': 25, 'allowed_hours': [], 'risk_pct': 0.01, 'max_hold_bars': 120, 'use_trail': False, 'tp_atr_mult': 2.5}",34,0.2353,-370.2756,0.3812,-10.8905,0.3656,-6.417,0.0352,0.0331,2629.72,-2.2749023999999998
APT-USDT,HVOL,"{'min_adx': 20, 'vol_thresh': 1.5, 'max_ext': 0.02, 'adx_exit': 25, 'allowed_hours': [], 'risk_pct': 0.01, 'max_hold_bars': 120, 'use_trail': False, 'tp_atr_mult': 2.5}",31,0.2903,-359.9208,0.3446,-11.6103,0.3616,-7.3174,0.0347,0.0349,2640.08,-2.2843831999999997
LIT-USDT,HVOL,"{'min_adx': 25, 'vol_thresh': 2.0, 'max_ext': 0.02, 'adx_exit': 20, 'allowed_hours': [], 'risk_pct': 0.01, 'max_hold_bars': 120, 'use_trail': False, 'tp_atr_mult': 2.5}",14,0.1429,-322.7526,0.184,-23.0538,0.3353,-11.9189,0.0452,0.0482,2677.25,-2.3503103999999997
LIT-USDT,HVOL,"{'min_adx': 25, 'vol_thresh': 2.0, 'max_ext': 0.01, 'adx_exit': 20, 'allowed_hours': [], 'risk_pct': 0.01, 'max_hold_bars': 120, 'use_trail': False, 'tp_atr_mult': 2.5}",11,0.0909,-316.4824,0.1399,-28.7711,0.3275,-14.4689,0.0411,0.0531,2683.52,-2.3835796
LIT-USDT,HVOL,"{'min_adx': 20, 'vol_thresh': 2.0, 'max_ext': 0.01, 'adx_exit': 25, 'allowed_hours': [], 'risk_pct': 0.01, 'max_hold_bars': 120, 'use_trail': False, 'tp_atr_mult': 2.5}",12,0.0833,-331.5443,0.1415,-27.6287,0.3326,-14.1542,0.049,0.0505,2668.46,-2.4465272000000002
LIT-USDT,HVOL,"{'min_adx': 30, 'vol_thresh': 1.5, 'max_ext': 0.02, 'adx_exit': 20, 'allowed_hours': [], 'risk_pct': 0.01, 'max_hold_bars': 120, 'use_trail': False, 'tp_atr_mult': 2.5}",15,0.1333,-355.7913,0.2004,-23.7194,0.3489,-9.4856,0.0546,0.0422,2644.21,-2.4714652
LIT-USDT,HVOL,"{'min_adx': 20, 'vol_thresh': 2.0, 'max_ext': 0.02, 'adx_exit': 25, 'allowed_hours': [], 'risk_pct': 0.01, 'max_hold_bars': 120, 'use_trail': False, 'tp_atr_mult': 2.5}",15,0.2,-349.0219,0.175,-23.2681,0.3447,-11.9115,0.0513,0.0461,2650.98,-2.4782876000000003
LIT-USDT,HVOL,"{'min_adx': 25, 'vol_thresh': 1.5, 'max_ext': 0.02, 'adx_exit': 25, 'allowed_hours': [], 'risk_pct': 0.01, 'max_hold_bars': 120, 'use_trail': False, 'tp_atr_mult': 2.5}",21,0.2381,-389.1858,0.2862,-18.5327,0.3685,-7.3032,0.0511,0.0395,2610.81,-2.4959432
LIT-USDT,HVOL,"{'min_adx': 25, 'vol_thresh': 1.3, 'max_ext': 0.03, 'adx_exit': 15, 'allowed_hours': [], 'risk_pct': 0.01, 'max_hold_bars': 120, 'use_trail': False, 'tp_atr_mult': 2.5}",25,0.2,-440.1238,0.3943,-17.605,0.3645,-6.5351,0.0531,0.0546,2559.88,-2.5335452000000003
LIT-USDT,HVOL,"{'min_adx': 25, 'vol_thresh': 1.5, 'max_ext': 0.02, 'adx_exit': 20, 'allowed_hours': [], 'risk_pct': 0.01, 'max_hold_bars': 120, 'use_trail': False, 'tp_atr_mult': 2.5}",21,0.1905,-401.3659,0.2802,-19.1127,0.3749,-7.5771,0.0511,0.0427,2598.63,-2.5600636000000003
LIT-USDT,HVOL,"{'min_adx': 20, 'vol_thresh': 2.0, 'max_ext': 0.02, 'adx_exit': 20, 'allowed_hours': [], 'risk_pct': 0.01, 'max_hold_bars': 120, 'use_trail': False, 'tp_atr_mult': 2.5}",15,0.1333,-367.0359,0.1649,-24.4691,0.3466,-12.8668,0.0513,0.0507,2632.96,-2.5673936000000004
LIT-USDT,HVOL,"{'min_adx': 20, 'vol_thresh': 2.0, 'max_ext': 0.01, 'adx_exit': 20, 'allowed_hours': [], 'risk_pct': 0.01, 'max_hold_bars': 120, 'use_trail': False, 'tp_atr_mult': 2.5}",12,0.0833,-360.8694,0.1249,-30.0724,0.3387,-15.5973,0.049,0.0559,2639.13,-2.5948276000000003
LIT-USDT,HVOL,"{'min_adx': 30, 'vol_thresh': 1.5, 'max_ext': 0.03, 'adx_exit': 25, 'allowed_hours': [], 'risk_pct': 0.01, 'max_hold_bars': 120, 'use_trail': False, 'tp_atr_mult': 2.5}",17,0.1765,-384.1091,0.1797,-22.5947,0.3586,-9.5786,0.0578,0.0398,2615.89,-2.6254864
LIT-USDT,HVOL,"{'min_adx': 30, 'vol_thresh': 1.5, 'max_ext': 0.03, 'adx_exit': 15, 'allowed_hours': [], 'risk_pct': 0.01, 'max_hold_bars': 120, 'use_trail': False, 'tp_atr_mult': 2.5}",16,0.1875,-399.2249,0.1733,-24.9516,0.3623,-10.3052,0.062,0.0431,2600.78,-2.6992496
LIT-USDT,HVOL,"{'min_adx': 30, 'vol_thresh': 1.5, 'max_ext': 0.03, 'adx_exit': 20, 'allowed_hours': [], 'risk_pct': 0.01, 'max_hold_bars': 120, 'use_trail': False, 'tp_atr_mult': 2.5}",17,0.1765,-406.5492,0.1703,-23.9147,0.3641,-10.2355,0.0578,0.0419,2593.45,-2.7348468
LIT-USDT,HVOL,"{'min_adx': 20, 'vol_thresh': 1.5, 'max_ext': 0.03, 'adx_exit': 15, 'allowed_hours': [], 'risk_pct': 0.01, 'max_hold_bars': 120, 'use_trail': False, 'tp_atr_mult': 2.5}",25,0.16,-470.8124,0.3168,-18.8325,0.3791,-7.2633,0.0643,0.047,2529.19,-2.7871496000000002
LIT-USDT,HVOL,"{'min_adx': 30, 'vol_thresh': 1.5, 'max_ext': 0.02, 'adx_exit': 15, 'allowed_hours': [], 'risk_pct': 0.01, 'max_hold_bars': 120, 'use_trail': False, 'tp_atr_mult': 2.5}",14,0.0714,-447.0898,0.1333,-31.935,0.3633,-12.6056,0.0608,0.0506,2552.91,-2.9517092
LIT-USDT,HVOL,"{'min_adx': 20, 'vol_thresh': 2.0, 'max_ext': 0.03, 'adx_exit': 25, 'allowed_hours': [], 'risk_pct': 0.01, 'max_hold_bars': 120, 'use_trail': False, 'tp_atr_mult': 2.5}",17,0.1765,-460.6296,0.1131,-27.0959,0.3723,-14.49,0.0554,0.0476,2539.37,-3.0451683999999997
LIT-USDT,HVOL,"{'min_adx': 25, 'vol_thresh': 2.0, 'max_ext': 0.03, 'adx_exit': 25, 'allowed_hours': [], 'risk_pct': 0.01, 'max_hold_bars': 120, 'use_trail': False, 'tp_atr_mult': 2.5}",16,0.1875,-468.4111,0.1114,-29.2757,0.374,-13.8554,0.0506,0.0514,2531.59,-3.0805444
LIT-USDT,HVOL,"{'min_adx': 20, 'vol_thresh': 1.5, 'max_ext': 0.03, 'adx_exit': 25, 'allowed_hours': [], 'risk_pct': 0.01, 'max_hold_bars': 120, 'use_trail': False, 'tp_atr_mult': 2.5}",28,0.2143,-531.9426,0.2675,-18.9979,0.3824,-7.9171,0.0536,0.042,2468.06,-3.1089204
LIT-USDT,HVOL,"{'min_adx': 20, 'vol_thresh': 1.5, 'max_ext': 0.03, 'adx_exit': 20, 'allowed_hours': [], 'risk_pct': 0.01, 'max_hold_bars': 120, 'use_trail': False, 'tp_atr_mult': 2.5}",28,0.1786,-541.9544,0.2604,-19.3555,0.3872,-8.1663,0.0536,0.0436,2458.05,-3.1644175999999997
LIT-USDT,HVOL,"{'min_adx': 20, 'vol_thresh': 2.0, 'max_ext': 0.03, 'adx_exit': 20, 'allowed_hours': [], 'risk_pct': 0.01, 'max_hold_bars': 120, 'use_trail': False, 'tp_atr_mult': 2.5}",17,0.1176,-488.9566,0.0988,-28.7622,0.3743,-16.0743,0.0554,0.0507,2511.04,-3.1819263999999996
LIT-USDT,HVOL,"{'min_adx': 25, 'vol_thresh': 1.3, 'max_ext': 0.03, 'adx_exit': 25, 'allowed_hours': [], 'risk_pct': 0.01, 'max_hold_bars': 120, 'use_trail': False, 'tp_atr_mult': 2.5}",29,0.2069,-563.8468,0.2951,-19.443,0.3934,-8.1533,0.0435,0.0516,2436.15,-3.2061372
LIT-USDT,HVOL,"{'min_adx': 25, 'vol_thresh': 2.0, 'max_ext': 0.03, 'adx_exit': 20, 'allowed_hours': [], 'risk_pct': 0.01, 'max_hold_bars': 120, 'use_trail': False, 'tp_atr_mult': 2.5}",16,0.125,-496.6512,0.0974,-31.0407,0.3759,-15.3288,0.0506,0.0546,2503.35,-3.2164048000000003
LIT-USDT,HVOL,"{'min_adx': 25, 'vol_thresh': 1.5, 'max_ext': 0.03, 'adx_exit': 15, 'allowed_hours': [], 'risk_pct': 0.01, 'max_hold_bars': 120, 'use_trail': False, 'tp_atr_mult': 2.5}",22,0.1364,-551.7399,0.2218,-25.0791,0.399,-9.6315,0.0593,0.0528,2448.26,-3.2732596000000003
LIT-USDT,HVOL,"{'min_adx': 25, 'vol_thresh': 1.3, 'max_ext': 0.03, 'adx_exit': 20, 'allowed_hours': [], 'risk_pct': 0.01, 'max_hold_bars': 120, 'use_trail': False, 'tp_atr_mult': 2.5}",29,0.1724,-602.3363,0.2776,-20.7702,0.403,-8.7121,0.0435,0.0547,2397.66,-3.3959452000000003
LIT-USDT,HVOL,"{'min_adx': 25, 'vol_thresh': 1.5, 'max_ext': 0.03, 'adx_exit': 25, 'allowed_hours': [], 'risk_pct': 0.01, 'max_hold_bars': 120, 'use_trail': False, 'tp_atr_mult': 2.5}",25,0.2,-593.5942,0.1848,-23.7438,0.3982,-9.8549,0.0493,0.0471,2406.41,-3.4953768
LIT-USDT,HVOL,"{'min_adx': 20, 'vol_thresh': 2.0, 'max_ext': 0.01, 'adx_exit': 15, 'allowed_hours': [], 'risk_pct': 0.01, 'max_hold_bars': 120, 'use_trail': False, 'tp_atr_mult': 2.5}",11,0.0,-545.7462,0.0,-49.6133,0.385,-23.081,0.0413,0.0578,2454.25,-3.5679847999999996
LIT-USDT,HVOL,"{'min_adx': 25, 'vol_thresh': 1.5, 'max_ext': 0.03, 'adx_exit': 20, 'allowed_hours': [], 'risk_pct': 0.01, 'max_hold_bars': 120, 'use_trail': False, 'tp_atr_mult': 2.5}",25,0.16,-608.1192,0.1775,-24.3248,0.4037,-10.2237,0.0493,0.0498,2391.88,-3.5699268
LIT-USDT,HVOL,"{'min_adx': 20, 'vol_thresh': 2.0, 'max_ext': 0.02, 'adx_exit': 15, 'allowed_hours': [], 'risk_pct': 0.01, 'max_hold_bars': 120, 'use_trail': False, 'tp_atr_mult': 2.5}",13,0.0,-554.3993,0.0,-42.6461,0.388,-21.2135,0.0505,0.0555,2445.6,-3.6055972
LIT-USDT,HVOL,"{'min_adx': 25, 'vol_thresh': 2.0, 'max_ext': 0.03, 'adx_exit': 15, 'allowed_hours': [], 'risk_pct': 0.01, 'max_hold_bars': 120, 'use_trail': False, 'tp_atr_mult': 2.5}",14,0.0714,-577.0662,0.0027,-41.219,0.3937,-19.7133,0.0552,0.0495,2422.93,-3.6979148000000004
LIT-USDT,HVOL,"{'min_adx': 20, 'vol_thresh': 2.0, 'max_ext': 0.03, 'adx_exit': 15, 'allowed_hours': [], 'risk_pct': 0.01, 'max_hold_bars': 120, 'use_trail': False, 'tp_atr_mult': 2.5}",16,0.0625,-664.1106,0.0022,-41.5069,0.4155,-20.4553,0.0554,0.0534,2335.89,-4.0686424
